ISO-10303-21;
HEADER;
FILE_DESCRIPTION (( 'STEP AP214' ),
    '1' );
FILE_NAME ('30-80.STEP',
    '2026-01-20T02:43:41',
    ( '' ),
    ( '' ),
    'SwSTEP 2.0',
    'SolidWorks 2025',
    '' );
FILE_SCHEMA (( 'AUTOMOTIVE_DESIGN' ));
ENDSEC;

DATA;
#1 = EDGE_CURVE ( 'NONE', #7523, #9072, #6149, .T. ) ;
#2 = EDGE_CURVE ( 'NONE', #2413, #6207, #2157, .T. ) ;
#3 = EDGE_CURVE ( 'NONE', #367, #3318, #1263, .T. ) ;
#4 = LINE ( 'NONE', #7913, #2552 ) ;
#5 = CARTESIAN_POINT ( 'NONE',  ( 17.50615648315908857, 8.814447525917151083, 0.000000000000000000 ) ) ;
#6 = VERTEX_POINT ( 'NONE', #6386 ) ;
#7 = CARTESIAN_POINT ( 'NONE',  ( -21.21762239271860651, 12.25000000000024691, 8.000000000000000000 ) ) ;
#8 = ORIENTED_EDGE ( 'NONE', *, *, #7572, .T. ) ;
#9 = DIRECTION ( 'NONE',  ( -0.000000000000000000, -0.000000000000000000, -1.000000000000000000 ) ) ;
#10 = LINE ( 'NONE', #2204, #8280 ) ;
#11 = LINE ( 'NONE', #1555, #1885 ) ;
#12 = EDGE_CURVE ( 'NONE', #4210, #3598, #9119, .T. ) ;
#13 = DIRECTION ( 'NONE',  ( -0.000000000000000000, -0.000000000000000000, 1.000000000000000000 ) ) ;
#14 = DIRECTION ( 'NONE',  ( 1.000000000000000000, 0.000000000000000000, 0.000000000000000000 ) ) ;
#15 = CARTESIAN_POINT ( 'NONE',  ( -3.799999999999999378, -29.42228541284574206, 3.333345144933820947 ) ) ;
#16 = AXIS2_PLACEMENT_3D ( 'NONE', #4499, #2915, #6623 ) ;
#17 = FACE_OUTER_BOUND ( 'NONE', #7315, .T. ) ;
#18 = ORIENTED_EDGE ( 'NONE', *, *, #8504, .F. ) ;
#19 = ORIENTED_EDGE ( 'NONE', *, *, #54, .T. ) ;
#20 = ORIENTED_EDGE ( 'NONE', *, *, #6520, .T. ) ;
#21 = CARTESIAN_POINT ( 'NONE',  ( -6.589885950285907512, 30.38227702100819627, 0.000000000000000000 ) ) ;
#22 = EDGE_CURVE ( 'NONE', #4889, #6223, #4152, .T. ) ;
#23 = DIRECTION ( 'NONE',  ( 1.000000000000000000, 6.938893903907202740E-16, 0.000000000000000000 ) ) ;
#24 = DIRECTION ( 'NONE',  ( -0.000000000000000000, -0.000000000000000000, -1.000000000000000000 ) ) ;
#25 = CARTESIAN_POINT ( 'NONE',  ( 25.19406861883199511, 5.248764295590000017, 7.500000000000007105 ) ) ;
#26 = CYLINDRICAL_SURFACE ( 'NONE', #1007, 1.500000000000001332 ) ;
#27 = ORIENTED_EDGE ( 'NONE', *, *, #6069, .T. ) ;
#28 = LINE ( 'NONE', #5005, #2746 ) ;
#29 = EDGE_CURVE ( 'NONE', #5354, #3969, #4263, .T. ) ;
#30 = ORIENTED_EDGE ( 'NONE', *, *, #3633, .F. ) ;
#31 = LINE ( 'NONE', #4118, #1357 ) ;
#32 = LINE ( 'NONE', #8539, #7507 ) ;
#33 = DIRECTION ( 'NONE',  ( 1.000000000000000000, 0.000000000000000000, 0.000000000000000000 ) ) ;
#34 = CIRCLE ( 'NONE', #7922, 2.999999999999999112 ) ;
#35 = ORIENTED_EDGE ( 'NONE', *, *, #6364, .F. ) ;
#36 = DIRECTION ( 'NONE',  ( 0.000000000000000000, 0.000000000000000000, -1.000000000000000000 ) ) ;
#37 = CARTESIAN_POINT ( 'NONE',  ( 19.99203404656099892, 0.5824583477932575581, 6.178240632414205180 ) ) ;
#38 = CONICAL_SURFACE ( 'NONE', #7762, 2.500000000000002220, 0.7853981633974557175 ) ;
#39 = DIRECTION ( 'NONE',  ( -0.000000000000000000, -0.000000000000000000, 1.000000000000000000 ) ) ;
#40 = DIRECTION ( 'NONE',  ( 0.3535533905932745635, 0.6123724356957921389, 0.7071067811865491270 ) ) ;
#41 = CARTESIAN_POINT ( 'NONE',  ( 24.96273608120150556, -16.63916486306570874, 8.000000000000000000 ) ) ;
#42 = EDGE_CURVE ( 'NONE', #1122, #2525, #1109, .T. ) ;
#43 = VECTOR ( 'NONE', #7108, 1000.000000000000000 ) ;
#44 = DIRECTION ( 'NONE',  ( 0.7071067811865439090, 3.244813344487974993E-16, 0.7071067811865512365 ) ) ;
#45 = CIRCLE ( 'NONE', #4658, 1.500000000000008216 ) ;
#46 = DIRECTION ( 'NONE',  ( 0.000000000000000000, 1.000000000000000000, 0.000000000000000000 ) ) ;
#47 = DIRECTION ( 'NONE',  ( -0.000000000000000000, -0.000000000000000000, -1.000000000000000000 ) ) ;
#48 = CARTESIAN_POINT ( 'NONE',  ( 16.69791183812880675, 10.50236831605509380, 5.762741699796959161 ) ) ;
#49 = CONICAL_SURFACE ( 'NONE', #4215, 1.500000000000001332, 0.7853981633974539411 ) ;
#50 = CARTESIAN_POINT ( 'NONE',  ( 11.88507440551854266, 16.08555272209469322, 3.999999999999999112 ) ) ;
#51 = AXIS2_PLACEMENT_3D ( 'NONE', #4117, #2817, #8486 ) ;
#52 = AXIS2_PLACEMENT_3D ( 'NONE', #8511, #702, #7771 ) ;
#53 = ADVANCED_FACE ( 'NONE', ( #1372 ), #5793, .F. ) ;
#54 = EDGE_CURVE ( 'NONE', #4210, #1747, #4193, .T. ) ;
#55 = EDGE_CURVE ( 'NONE', #2856, #1815, #4245, .T. ) ;
#56 = DIRECTION ( 'NONE',  ( 1.000000000000000000, 0.000000000000000000, 0.000000000000000000 ) ) ;
#57 = VERTEX_POINT ( 'NONE', #1422 ) ;
#58 = ORIENTED_EDGE ( 'NONE', *, *, #3351, .T. ) ;
#59 = ORIENTED_EDGE ( 'NONE', *, *, #8181, .T. ) ;
#60 = CONICAL_SURFACE ( 'NONE', #1999, 1.500000000000001332, 0.7853981633974526089 ) ;
#61 = CARTESIAN_POINT ( 'NONE',  ( -6.375279373486950618, 30.90054005499241185, 0.5130151523849408868 ) ) ;
#62 = AXIS2_PLACEMENT_3D ( 'NONE', #3904, #4616, #7452 ) ;
#63 = DIRECTION ( 'NONE',  ( -0.3535533905932793930, -0.6123724356957894743, 0.7071067811865489050 ) ) ;
#64 = DIRECTION ( 'NONE',  ( 0.000000000000000000, 0.000000000000000000, -1.000000000000000000 ) ) ;
#65 = DIRECTION ( 'NONE',  ( 0.000000000000000000, 0.000000000000000000, 1.000000000000000000 ) ) ;
#66 = VECTOR ( 'NONE', #7250, 1000.000000000000000 ) ;
#67 = ORIENTED_EDGE ( 'NONE', *, *, #3860, .F. ) ;
#68 = VERTEX_POINT ( 'NONE', #756 ) ;
#69 = AXIS2_PLACEMENT_3D ( 'NONE', #8402, #4917, #1951 ) ;
#70 = ADVANCED_FACE ( 'NONE', ( #1472 ), #5123, .T. ) ;
#71 = AXIS2_PLACEMENT_3D ( 'NONE', #2260, #3443, #6283 ) ;
#72 = DIRECTION ( 'NONE',  ( 1.000000000000000000, 0.000000000000000000, 0.000000000000000000 ) ) ;
#73 = EDGE_LOOP ( 'NONE', ( #7376, #8290, #27, #3453, #142, #5178, #6695 ) ) ;
#74 = ORIENTED_EDGE ( 'NONE', *, *, #2298, .T. ) ;
#75 = DIRECTION ( 'NONE',  ( 1.000000000000000000, 0.000000000000000000, 0.000000000000000000 ) ) ;
#76 = DIRECTION ( 'NONE',  ( -0.000000000000000000, -0.000000000000000000, 1.000000000000000000 ) ) ;
#77 = CIRCLE ( 'NONE', #6011, 2.249999999999998668 ) ;
#78 = LINE ( 'NONE', #8636, #2740 ) ;
#79 = AXIS2_PLACEMENT_3D ( 'NONE', #4287, #3534, #1552 ) ;
#80 = AXIS2_PLACEMENT_3D ( 'NONE', #7104, #3658, #721 ) ;
#81 = DIRECTION ( 'NONE',  ( -0.000000000000000000, -0.000000000000000000, -1.000000000000000000 ) ) ;
#82 = FACE_OUTER_BOUND ( 'NONE', #5447, .T. ) ;
#83 = ORIENTED_EDGE ( 'NONE', *, *, #4242, .T. ) ;
#84 = FACE_OUTER_BOUND ( 'NONE', #3640, .T. ) ;
#85 = CIRCLE ( 'NONE', #4088, 2.500000000000011102 ) ;
#86 = ORIENTED_EDGE ( 'NONE', *, *, #7983, .T. ) ;
#87 = DIRECTION ( 'NONE',  ( -0.6661197751396954470, -0.7458447862443241538, 0.000000000000000000 ) ) ;
#88 = AXIS2_PLACEMENT_3D ( 'NONE', #2203, #7269, #7079 ) ;
#89 = ORIENTED_EDGE ( 'NONE', *, *, #3446, .F. ) ;
#90 = CARTESIAN_POINT ( 'NONE',  ( -3.799999999999999378, -21.22168702059287071, 7.500000000000007105 ) ) ;
#91 = PLANE ( 'NONE',  #3122 ) ;
#92 = CARTESIAN_POINT ( 'NONE',  ( -25.09209149177599940, 5.738254505458800558, 8.000000000000000000 ) ) ;
#93 = AXIS2_PLACEMENT_3D ( 'NONE', #663, #65, #1525 ) ;
#94 = CARTESIAN_POINT ( 'NONE',  ( -6.020671189666519929, 30.02282315984038874, 7.659969592304257446 ) ) ;
#95 = CARTESIAN_POINT ( 'NONE',  ( -4.162852879477680013, -20.07288359712762116, 3.500000000000000444 ) ) ;
#96 = ADVANCED_FACE ( 'NONE', ( #7093 ), #4300, .F. ) ;
#97 = DIRECTION ( 'NONE',  ( 1.000000000000000000, 0.000000000000000000, 0.000000000000000000 ) ) ;
#98 = EDGE_LOOP ( 'NONE', ( #4519, #8026, #7086, #6129 ) ) ;
#99 = CARTESIAN_POINT ( 'NONE',  ( -3.911192109540838846, 29.23957209471892327, 8.000000000000000000 ) ) ;
#100 = FACE_OUTER_BOUND ( 'NONE', #7454, .T. ) ;
#101 = CARTESIAN_POINT ( 'NONE',  ( -4.440114831708079635, -19.75114627148065694, 3.243868211372838761 ) ) ;
#102 = CARTESIAN_POINT ( 'NONE',  ( 18.96762239271869888, -12.25000000000009948, -0.001000000000000132727 ) ) ;
#103 = ADVANCED_FACE ( 'NONE', ( #1397 ), #3327, .T. ) ;
#104 = VECTOR ( 'NONE', #1498, 1000.000000000000000 ) ;
#105 = DIRECTION ( 'NONE',  ( 1.000000000000000000, -8.673617379884043361E-16, 0.000000000000000000 ) ) ;
#106 = CARTESIAN_POINT ( 'NONE',  ( -5.202722156643618590, 29.45880955891292174, -0.000000000000000000 ) ) ;
#107 = VERTEX_POINT ( 'NONE', #7963 ) ;
#108 = ORIENTED_EDGE ( 'NONE', *, *, #8588, .F. ) ;
#109 = ORIENTED_EDGE ( 'NONE', *, *, #2099, .T. ) ;
#110 = CARTESIAN_POINT ( 'NONE',  ( -6.311287385054698440, 30.82194727704311177, 0.5127377663409528052 ) ) ;
#111 = ORIENTED_EDGE ( 'NONE', *, *, #8341, .T. ) ;
#112 = CARTESIAN_POINT ( 'NONE',  ( 19.95322188770899174, 1.382852740965231142, 2.201029215208740730 ) ) ;
#113 = EDGE_CURVE ( 'NONE', #6501, #3209, #1598, .T. ) ;
#114 = DIRECTION ( 'NONE',  ( 0.000000000000000000, 0.000000000000000000, 1.000000000000000000 ) ) ;
#115 = EDGE_CURVE ( 'NONE', #1009, #9030, #959, .T. ) ;
#116 = DIRECTION ( 'NONE',  ( 0.7071067811865524577, 0.000000000000000000, 0.7071067811865426878 ) ) ;
#117 = EDGE_CURVE ( 'NONE', #3395, #5355, #5397, .T. ) ;
#118 = CARTESIAN_POINT ( 'NONE',  ( -4.958200144740554371, 29.60646689127699815, 6.420723688883889224 ) ) ;
#119 = VECTOR ( 'NONE', #3265, 1000.000000000000114 ) ;
#120 = ORIENTED_EDGE ( 'NONE', *, *, #3279, .T. ) ;
#121 = LINE ( 'NONE', #8038, #4695 ) ;
#122 = ORIENTED_EDGE ( 'NONE', *, *, #6676, .F. ) ;
#123 = DIRECTION ( 'NONE',  ( 1.000000000000000000, 0.000000000000000000, 0.000000000000000000 ) ) ;
#124 = CARTESIAN_POINT ( 'NONE',  ( -25.19406861883199866, 5.248764295590000017, 7.500000000000009770 ) ) ;
#125 = AXIS2_PLACEMENT_3D ( 'NONE', #420, #7513, #285 ) ;
#126 = EDGE_CURVE ( 'NONE', #626, #8969, #2875, .T. ) ;
#127 = LINE ( 'NONE', #3607, #7358 ) ;
#128 = ADVANCED_FACE ( 'NONE', ( #733 ), #3568, .F. ) ;
#129 = CARTESIAN_POINT ( 'NONE',  ( -4.258312176328801435, 29.76458406646297306, 0.5030295045486092853 ) ) ;
#130 = ORIENTED_EDGE ( 'NONE', *, *, #5969, .T. ) ;
#131 = CARTESIAN_POINT ( 'NONE',  ( 1.677272727272726804, -20.43126907948565218, 0.000000000000000000 ) ) ;
#132 = ORIENTED_EDGE ( 'NONE', *, *, #6079, .F. ) ;
#133 = EDGE_LOOP ( 'NONE', ( #6794, #1285, #715, #175, #8138, #9129 ) ) ;
#134 = LINE ( 'NONE', #6450, #5785 ) ;
#135 = ORIENTED_EDGE ( 'NONE', *, *, #5538, .F. ) ;
#136 = DIRECTION ( 'NONE',  ( 0.000000000000000000, 0.000000000000000000, -1.000000000000000000 ) ) ;
#137 = DIRECTION ( 'NONE',  ( 0.1729873939250869685, -0.9810602621904072063, -0.08715574274766210716 ) ) ;
#138 = ADVANCED_FACE ( 'NONE', ( #139 ), #5570, .T. ) ;
#139 = FACE_OUTER_BOUND ( 'NONE', #7744, .T. ) ;
#140 = DIRECTION ( 'NONE',  ( 1.000000000000000000, 4.625929269271486900E-15, 0.000000000000000000 ) ) ;
#141 = CARTESIAN_POINT ( 'NONE',  ( 17.08703448660380531, 10.18838811852061532, 0.000000000000000000 ) ) ;
#142 = ORIENTED_EDGE ( 'NONE', *, *, #8768, .T. ) ;
#143 = AXIS2_PLACEMENT_3D ( 'NONE', #8999, #4649, #8918 ) ;
#144 = FACE_OUTER_BOUND ( 'NONE', #6751, .T. ) ;
#145 = EDGE_LOOP ( 'NONE', ( #7425, #1075, #2477, #8975 ) ) ;
#146 = CARTESIAN_POINT ( 'NONE',  ( 23.29855367578807090, -15.52988720552799329, 0.000000000000000000 ) ) ;
#147 = DIRECTION ( 'NONE',  ( 0.1729873939250868853, -0.9810602621904069842, -0.08715574274766180185 ) ) ;
#148 = DIRECTION ( 'NONE',  ( 0.000000000000000000, 0.000000000000000000, 1.000000000000000000 ) ) ;
#149 = AXIS2_PLACEMENT_3D ( 'NONE', #2547, #4032, #5300 ) ;
#150 = CARTESIAN_POINT ( 'NONE',  ( -19.27852007099597387, -5.587896168346493830, -0.0009999999999992653654 ) ) ;
#151 = CARTESIAN_POINT ( 'NONE',  ( -19.34410915545089082, -5.079905607587723360, -0.0009999999999992653654 ) ) ;
#152 = EDGE_LOOP ( 'NONE', ( #8249, #3056, #8751, #2699 ) ) ;
#153 = VERTEX_POINT ( 'NONE', #8180 ) ;
#154 = CARTESIAN_POINT ( 'NONE',  ( -6.002522415277123713, 29.87276724638642378, 0.000000000000000000 ) ) ;
#155 = DIRECTION ( 'NONE',  ( -0.9848077530122085754, -0.1736481776669278609, 0.000000000000000000 ) ) ;
#156 = LINE ( 'NONE', #1572, #3619 ) ;
#157 = ORIENTED_EDGE ( 'NONE', *, *, #441, .F. ) ;
#158 = DIRECTION ( 'NONE',  ( 0.9848077530122081313, 0.1736481776669296373, 0.000000000000000000 ) ) ;
#159 = ORIENTED_EDGE ( 'NONE', *, *, #7960, .T. ) ;
#160 = EDGE_CURVE ( 'NONE', #4296, #1583, #1721, .T. ) ;
#161 = ADVANCED_FACE ( 'NONE', ( #3763 ), #8235, .F. ) ;
#162 = VERTEX_POINT ( 'NONE', #6770 ) ;
#163 = PLANE ( 'NONE',  #3729 ) ;
#164 = CARTESIAN_POINT ( 'NONE',  ( 19.34410915545085174, 5.079905607587855698, -0.0009999999999992653654 ) ) ;
#165 = CARTESIAN_POINT ( 'NONE',  ( 20.27852007099593479, 7.319946975915518905, 3.500000000000000444 ) ) ;
#166 = DIRECTION ( 'NONE',  ( 0.000000000000000000, 0.000000000000000000, 1.000000000000000000 ) ) ;
#167 = VERTEX_POINT ( 'NONE', #3895 ) ;
#168 = ORIENTED_EDGE ( 'NONE', *, *, #5782, .F. ) ;
#169 = EDGE_CURVE ( 'NONE', #2870, #3639, #6722, .T. ) ;
#170 = EDGE_CURVE ( 'NONE', #6922, #9035, #353, .T. ) ;
#171 = DIRECTION ( 'NONE',  ( -0.000000000000000000, -0.000000000000000000, 1.000000000000000000 ) ) ;
#172 = DIRECTION ( 'NONE',  ( -0.1452327902350189770, -0.6920313841442138347, 0.7071067811865435759 ) ) ;
#173 = DIRECTION ( 'NONE',  ( -0.000000000000000000, 0.000000000000000000, 1.000000000000000000 ) ) ;
#174 = DIRECTION ( 'NONE',  ( 0.000000000000000000, 0.000000000000000000, -1.000000000000000000 ) ) ;
#175 = ORIENTED_EDGE ( 'NONE', *, *, #8626, .T. ) ;
#176 = DIRECTION ( 'NONE',  ( -0.000000000000000000, -0.000000000000000000, 1.000000000000000000 ) ) ;
#177 = ADVANCED_FACE ( 'NONE', ( #3107 ), #310, .T. ) ;
#178 = ORIENTED_EDGE ( 'NONE', *, *, #4614, .T. ) ;
#179 = CARTESIAN_POINT ( 'NONE',  ( -1.650000000000016565, -2.857883832488643971, 0.000000000000000000 ) ) ;
#180 = EDGE_CURVE ( 'NONE', #5471, #2654, #5721, .T. ) ;
#181 = CARTESIAN_POINT ( 'NONE',  ( -21.27852007099586018, 5.587896168346938808, 3.500000000000000444 ) ) ;
#182 = DIRECTION ( 'NONE',  ( -0.8660254037844328234, 0.5000000000000101030, 0.000000000000000000 ) ) ;
#183 = CARTESIAN_POINT ( 'NONE',  ( -26.60108970699491593, 27.07443890921312146, 0.000000000000000000 ) ) ;
#184 = AXIS2_PLACEMENT_3D ( 'NONE', #6989, #7138, #613 ) ;
#185 = DIRECTION ( 'NONE',  ( -1.000000000000000000, 0.000000000000000000, 0.000000000000000000 ) ) ;
#186 = CIRCLE ( 'NONE', #6574, 2.999999999999999112 ) ;
#187 = AXIS2_PLACEMENT_3D ( 'NONE', #1271, #9158, #602 ) ;
#188 = LINE ( 'NONE', #2161, #1731 ) ;
#189 = EDGE_LOOP ( 'NONE', ( #2383, #2517, #9018, #460, #6843, #2990, #1931, #6399, #6179, #6091, #8818, #3917, #1983, #2879, #2624, #8248, #8572 ) ) ;
#190 = ORIENTED_EDGE ( 'NONE', *, *, #6856, .F. ) ;
#191 = CARTESIAN_POINT ( 'NONE',  ( -5.667277004210616198, 29.66852818853805118, 0.000000000000000000 ) ) ;
#192 = VECTOR ( 'NONE', #2233, 1000.000000000000000 ) ;
#193 = VECTOR ( 'NONE', #8772, 1000.000000000000000 ) ;
#194 = CYLINDRICAL_SURFACE ( 'NONE', #2128, 2.249999999999998668 ) ;
#195 = DIRECTION ( 'NONE',  ( -1.000000000000000000, 0.000000000000000000, 0.000000000000000000 ) ) ;
#196 = EDGE_CURVE ( 'NONE', #7135, #6016, #6734, .T. ) ;
#197 = ORIENTED_EDGE ( 'NONE', *, *, #3468, .F. ) ;
#198 = FACE_OUTER_BOUND ( 'NONE', #5716, .T. ) ;
#199 = ORIENTED_EDGE ( 'NONE', *, *, #3637, .T. ) ;
#200 = AXIS2_PLACEMENT_3D ( 'NONE', #4490, #8069, #8673 ) ;
#201 = DIRECTION ( 'NONE',  ( -0.000000000000000000, -0.000000000000000000, -1.000000000000000000 ) ) ;
#202 = ORIENTED_EDGE ( 'NONE', *, *, #5393, .T. ) ;
#203 = ORIENTED_EDGE ( 'NONE', *, *, #789, .F. ) ;
#204 = EDGE_LOOP ( 'NONE', ( #2848, #7166, #8614, #5149 ) ) ;
#205 = DIRECTION ( 'NONE',  ( 0.000000000000000000, 0.000000000000000000, 1.000000000000000000 ) ) ;
#206 = CARTESIAN_POINT ( 'NONE',  ( 3.799999999999999378, 21.22168702059287071, 3.500000000000000444 ) ) ;
#207 = DIRECTION ( 'NONE',  ( 1.000000000000000000, 0.000000000000000000, 0.000000000000000000 ) ) ;
#208 = DIRECTION ( 'NONE',  ( 4.588859039144119206E-16, -1.000000000000000000, 0.000000000000000000 ) ) ;
#209 = CIRCLE ( 'NONE', #2149, 2.000000000000000000 ) ;
#210 = CARTESIAN_POINT ( 'NONE',  ( 22.29855367578806380, -17.26193801309686648, 0.000000000000000000 ) ) ;
#211 = DIRECTION ( 'NONE',  ( 1.000000000000000000, 0.000000000000000000, 0.000000000000000000 ) ) ;
#212 = ORIENTED_EDGE ( 'NONE', *, *, #2026, .T. ) ;
#213 = AXIS2_PLACEMENT_3D ( 'NONE', #7911, #4277, #7213 ) ;
#214 = ORIENTED_EDGE ( 'NONE', *, *, #3217, .F. ) ;
#215 = CARTESIAN_POINT ( 'NONE',  ( -16.02383034850701193, -20.19350096351154278, 0.4999999999999831246 ) ) ;
#216 = ORIENTED_EDGE ( 'NONE', *, *, #6542, .F. ) ;
#217 = ORIENTED_EDGE ( 'NONE', *, *, #2471, .F. ) ;
#218 = DIRECTION ( 'NONE',  ( 0.000000000000000000, -1.000000000000000000, 0.000000000000000000 ) ) ;
#219 = ORIENTED_EDGE ( 'NONE', *, *, #6045, .F. ) ;
#220 = VECTOR ( 'NONE', #4504, 1000.000000000000000 ) ;
#221 = FACE_OUTER_BOUND ( 'NONE', #6125, .T. ) ;
#222 = DIRECTION ( 'NONE',  ( -1.000000000000000000, 0.000000000000000000, 0.000000000000000000 ) ) ;
#223 = CARTESIAN_POINT ( 'NONE',  ( -16.38661371934865230, -10.75355247408290360, 5.762741699796959161 ) ) ;
#224 = CARTESIAN_POINT ( 'NONE',  ( -5.245540375756433171, 29.83485928209693583, 7.516930062503492493 ) ) ;
#225 = VECTOR ( 'NONE', #911, 1000.000000000000000 ) ;
#226 = EDGE_CURVE ( 'NONE', #2563, #8961, #3475, .T. ) ;
#227 = EDGE_CURVE ( 'NONE', #7291, #6960, #2735, .T. ) ;
#228 = CONICAL_SURFACE ( 'NONE', #5880, 29.50000000000000355, 0.7853981633974552734 ) ;
#229 = VECTOR ( 'NONE', #1917, 1000.000000000000000 ) ;
#230 = DIRECTION ( 'NONE',  ( -0.000000000000000000, -0.000000000000000000, -1.000000000000000000 ) ) ;
#231 = DIRECTION ( 'NONE',  ( 1.000000000000000000, 0.000000000000000000, 0.000000000000000000 ) ) ;
#232 = LINE ( 'NONE', #8658, #263 ) ;
#233 = AXIS2_PLACEMENT_3D ( 'NONE', #5973, #7289, #3739 ) ;
#234 = DIRECTION ( 'NONE',  ( -0.000000000000000000, -0.000000000000000000, -1.000000000000000000 ) ) ;
#235 = EDGE_CURVE ( 'NONE', #5487, #5702, #8960, .T. ) ;
#236 = AXIS2_PLACEMENT_3D ( 'NONE', #1547, #2486, #1049 ) ;
#237 = EDGE_LOOP ( 'NONE', ( #6208, #4575, #4587, #6654 ) ) ;
#238 = LINE ( 'NONE', #8798, #6139 ) ;
#239 = AXIS2_PLACEMENT_3D ( 'NONE', #2949, #4200, #8624 ) ;
#240 = LINE ( 'NONE', #6565, #1969 ) ;
#241 = AXIS2_PLACEMENT_3D ( 'NONE', #3104, #1640, #3142 ) ;
#242 = CARTESIAN_POINT ( 'NONE',  ( 26.26880120609473934, 5.472666917936407138, 7.500000000000007105 ) ) ;
#243 = ORIENTED_EDGE ( 'NONE', *, *, #7404, .T. ) ;
#244 = DIRECTION ( 'NONE',  ( -0.000000000000000000, -0.000000000000000000, -1.000000000000000000 ) ) ;
#245 = CARTESIAN_POINT ( 'NONE',  ( -26.42408113730069275, 19.76785107312754164, 0.000000000000000000 ) ) ;
#246 = ORIENTED_EDGE ( 'NONE', *, *, #8712, .F. ) ;
#247 = VECTOR ( 'NONE', #3611, 1000.000000000000114 ) ;
#248 = ORIENTED_EDGE ( 'NONE', *, *, #5128, .T. ) ;
#249 = CARTESIAN_POINT ( 'NONE',  ( -25.19406861883199866, 5.248764295590002682, 0.4999999999999831801 ) ) ;
#250 = LINE ( 'NONE', #3657, #3572 ) ;
#251 = CARTESIAN_POINT ( 'NONE',  ( 8.001450586528653375, 18.32969223936009229, 3.704931223209576352 ) ) ;
#252 = CARTESIAN_POINT ( 'NONE',  ( -25.65693844375873311, 8.409608177149218378, 0.000000000000000000 ) ) ;
#253 = LINE ( 'NONE', #5951, #5559 ) ;
#254 = DIRECTION ( 'NONE',  ( -0.8660254037844413721, -0.4999999999999952816, 0.000000000000000000 ) ) ;
#255 = VERTEX_POINT ( 'NONE', #7662 ) ;
#256 = CIRCLE ( 'NONE', #1766, 20.00000000000000000 ) ;
#257 = ORIENTED_EDGE ( 'NONE', *, *, #3865, .F. ) ;
#258 = ORIENTED_EDGE ( 'NONE', *, *, #1841, .F. ) ;
#259 = EDGE_LOOP ( 'NONE', ( #5917, #7647, #9179, #2275 ) ) ;
#260 = CARTESIAN_POINT ( 'NONE',  ( -25.19406861883199511, -5.248764295590000017, -0.0009999999999992653654 ) ) ;
#261 = DIRECTION ( 'NONE',  ( 1.000000000000000000, 0.000000000000000000, 0.000000000000000000 ) ) ;
#262 = ORIENTED_EDGE ( 'NONE', *, *, #977, .T. ) ;
#263 = VECTOR ( 'NONE', #982, 1000.000000000000114 ) ;
#264 = ADVANCED_FACE ( 'NONE', ( #4818 ), #4822, .T. ) ;
#265 = AXIS2_PLACEMENT_3D ( 'NONE', #319, #3157, #8365 ) ;
#266 = DIRECTION ( 'NONE',  ( -1.000000000000000000, 0.000000000000000000, 0.000000000000000000 ) ) ;
#267 = CARTESIAN_POINT ( 'NONE',  ( -5.944886269613101959, 30.14569466239086992, 7.526035493396305398 ) ) ;
#268 = DIRECTION ( 'NONE',  ( -0.000000000000000000, -0.000000000000000000, -1.000000000000000000 ) ) ;
#269 = CARTESIAN_POINT ( 'NONE',  ( -21.21762239271860651, 12.25000000000024691, 3.500000000000000444 ) ) ;
#270 = EDGE_CURVE ( 'NONE', #524, #2803, #809, .T. ) ;
#271 = DIRECTION ( 'NONE',  ( 0.5000000000000101030, 0.8660254037844328234, 0.000000000000000000 ) ) ;
#272 = EDGE_CURVE ( 'NONE', #4780, #6424, #2009, .T. ) ;
#273 = EDGE_CURVE ( 'NONE', #8330, #6424, #1293, .T. ) ;
#274 = AXIS2_PLACEMENT_3D ( 'NONE', #3756, #6591, #218 ) ;
#275 = DIRECTION ( 'NONE',  ( 1.000000000000000000, 0.000000000000000000, 0.000000000000000000 ) ) ;
#276 = ORIENTED_EDGE ( 'NONE', *, *, #3287, .T. ) ;
#277 = ADVANCED_FACE ( 'NONE', ( #3460 ), #6906, .F. ) ;
#278 = EDGE_CURVE ( 'NONE', #162, #5263, #1986, .T. ) ;
#279 = ORIENTED_EDGE ( 'NONE', *, *, #2843, .F. ) ;
#280 = CONICAL_SURFACE ( 'NONE', #8633, 30.00000000000000000, 0.7853981633974552734 ) ;
#281 = CARTESIAN_POINT ( 'NONE',  ( 16.02383034850715404, 20.19350096351142554, -0.0009999999999992653654 ) ) ;
#282 = ORIENTED_EDGE ( 'NONE', *, *, #4639, .T. ) ;
#283 = ORIENTED_EDGE ( 'NONE', *, *, #6122, .T. ) ;
#284 = ORIENTED_EDGE ( 'NONE', *, *, #1569, .F. ) ;
#285 = DIRECTION ( 'NONE',  ( 1.000000000000000000, 0.000000000000000000, 0.000000000000000000 ) ) ;
#286 = ORIENTED_EDGE ( 'NONE', *, *, #8237, .F. ) ;
#287 = EDGE_CURVE ( 'NONE', #5263, #7608, #6957, .T. ) ;
#288 = CARTESIAN_POINT ( 'NONE',  ( -22.10385583892303529, -33.78500135619290745, 3.999999999999999112 ) ) ;
#289 = VERTEX_POINT ( 'NONE', #4065 ) ;
#290 = ORIENTED_EDGE ( 'NONE', *, *, #985, .T. ) ;
#291 = CARTESIAN_POINT ( 'NONE',  ( 28.65793844375874500, 1.358440485608200983E-14, 3.999999999999999112 ) ) ;
#292 = CARTESIAN_POINT ( 'NONE',  ( -23.99999999999999289, -2.250000000000011102, 3.999999999999999112 ) ) ;
#293 = CIRCLE ( 'NONE', #3562, 29.50000000000000000 ) ;
#294 = DIRECTION ( 'NONE',  ( 0.000000000000000000, 0.000000000000000000, 1.000000000000000000 ) ) ;
#295 = CARTESIAN_POINT ( 'NONE',  ( -11.88507440551843430, -16.08555272209477494, 3.999999999999999112 ) ) ;
#296 = DIRECTION ( 'NONE',  ( -0.8660254037844434816, 0.4999999999999915623, 0.000000000000000000 ) ) ;
#297 = CARTESIAN_POINT ( 'NONE',  ( -25.65693844375873667, -8.409608177149221930, 8.000000000000000000 ) ) ;
#298 = ORIENTED_EDGE ( 'NONE', *, *, #6242, .T. ) ;
#299 = CARTESIAN_POINT ( 'NONE',  ( -19.34410915545088727, -5.079905607587722471, 7.500000000000007105 ) ) ;
#300 = EDGE_LOOP ( 'NONE', ( #8625, #1701, #2520, #7737 ) ) ;
#301 = AXIS2_PLACEMENT_3D ( 'NONE', #2129, #533, #4260 ) ;
#302 = EDGE_LOOP ( 'NONE', ( #3702, #4621, #4423, #1441 ) ) ;
#303 = DIRECTION ( 'NONE',  ( 0.000000000000000000, 1.000000000000000000, 0.000000000000000000 ) ) ;
#304 = ORIENTED_EDGE ( 'NONE', *, *, #5367, .F. ) ;
#305 = ORIENTED_EDGE ( 'NONE', *, *, #5796, .T. ) ;
#306 = DIRECTION ( 'NONE',  ( 1.000000000000000000, 0.000000000000000000, 0.000000000000000000 ) ) ;
#307 = CARTESIAN_POINT ( 'NONE',  ( 25.19406861883199866, -5.248764295590002682, -0.0009999999999992653654 ) ) ;
#308 = CARTESIAN_POINT ( 'NONE',  ( 8.394932025663695896, 25.48578263040957381, -0.0009999999999992653654 ) ) ;
#309 = FACE_OUTER_BOUND ( 'NONE', #1923, .T. ) ;
#310 = CYLINDRICAL_SURFACE ( 'NONE', #4226, 30.00000000000000000 ) ;
#311 = LINE ( 'NONE', #8015, #7183 ) ;
#312 = CYLINDRICAL_SURFACE ( 'NONE', #1424, 1.199999999999998401 ) ;
#313 = ORIENTED_EDGE ( 'NONE', *, *, #821, .T. ) ;
#314 = FACE_OUTER_BOUND ( 'NONE', #9189, .T. ) ;
#315 = CARTESIAN_POINT ( 'NONE',  ( 25.50000000000000355, -3.780293665983593066, -0.0009999999999992653654 ) ) ;
#316 = FACE_OUTER_BOUND ( 'NONE', #8898, .T. ) ;
#317 = CARTESIAN_POINT ( 'NONE',  ( 26.26880120609473579, -5.472666917936403586, 0.4999999999999831246 ) ) ;
#318 = EDGE_CURVE ( 'NONE', #2525, #5599, #9134, .T. ) ;
#319 = CARTESIAN_POINT ( 'NONE',  ( -25.19406861883199866, 5.248764295590000017, 0.4999999999999831246 ) ) ;
#320 = ORIENTED_EDGE ( 'NONE', *, *, #6991, .T. ) ;
#321 = VERTEX_POINT ( 'NONE', #6810 ) ;
#322 = B_SPLINE_CURVE_WITH_KNOTS ( 'NONE', 3,
 ( #4289, #7170, #6466, #101, #2937, #5781, #1027, #4652 ),
 .UNSPECIFIED., .F., .F.,
 ( 4, 2, 2, 4 ),
 ( 9.697399036122160616E-19, 0.0003716695382242134974, 0.0007433390764484260190, 0.001486678152896845099 ),
 .UNSPECIFIED. ) ;
#323 = DIRECTION ( 'NONE',  ( 1.000000000000000000, 0.000000000000000000, 0.000000000000000000 ) ) ;
#324 = ORIENTED_EDGE ( 'NONE', *, *, #5287, .T. ) ;
#325 = CARTESIAN_POINT ( 'NONE',  ( 18.96762239271877704, 12.24999999999995381, 3.500000000000000444 ) ) ;
#326 = EDGE_CURVE ( 'NONE', #6961, #1835, #3033, .T. ) ;
#327 = ADVANCED_FACE ( 'NONE', ( #1340 ), #5382, .F. ) ;
#328 = ORIENTED_EDGE ( 'NONE', *, *, #1569, .T. ) ;
#329 = ADVANCED_FACE ( 'NONE', ( #7612 ), #8219, .F. ) ;
#330 = DIRECTION ( 'NONE',  ( 0.000000000000000000, 0.000000000000000000, -1.000000000000000000 ) ) ;
#331 = DIRECTION ( 'NONE',  ( 0.000000000000000000, 0.000000000000000000, 1.000000000000000000 ) ) ;
#332 = ORIENTED_EDGE ( 'NONE', *, *, #2248, .F. ) ;
#333 = ORIENTED_EDGE ( 'NONE', *, *, #3876, .F. ) ;
#334 = CARTESIAN_POINT ( 'NONE',  ( -3.800000000000002043, 24.50000000000000000, 3.500000000000000444 ) ) ;
#335 = CONICAL_SURFACE ( 'NONE', #2564, 1.500000000000010880, 0.7853981633974543852 ) ;
#336 = CIRCLE ( 'NONE', #1553, 20.49999999999999289 ) ;
#337 = DIRECTION ( 'NONE',  ( -0.000000000000000000, -0.000000000000000000, -1.000000000000000000 ) ) ;
#338 = PLANE ( 'NONE',  #2412 ) ;
#339 = CARTESIAN_POINT ( 'NONE',  ( 15.27383034850715227, 18.89446285783476753, 7.500000000000007105 ) ) ;
#340 = DIRECTION ( 'NONE',  ( 0.000000000000000000, 0.000000000000000000, 1.000000000000000000 ) ) ;
#341 = DIRECTION ( 'NONE',  ( 1.000000000000000000, 3.552713678800500929E-15, 0.000000000000000000 ) ) ;
#342 = ORIENTED_EDGE ( 'NONE', *, *, #2168, .F. ) ;
#343 = EDGE_CURVE ( 'NONE', #4853, #8784, #8110, .T. ) ;
#344 = CIRCLE ( 'NONE', #1560, 0.4000000000000010214 ) ;
#345 = CARTESIAN_POINT ( 'NONE',  ( -26.42408113730069275, 19.76785107312754164, 8.000000000000000000 ) ) ;
#346 = EDGE_LOOP ( 'NONE', ( #1221, #4439, #3251, #4449 ) ) ;
#347 = VECTOR ( 'NONE', #4530, 1000.000000000000000 ) ;
#348 = ORIENTED_EDGE ( 'NONE', *, *, #3397, .F. ) ;
#349 = EDGE_LOOP ( 'NONE', ( #8767, #328, #657, #2354 ) ) ;
#350 = DIRECTION ( 'NONE',  ( -0.1442174361344396583, 0.6922436934453175539, 0.7071067811865433539 ) ) ;
#351 = CARTESIAN_POINT ( 'NONE',  ( 17.33868083885758793, -13.82100382635909597, 0.000000000000000000 ) ) ;
#352 = FACE_OUTER_BOUND ( 'NONE', #4241, .T. ) ;
#353 = LINE ( 'NONE', #3190, #7361 ) ;
#354 = CIRCLE ( 'NONE', #7642, 4.000000000000000888 ) ;
#355 = CIRCLE ( 'NONE', #5261, 1.500000000000010880 ) ;
#356 = AXIS2_PLACEMENT_3D ( 'NONE', #5692, #2117, #7787 ) ;
#357 = LINE ( 'NONE', #6041, #8946 ) ;
#358 = DIRECTION ( 'NONE',  ( -0.3128606445978996953, -0.9497990403563201234, 0.000000000000000000 ) ) ;
#359 = VECTOR ( 'NONE', #6524, 1000.000000000000000 ) ;
#360 = AXIS2_PLACEMENT_3D ( 'NONE', #7901, #3707, #7752 ) ;
#361 = DIRECTION ( 'NONE',  ( 1.000000000000000000, 0.000000000000000000, 0.000000000000000000 ) ) ;
#362 = CARTESIAN_POINT ( 'NONE',  ( -21.21762239271860651, 12.25000000000024691, 3.500000000000000444 ) ) ;
#363 = ADVANCED_FACE ( 'NONE', ( #4692 ), #6109, .T. ) ;
#364 = VECTOR ( 'NONE', #454, 1000.000000000000114 ) ;
#365 = CIRCLE ( 'NONE', #3949, 2.250000000000000888 ) ;
#366 = ORIENTED_EDGE ( 'NONE', *, *, #7623, .T. ) ;
#367 = VERTEX_POINT ( 'NONE', #1900 ) ;
#368 = EDGE_CURVE ( 'NONE', #2497, #6711, #4734, .T. ) ;
#369 = DIRECTION ( 'NONE',  ( 1.000000000000000000, 0.000000000000000000, 0.000000000000000000 ) ) ;
#370 = EDGE_LOOP ( 'NONE', ( #7388, #2590, #376, #3910 ) ) ;
#371 = ORIENTED_EDGE ( 'NONE', *, *, #5818, .T. ) ;
#372 = DIRECTION ( 'NONE',  ( 0.1729873939250869408, -0.9810602621904069842, -0.08715574274766209328 ) ) ;
#373 = VERTEX_POINT ( 'NONE', #8990 ) ;
#374 = LINE ( 'NONE', #7424, #4880 ) ;
#375 = DIRECTION ( 'NONE',  ( -0.000000000000000000, -0.000000000000000000, -1.000000000000000000 ) ) ;
#376 = ORIENTED_EDGE ( 'NONE', *, *, #4648, .F. ) ;
#377 = ADVANCED_FACE ( 'NONE', ( #5465 ), #4774, .T. ) ;
#378 = ORIENTED_EDGE ( 'NONE', *, *, #2836, .F. ) ;
#379 = VECTOR ( 'NONE', #4894, 1000.000000000000114 ) ;
#380 = ADVANCED_FACE ( 'NONE', ( #815 ), #2085, .F. ) ;
#381 = AXIS2_PLACEMENT_3D ( 'NONE', #3859, #6645, #1025 ) ;
#382 = EDGE_CURVE ( 'NONE', #4403, #5084, #8516, .T. ) ;
#383 = CARTESIAN_POINT ( 'NONE',  ( -25.05961359711026049, -8.117321694993467673, 3.000000000000000000 ) ) ;
#384 = CARTESIAN_POINT ( 'NONE',  ( 19.92823342278361309, -1.696055010920076711, 2.514086335673062944 ) ) ;
#385 = CARTESIAN_POINT ( 'NONE',  ( 19.27852007099589215, -5.587896168346787817, 7.500000000000007105 ) ) ;
#386 = AXIS2_PLACEMENT_3D ( 'NONE', #5163, #5207, #8013 ) ;
#387 = ORIENTED_EDGE ( 'NONE', *, *, #8828, .F. ) ;
#388 = DIRECTION ( 'NONE',  ( 0.9848077530122085754, 0.1736481776669278887, -2.277825504632328891E-16 ) ) ;
#389 = VECTOR ( 'NONE', #8152, 1000.000000000000000 ) ;
#390 = ORIENTED_EDGE ( 'NONE', *, *, #5408, .T. ) ;
#391 = ORIENTED_EDGE ( 'NONE', *, *, #6136, .T. ) ;
#392 = ORIENTED_EDGE ( 'NONE', *, *, #5049, .F. ) ;
#393 = FACE_OUTER_BOUND ( 'NONE', #6002, .T. ) ;
#394 = DIRECTION ( 'NONE',  ( -1.000000000000000000, 0.000000000000000000, 0.000000000000000000 ) ) ;
#395 = EDGE_CURVE ( 'NONE', #1720, #8336, #1399, .T. ) ;
#396 = CARTESIAN_POINT ( 'NONE',  ( 0.000000000000000000, 0.000000000000000000, 8.000000000000000000 ) ) ;
#397 = EDGE_CURVE ( 'NONE', #4555, #289, #6607, .T. ) ;
#398 = AXIS2_PLACEMENT_3D ( 'NONE', #1096, #388, #5653 ) ;
#399 = CARTESIAN_POINT ( 'NONE',  ( -15.47852007099606553, -15.63379085224603848, 3.500000000000000444 ) ) ;
#400 = AXIS2_PLACEMENT_3D ( 'NONE', #2416, #147, #2980 ) ;
#401 = ORIENTED_EDGE ( 'NONE', *, *, #9124, .F. ) ;
#402 = DIRECTION ( 'NONE',  ( 0.9848077530122086864, 0.1736481776669271115, 0.000000000000000000 ) ) ;
#403 = AXIS2_PLACEMENT_3D ( 'NONE', #3863, #2382, #6692 ) ;
#404 = CARTESIAN_POINT ( 'NONE',  ( -20.00000000000000000, 0.000000000000000000, 0.4999999999999831246 ) ) ;
#405 = DIRECTION ( 'NONE',  ( -1.000000000000000000, 0.000000000000000000, 0.000000000000000000 ) ) ;
#406 = PLANE ( 'NONE',  #1976 ) ;
#407 = DIRECTION ( 'NONE',  ( 1.000000000000000000, 0.000000000000000000, 0.000000000000000000 ) ) ;
#408 = CIRCLE ( 'NONE', #2069, 2.500000000000002220 ) ;
#409 = DIRECTION ( 'NONE',  ( -0.6315674470283005881, -0.3179977356116852616, 0.7071067811865443531 ) ) ;
#410 = DIRECTION ( 'NONE',  ( 0.1729873939250869685, -0.9810602621904072063, -0.08715574274766210716 ) ) ;
#411 = ORIENTED_EDGE ( 'NONE', *, *, #1671, .F. ) ;
#412 = VECTOR ( 'NONE', #1112, 1000.000000000000000 ) ;
#413 = CARTESIAN_POINT ( 'NONE',  ( 28.65693844375873311, 8.409608177149221930, 0.4999999999999831246 ) ) ;
#414 = VERTEX_POINT ( 'NONE', #5659 ) ;
#415 = VERTEX_POINT ( 'NONE', #5054 ) ;
#416 = CARTESIAN_POINT ( 'NONE',  ( 10.25488313423546316, 17.17143601418584353, 1.764608646242188383 ) ) ;
#417 = EDGE_LOOP ( 'NONE', ( #2292, #7956, #8043, #18 ) ) ;
#418 = ORIENTED_EDGE ( 'NONE', *, *, #8531, .F. ) ;
#419 = AXIS2_PLACEMENT_3D ( 'NONE', #3422, #6815, #3240 ) ;
#420 = CARTESIAN_POINT ( 'NONE',  ( -21.27852007099586018, 5.587896168346938808, 7.500000000000007105 ) ) ;
#421 = ORIENTED_EDGE ( 'NONE', *, *, #6076, .F. ) ;
#422 = VERTEX_POINT ( 'NONE', #5760 ) ;
#423 = ORIENTED_EDGE ( 'NONE', *, *, #1443, .T. ) ;
#424 = DIRECTION ( 'NONE',  ( 0.5267003637674790850, 0.4717909778781417263, 0.7071067811865417996 ) ) ;
#425 = CARTESIAN_POINT ( 'NONE',  ( -8.789882839662547909, -17.96532697461630335, 5.790559063930194483 ) ) ;
#426 = DIRECTION ( 'NONE',  ( 1.000000000000000000, 0.000000000000000000, 0.000000000000000000 ) ) ;
#427 = ADVANCED_FACE ( 'NONE', ( #8587 ), #2584, .F. ) ;
#428 = LINE ( 'NONE', #299, #119 ) ;
#429 = EDGE_LOOP ( 'NONE', ( #6912, #8121, #1944, #217 ) ) ;
#430 = EDGE_CURVE ( 'NONE', #5816, #6060, #32, .T. ) ;
#431 = ORIENTED_EDGE ( 'NONE', *, *, #4176, .F. ) ;
#432 = ORIENTED_EDGE ( 'NONE', *, *, #3920, .F. ) ;
#433 = LINE ( 'NONE', #3270, #4039 ) ;
#434 = ORIENTED_EDGE ( 'NONE', *, *, #54, .F. ) ;
#435 = DIRECTION ( 'NONE',  ( 0.6716093422004263402, -0.2212258833615683151, 0.7071067811865505703 ) ) ;
#436 = CARTESIAN_POINT ( 'NONE',  ( -1.360023205165817945E-15, 24.50000000000000000, 8.000000000000000000 ) ) ;
#437 = DIRECTION ( 'NONE',  ( 0.4999999999999976130, 0.8660254037844400399, -0.000000000000000000 ) ) ;
#438 = CARTESIAN_POINT ( 'NONE',  ( 17.33868083885760925, -13.82100382635905156, 3.500000000000000444 ) ) ;
#439 = ORIENTED_EDGE ( 'NONE', *, *, #273, .F. ) ;
#440 = AXIS2_PLACEMENT_3D ( 'NONE', #675, #8399, #1292 ) ;
#441 = EDGE_CURVE ( 'NONE', #4493, #1811, #6350, .T. ) ;
#442 = EDGE_CURVE ( 'NONE', #563, #5041, #1867, .T. ) ;
#443 = ORIENTED_EDGE ( 'NONE', *, *, #270, .T. ) ;
#444 = LINE ( 'NONE', #3281, #8607 ) ;
#445 = DIRECTION ( 'NONE',  ( -0.000000000000000000, -0.000000000000000000, 1.000000000000000000 ) ) ;
#446 = DIRECTION ( 'NONE',  ( 1.000000000000000000, 4.336808689942006692E-15, 0.000000000000000000 ) ) ;
#447 = CARTESIAN_POINT ( 'NONE',  ( -5.239937455794446031, 29.83255648036148600, 7.516854704298905787 ) ) ;
#448 = FACE_OUTER_BOUND ( 'NONE', #6068, .T. ) ;
#449 = ORIENTED_EDGE ( 'NONE', *, *, #1258, .T. ) ;
#450 = ADVANCED_FACE ( 'NONE', ( #1532 ), #7198, .T. ) ;
#451 = CARTESIAN_POINT ( 'NONE',  ( 15.27383034850715227, 18.89446285783476753, 7.500000000000007105 ) ) ;
#452 = CARTESIAN_POINT ( 'NONE',  ( 8.726169651492748258, 22.67475652381833839, 0.4999999999999830136 ) ) ;
#453 = ORIENTED_EDGE ( 'NONE', *, *, #7850, .F. ) ;
#454 = DIRECTION ( 'NONE',  ( 0.9789804197376049677, -0.2039542541120011598, 0.000000000000000000 ) ) ;
#455 = DIRECTION ( 'NONE',  ( -1.000000000000000000, 0.000000000000000000, 0.000000000000000000 ) ) ;
#456 = CARTESIAN_POINT ( 'NONE',  ( -25.77700378179984497, 26.69918286006100061, 5.859685873117681076 ) ) ;
#457 = EDGE_LOOP ( 'NONE', ( #1769, #5556, #2508, #1801 ) ) ;
#458 = VERTEX_POINT ( 'NONE', #8635 ) ;
#459 = CARTESIAN_POINT ( 'NONE',  ( 10.12649588481013119, 17.24748258748180163, 1.749946537827019810 ) ) ;
#460 = ORIENTED_EDGE ( 'NONE', *, *, #7172, .T. ) ;
#461 =( GEOMETRIC_REPRESENTATION_CONTEXT ( 3 ) GLOBAL_UNCERTAINTY_ASSIGNED_CONTEXT ( ( #2667 ) ) GLOBAL_UNIT_ASSIGNED_CONTEXT ( ( #567, #8857, #4723 ) ) REPRESENTATION_CONTEXT ( 'NONE', 'WORKASPACE' ) );
#462 = DIRECTION ( 'NONE',  ( 1.000000000000000000, 0.000000000000000000, 0.000000000000000000 ) ) ;
#463 = CARTESIAN_POINT ( 'NONE',  ( -21.21762239271860651, 12.25000000000024691, -0.001000000000000132727 ) ) ;
#464 = CARTESIAN_POINT ( 'NONE',  ( 21.27852007099589571, -5.587896168346787817, 8.000000000000000000 ) ) ;
#465 = ORIENTED_EDGE ( 'NONE', *, *, #9008, .F. ) ;
#466 = ORIENTED_EDGE ( 'NONE', *, *, #3114, .T. ) ;
#467 = VERTEX_POINT ( 'NONE', #2819 ) ;
#468 = AXIS2_PLACEMENT_3D ( 'NONE', #5886, #8719, #2349 ) ;
#469 = DIRECTION ( 'NONE',  ( -0.9848077530122084644, -0.1736481776669281663, 0.000000000000000000 ) ) ;
#470 = EDGE_CURVE ( 'NONE', #8192, #9062, #2183, .T. ) ;
#471 = CARTESIAN_POINT ( 'NONE',  ( 7.987960088488567756, 18.33555272209468257, 3.999999999999998224 ) ) ;
#472 = VERTEX_POINT ( 'NONE', #2267 ) ;
#473 = AXIS2_PLACEMENT_3D ( 'NONE', #4823, #4693, #5418 ) ;
#474 = ORIENTED_EDGE ( 'NONE', *, *, #5815, .T. ) ;
#475 = CIRCLE ( 'NONE', #8664, 2.999999999999999112 ) ;
#476 = EDGE_LOOP ( 'NONE', ( #7796, #1131, #418, #3912 ) ) ;
#477 = VERTEX_POINT ( 'NONE', #6541 ) ;
#478 = CARTESIAN_POINT ( 'NONE',  ( 23.50000000000000000, 3.780293665983591289, 0.000000000000000000 ) ) ;
#479 = DIRECTION ( 'NONE',  ( 0.000000000000000000, 0.000000000000000000, 1.000000000000000000 ) ) ;
#480 = FACE_OUTER_BOUND ( 'NONE', #1753, .T. ) ;
#481 = DIRECTION ( 'NONE',  ( 0.000000000000000000, 0.000000000000000000, -1.000000000000000000 ) ) ;
#482 = EDGE_CURVE ( 'NONE', #1583, #1390, #2566, .T. ) ;
#483 = DIRECTION ( 'NONE',  ( 0.000000000000000000, 0.000000000000000000, 1.000000000000000000 ) ) ;
#484 = VERTEX_POINT ( 'NONE', #1386 ) ;
#485 = VECTOR ( 'NONE', #8613, 1000.000000000000000 ) ;
#486 = EDGE_LOOP ( 'NONE', ( #7321, #8647, #4686, #7004 ) ) ;
#487 = CARTESIAN_POINT ( 'NONE',  ( -17.32050807568853301, -9.999999999999973355, 0.000000000000000000 ) ) ;
#488 = CIRCLE ( 'NONE', #4811, 2.999999999999999112 ) ;
#489 = CARTESIAN_POINT ( 'NONE',  ( -19.89758473881132517, 2.022212262107901282, 3.002550863923195923 ) ) ;
#490 = EDGE_CURVE ( 'NONE', #992, #4696, #6742, .T. ) ;
#491 = AXIS2_PLACEMENT_3D ( 'NONE', #6379, #3683, #4383 ) ;
#492 = CARTESIAN_POINT ( 'NONE',  ( 8.045534904594745740, 26.42436456420327318, 0.000000000000000000 ) ) ;
#493 = CARTESIAN_POINT ( 'NONE',  ( -4.603580949757955842, 29.71628964555313246, 7.508408681050802613 ) ) ;
#494 = EDGE_CURVE ( 'NONE', #6012, #3837, #7804, .T. ) ;
#495 = ADVANCED_FACE ( 'NONE', ( #2771 ), #5613, .T. ) ;
#496 = ADVANCED_FACE ( 'NONE', ( #4964 ), #1435, .T. ) ;
#497 = EDGE_CURVE ( 'NONE', #6711, #6196, #1484, .T. ) ;
#498 = DIRECTION ( 'NONE',  ( 1.000000000000000000, 0.000000000000000000, 0.000000000000000000 ) ) ;
#499 = ORIENTED_EDGE ( 'NONE', *, *, #4082, .T. ) ;
#500 = LINE ( 'NONE', #2641, #1864 ) ;
#501 = CIRCLE ( 'NONE', #1111, 29.50000000000000355 ) ;
#502 = AXIS2_PLACEMENT_3D ( 'NONE', #2947, #9172, #2807 ) ;
#503 = ORIENTED_EDGE ( 'NONE', *, *, #2288, .F. ) ;
#504 = CARTESIAN_POINT ( 'NONE',  ( 7.576571570780108011, 24.59951591869080190, 8.000000000000000000 ) ) ;
#505 = DIRECTION ( 'NONE',  ( -0.5273919060659908453, 0.4710178100837352777, 0.7071067811865499042 ) ) ;
#506 = CARTESIAN_POINT ( 'NONE',  ( 5.272727272727272485, 19.29244274599351883, 3.500000000000000444 ) ) ;
#507 = AXIS2_PLACEMENT_3D ( 'NONE', #6993, #617, #4911 ) ;
#508 = CARTESIAN_POINT ( 'NONE',  ( 28.92388068060370188, 36.15428275412481440, 7.999999999999986677 ) ) ;
#509 = CARTESIAN_POINT ( 'NONE',  ( -21.21762239271885875, -12.24999999999980460, 8.000000000000000000 ) ) ;
#510 = AXIS2_PLACEMENT_3D ( 'NONE', #2341, #7981, #2983 ) ;
#511 = ORIENTED_EDGE ( 'NONE', *, *, #3192, .T. ) ;
#512 = ADVANCED_FACE ( 'NONE', ( #1670 ), #3773, .T. ) ;
#513 = VECTOR ( 'NONE', #4099, 1000.000000000000341 ) ;
#514 = CARTESIAN_POINT ( 'NONE',  ( 10.85108011119614346, 16.80097222213326802, 1.977478034000280438 ) ) ;
#515 = VECTOR ( 'NONE', #1930, 1000.000000000000114 ) ;
#516 = CARTESIAN_POINT ( 'NONE',  ( -23.99999999999999289, 2.249999999999990230, 3.999999999999999112 ) ) ;
#517 = CONICAL_SURFACE ( 'NONE', #1426, 1.500000000000010880, 0.7853981633974543852 ) ;
#518 = LINE ( 'NONE', #8429, #856 ) ;
#519 = DIRECTION ( 'NONE',  ( 1.000000000000000000, 0.000000000000000000, 0.000000000000000000 ) ) ;
#520 = ORIENTED_EDGE ( 'NONE', *, *, #5964, .T. ) ;
#521 = EDGE_CURVE ( 'NONE', #1529, #4780, #8042, .T. ) ;
#522 = EDGE_LOOP ( 'NONE', ( #9043, #2536, #8265, #4452 ) ) ;
#523 = CARTESIAN_POINT ( 'NONE',  ( 3.799999999999999378, 24.50000000000000000, 7.500000000000007105 ) ) ;
#524 = VERTEX_POINT ( 'NONE', #2484 ) ;
#525 = CIRCLE ( 'NONE', #5732, 1.500000000000003109 ) ;
#526 = CARTESIAN_POINT ( 'NONE',  ( 19.99197513456846664, -0.5846020943926604208, 1.822297371096436525 ) ) ;
#527 = CARTESIAN_POINT ( 'NONE',  ( 20.27852007099593479, 7.319946975915519793, 7.500000000000007105 ) ) ;
#528 = AXIS2_PLACEMENT_3D ( 'NONE', #7743, #806, #711 ) ;
#529 = VERTEX_POINT ( 'NONE', #292 ) ;
#530 = ORIENTED_EDGE ( 'NONE', *, *, #7995, .T. ) ;
#531 = CARTESIAN_POINT ( 'NONE',  ( 5.404545454545452543, 19.77475381464334703, 8.000000000000000000 ) ) ;
#532 = ORIENTED_EDGE ( 'NONE', *, *, #497, .F. ) ;
#533 = DIRECTION ( 'NONE',  ( 0.000000000000000000, 0.000000000000000000, 1.000000000000000000 ) ) ;
#534 = DIRECTION ( 'NONE',  ( 0.7071067811865474617, 3.938249088047063318E-16, 0.7071067811865475727 ) ) ;
#535 = DIRECTION ( 'NONE',  ( 0.000000000000000000, 0.000000000000000000, 1.000000000000000000 ) ) ;
#536 = DIRECTION ( 'NONE',  ( -0.000000000000000000, -0.000000000000000000, 1.000000000000000000 ) ) ;
#537 = CONICAL_SURFACE ( 'NONE', #6481, 1.500000000000001332, 0.7853981633974566057 ) ;
#538 = DIRECTION ( 'NONE',  ( -0.000000000000000000, -0.000000000000000000, -1.000000000000000000 ) ) ;
#539 = CARTESIAN_POINT ( 'NONE',  ( 20.27852007099593479, 7.319946975915519793, 3.500000000000000444 ) ) ;
#540 = AXIS2_PLACEMENT_3D ( 'NONE', #5860, #8696, #3061 ) ;
#541 = DIRECTION ( 'NONE',  ( -3.717264591378873190E-16, 1.000000000000000000, 0.000000000000000000 ) ) ;
#542 = DIRECTION ( 'NONE',  ( -0.5273919060659875147, 0.4710178100837387749, 0.7071067811865500152 ) ) ;
#543 = PLANE ( 'NONE',  #1391 ) ;
#544 = LINE ( 'NONE', #2737, #7518 ) ;
#545 = EDGE_LOOP ( 'NONE', ( #8727, #4683, #6043, #1594 ) ) ;
#546 = VECTOR ( 'NONE', #4016, 1000.000000000000114 ) ;
#547 = EDGE_CURVE ( 'NONE', #2525, #9132, #1047, .T. ) ;
#548 = DIRECTION ( 'NONE',  ( 0.9848077530122086864, 0.1736481776669271115, 0.000000000000000000 ) ) ;
#549 = ADVANCED_FACE ( 'NONE', ( #2320 ), #2397, .T. ) ;
#550 = DIRECTION ( 'NONE',  ( 1.000000000000000000, 0.000000000000000000, 0.000000000000000000 ) ) ;
#551 = DIRECTION ( 'NONE',  ( -0.4999999999999919509, 0.8660254037844432595, 0.000000000000000000 ) ) ;
#552 = CARTESIAN_POINT ( 'NONE',  ( -19.96851025650217437, 1.128528652123297560, 5.952053928631702462 ) ) ;
#553 = AXIS2_PLACEMENT_3D ( 'NONE', #4379, #271, #182 ) ;
#555 = AXIS2_PLACEMENT_3D ( 'NONE', #8160, #2752, #1175 ) ;
#554 = LINE ( 'NONE', #6975, #3780 ) ;
#556 = CARTESIAN_POINT ( 'NONE',  ( 1.636363636363637131, -19.93294544340065499, 2.999999999999746869 ) ) ;
#557 = ORIENTED_EDGE ( 'NONE', *, *, #791, .F. ) ;
#558 = CARTESIAN_POINT ( 'NONE',  ( 9.484838882799262905, 17.60997624438465081, 1.809279685798098392 ) ) ;
#559 = ADVANCED_FACE ( 'NONE', ( #1003 ), #8970, .F. ) ;
#560 = CYLINDRICAL_SURFACE ( 'NONE', #3084, 2.249999999999998668 ) ;
#561 = EDGE_CURVE ( 'NONE', #1537, #7134, #8242, .T. ) ;
#562 = CARTESIAN_POINT ( 'NONE',  ( 23.50000000000001066, -3.780293665983593510, 0.000000000000000000 ) ) ;
#563 = VERTEX_POINT ( 'NONE', #6706 ) ;
#564 = ORIENTED_EDGE ( 'NONE', *, *, #670, .T. ) ;
#565 = FACE_OUTER_BOUND ( 'NONE', #7547, .T. ) ;
#566 = ORIENTED_EDGE ( 'NONE', *, *, #9020, .T. ) ;
#567 =( LENGTH_UNIT ( ) NAMED_UNIT ( * ) SI_UNIT ( .MILLI., .METRE. ) );
#568 = AXIS2_PLACEMENT_3D ( 'NONE', #2043, #6308, #7005 ) ;
#569 = DIRECTION ( 'NONE',  ( 0.1729873939250869130, -0.9810602621904068732, -0.08715574274766207941 ) ) ;
#570 = LINE ( 'NONE', #5500, #7635 ) ;
#571 = EDGE_CURVE ( 'NONE', #6030, #5792, #4231, .T. ) ;
#572 = ORIENTED_EDGE ( 'NONE', *, *, #2841, .T. ) ;
#573 = CARTESIAN_POINT ( 'NONE',  ( 18.96762239271877704, 12.24999999999995381, 0.000000000000000000 ) ) ;
#574 = CARTESIAN_POINT ( 'NONE',  ( -25.65693844375873311, 8.409608177149218378, 8.000000000000000000 ) ) ;
#575 = ORIENTED_EDGE ( 'NONE', *, *, #3634, .T. ) ;
#576 = ORIENTED_EDGE ( 'NONE', *, *, #7867, .F. ) ;
#577 = DIRECTION ( 'NONE',  ( 1.000000000000000000, 2.312964634635740689E-15, 0.000000000000000000 ) ) ;
#578 = ORIENTED_EDGE ( 'NONE', *, *, #3072, .T. ) ;
#579 = LINE ( 'NONE', #6251, #1662 ) ;
#580 = DIRECTION ( 'NONE',  ( -0.8660254037844413721, -0.4999999999999952816, 0.000000000000000000 ) ) ;
#581 = CIRCLE ( 'NONE', #5333, 0.4000000000000010214 ) ;
#582 = CARTESIAN_POINT ( 'NONE',  ( 0.1019771270559974852, 0.4894902098687876069, 0.000000000000000000 ) ) ;
#583 = VERTEX_POINT ( 'NONE', #4501 ) ;
#584 = DIRECTION ( 'NONE',  ( 1.000000000000000000, 0.000000000000000000, 0.000000000000000000 ) ) ;
#585 = B_SPLINE_CURVE_WITH_KNOTS ( 'NONE', 3,
 ( #8264, #3464, #4778, #1862, #2724, #3328, #5564, #1990, #2039, #9041 ),
 .UNSPECIFIED., .F., .F.,
 ( 4, 2, 2, 2, 4 ),
 ( 0.000000000000000000, 0.2499999999999993339, 0.3749999999999994449, 0.4999999999999995559, 1.000000000000000000 ),
 .UNSPECIFIED. ) ;
#586 = ORIENTED_EDGE ( 'NONE', *, *, #3072, .F. ) ;
#587 = CYLINDRICAL_SURFACE ( 'NONE', #2512, 1.199999999999995959 ) ;
#588 = CARTESIAN_POINT ( 'NONE',  ( -19.97560880824217477, 0.9968249237293413945, 1.977478034000279994 ) ) ;
#589 = CARTESIAN_POINT ( 'NONE',  ( -4.995230347447515484, 29.77180083598391036, 7.513622058299176842 ) ) ;
#590 = DIRECTION ( 'NONE',  ( 1.000000000000000000, 0.000000000000000000, 0.000000000000000000 ) ) ;
#591 = CYLINDRICAL_SURFACE ( 'NONE', #3194, 30.00000000000000000 ) ;
#592 = ORIENTED_EDGE ( 'NONE', *, *, #2906, .T. ) ;
#593 = ADVANCED_FACE ( 'NONE', ( #7471 ), #2144, .F. ) ;
#594 = CARTESIAN_POINT ( 'NONE',  ( -20.49999999999999289, 0.000000000000000000, 0.000000000000000000 ) ) ;
#595 = ORIENTED_EDGE ( 'NONE', *, *, #8027, .F. ) ;
#596 = CIRCLE ( 'NONE', #629, 1.000000000000000888 ) ;
#597 = DIRECTION ( 'NONE',  ( -0.000000000000000000, -0.000000000000000000, -1.000000000000000000 ) ) ;
#598 = ORIENTED_EDGE ( 'NONE', *, *, #1921, .F. ) ;
#599 = LINE ( 'NONE', #3535, #8010 ) ;
#600 = LINE ( 'NONE', #6270, #5903 ) ;
#601 = CARTESIAN_POINT ( 'NONE',  ( -23.46762239271885875, -12.24999999999980460, 0.000000000000000000 ) ) ;
#602 = DIRECTION ( 'NONE',  ( 0.3128606445978930894, 0.9497990403563223438, 0.000000000000000000 ) ) ;
#603 = CARTESIAN_POINT ( 'NONE',  ( 11.82647848069775165, 16.12870876301903778, 3.415301160803168923 ) ) ;
#604 = EDGE_CURVE ( 'NONE', #1034, #1310, #3310, .T. ) ;
#605 = CARTESIAN_POINT ( 'NONE',  ( 11.83741295270795035, 16.12105336377663178, 4.589939230941614490 ) ) ;
#606 = DIRECTION ( 'NONE',  ( -0.6719331540025101912, -0.2202404062660762440, 0.7071067811865422437 ) ) ;
#607 = DIRECTION ( 'NONE',  ( -0.7071067811865525687, -6.133173666733662213E-16, 0.7071067811865425767 ) ) ;
#608 = ORIENTED_EDGE ( 'NONE', *, *, #2549, .T. ) ;
#609 = ORIENTED_EDGE ( 'NONE', *, *, #3898, .T. ) ;
#610 = DIRECTION ( 'NONE',  ( 0.000000000000000000, -0.000000000000000000, 1.000000000000000000 ) ) ;
#611 = CARTESIAN_POINT ( 'NONE',  ( 19.90462883931144589, 1.952558132931270674, 2.872329356188155547 ) ) ;
#612 = EDGE_CURVE ( 'NONE', #8889, #9058, #4682, .T. ) ;
#613 = DIRECTION ( 'NONE',  ( 0.8660254037844434816, -0.4999999999999915623, 0.000000000000000000 ) ) ;
#614 = EDGE_CURVE ( 'NONE', #5870, #3959, #1629, .T. ) ;
#615 = ORIENTED_EDGE ( 'NONE', *, *, #4481, .F. ) ;
#616 = LINE ( 'NONE', #2668, #6783 ) ;
#617 = DIRECTION ( 'NONE',  ( 0.000000000000000000, 0.000000000000000000, -1.000000000000000000 ) ) ;
#618 = ORIENTED_EDGE ( 'NONE', *, *, #7912, .T. ) ;
#619 = ORIENTED_EDGE ( 'NONE', *, *, #4656, .T. ) ;
#620 = LINE ( 'NONE', #6209, #6725 ) ;
#621 = DIRECTION ( 'NONE',  ( -1.000000000000000000, 0.000000000000000000, 0.000000000000000000 ) ) ;
#622 = DIRECTION ( 'NONE',  ( 1.000000000000000000, 4.336808689942025625E-15, 0.000000000000000000 ) ) ;
#623 = DIRECTION ( 'NONE',  ( -0.6661197751397005540, -0.7458447862443196019, 0.000000000000000000 ) ) ;
#624 = ADVANCED_FACE ( 'NONE', ( #1761 ), #4983, .T. ) ;
#625 = CARTESIAN_POINT ( 'NONE',  ( 28.15693844375874377, 8.409608177149221930, 0.000000000000000000 ) ) ;
#626 = VERTEX_POINT ( 'NONE', #206 ) ;
#627 = CIRCLE ( 'NONE', #5374, 2.999999999999999112 ) ;
#628 = VECTOR ( 'NONE', #350, 1000.000000000000114 ) ;
#629 = AXIS2_PLACEMENT_3D ( 'NONE', #9064, #5602, #8331 ) ;
#630 = ORIENTED_EDGE ( 'NONE', *, *, #2891, .T. ) ;
#631 = DIRECTION ( 'NONE',  ( -0.000000000000000000, -0.000000000000000000, -1.000000000000000000 ) ) ;
#632 = DIRECTION ( 'NONE',  ( 0.000000000000000000, 0.000000000000000000, -1.000000000000000000 ) ) ;
#633 = DIRECTION ( 'NONE',  ( 0.000000000000000000, 0.000000000000000000, -1.000000000000000000 ) ) ;
#634 = DIRECTION ( 'NONE',  ( 0.000000000000000000, 0.000000000000000000, -1.000000000000000000 ) ) ;
#635 = AXIS2_PLACEMENT_3D ( 'NONE', #2998, #294, #7431 ) ;
#636 = AXIS2_PLACEMENT_3D ( 'NONE', #7650, #6148, #5450 ) ;
#637 = DIRECTION ( 'NONE',  ( 0.000000000000000000, 0.9963088074654187221, 0.08584148278562846179 ) ) ;
#638 = LINE ( 'NONE', #8360, #8396 ) ;
#639 = FACE_OUTER_BOUND ( 'NONE', #6393, .T. ) ;
#640 = LINE ( 'NONE', #8609, #8444 ) ;
#641 = AXIS2_PLACEMENT_3D ( 'NONE', #3119, #5217, #8924 ) ;
#642 = DIRECTION ( 'NONE',  ( -0.000000000000000000, -0.000000000000000000, -1.000000000000000000 ) ) ;
#643 = FACE_OUTER_BOUND ( 'NONE', #2954, .T. ) ;
#644 = LINE ( 'NONE', #8965, #9146 ) ;
#645 = PLANE ( 'NONE',  #1706 ) ;
#646 = DIRECTION ( 'NONE',  ( 1.000000000000000000, 0.000000000000000000, 0.000000000000000000 ) ) ;
#647 = VECTOR ( 'NONE', #6933, 1000.000000000000114 ) ;
#648 = AXIS2_PLACEMENT_3D ( 'NONE', #5999, #9006, #407 ) ;
#649 = AXIS2_PLACEMENT_3D ( 'NONE', #6211, #9038, #3272 ) ;
#650 = DIRECTION ( 'NONE',  ( 0.9789804197376047457, 0.2039542541120019370, -0.000000000000000000 ) ) ;
#651 = VERTEX_POINT ( 'NONE', #5897 ) ;
#652 = CARTESIAN_POINT ( 'NONE',  ( 21.27852007099589571, -5.587896168346787817, 8.000000000000000000 ) ) ;
#653 = CIRCLE ( 'NONE', #7958, 1.999999999999998224 ) ;
#654 = CARTESIAN_POINT ( 'NONE',  ( 21.21762239271877704, 12.24999999999995381, 3.500000000000000444 ) ) ;
#655 = ORIENTED_EDGE ( 'NONE', *, *, #1946, .T. ) ;
#656 = EDGE_CURVE ( 'NONE', #373, #8092, #8731, .T. ) ;
#657 = ORIENTED_EDGE ( 'NONE', *, *, #3002, .F. ) ;
#658 = AXIS2_PLACEMENT_3D ( 'NONE', #2864, #76, #3606 ) ;
#659 = ORIENTED_EDGE ( 'NONE', *, *, #8791, .F. ) ;
#660 = DIRECTION ( 'NONE',  ( 0.000000000000000000, 0.000000000000000000, 1.000000000000000000 ) ) ;
#661 = LINE ( 'NONE', #4948, #2854 ) ;
#662 = CIRCLE ( 'NONE', #5726, 2.000000000000000000 ) ;
#663 = CARTESIAN_POINT ( 'NONE',  ( -24.05961359711026049, -8.117321694993467673, 0.000000000000000000 ) ) ;
#664 = CARTESIAN_POINT ( 'NONE',  ( 0.000000000000000000, 0.000000000000000000, 8.000000000000000000 ) ) ;
#665 = CIRCLE ( 'NONE', #5883, 1.500000000000006439 ) ;
#666 = VERTEX_POINT ( 'NONE', #1804 ) ;
#667 = EDGE_CURVE ( 'NONE', #8487, #1370, #6908, .T. ) ;
#668 = VERTEX_POINT ( 'NONE', #4143 ) ;
#669 = PLANE ( 'NONE',  #4829 ) ;
#670 = EDGE_CURVE ( 'NONE', #1416, #859, #1968, .T. ) ;
#671 = EDGE_CURVE ( 'NONE', #7193, #1145, #4799, .T. ) ;
#672 = VERTEX_POINT ( 'NONE', #6273 ) ;
#673 = CIRCLE ( 'NONE', #6613, 1.199999999999998401 ) ;
#674 = CARTESIAN_POINT ( 'NONE',  ( 27.67149588207851707, -11.58828355055664971, 7.500000000000007105 ) ) ;
#675 = CARTESIAN_POINT ( 'NONE',  ( 1.800000000000000711, -21.92623998774071481, 0.4999999999999831246 ) ) ;
#676 = DIRECTION ( 'NONE',  ( -0.000000000000000000, -0.000000000000000000, 1.000000000000000000 ) ) ;
#677 = CARTESIAN_POINT ( 'NONE',  ( 21.21762239271877704, 12.24999999999995381, 3.500000000000000444 ) ) ;
#678 = DIRECTION ( 'NONE',  ( -0.7458447862443241538, 0.6661197751396954470, 0.000000000000000000 ) ) ;
#679 = DIRECTION ( 'NONE',  ( 0.3535533905932709553, 0.6123724356957935822, 0.7071067811865497932 ) ) ;
#680 = ORIENTED_EDGE ( 'NONE', *, *, #2869, .F. ) ;
#681 = AXIS2_PLACEMENT_3D ( 'NONE', #2932, #2246, #5074 ) ;
#682 = ORIENTED_EDGE ( 'NONE', *, *, #8728, .T. ) ;
#683 = CARTESIAN_POINT ( 'NONE',  ( 20.00000000000000000, 0.000000000000000000, -0.0009999999999992653654 ) ) ;
#684 = EDGE_CURVE ( 'NONE', #8888, #8957, #9107, .T. ) ;
#685 = EDGE_CURVE ( 'NONE', #2611, #167, #6469, .T. ) ;
#686 = DIRECTION ( 'NONE',  ( -0.000000000000000000, -0.000000000000000000, 1.000000000000000000 ) ) ;
#687 = CARTESIAN_POINT ( 'NONE',  ( 1.677272727272727026, -20.43126907948565574, 0.000000000000000000 ) ) ;
#688 = CARTESIAN_POINT ( 'NONE',  ( -25.05961359711026049, -8.117321694993467673, 0.2999999999999947153 ) ) ;
#689 = CARTESIAN_POINT ( 'NONE',  ( -4.506786280638108266, 29.20880883761431690, 8.000000000000000000 ) ) ;
#690 = CIRCLE ( 'NONE', #3067, 1.500000000000001332 ) ;
#691 = VECTOR ( 'NONE', #3470, 1000.000000000000000 ) ;
#692 = FACE_OUTER_BOUND ( 'NONE', #5111, .T. ) ;
#693 = CARTESIAN_POINT ( 'NONE',  ( -14.07138188272340074, 14.21253713840578392, -0.0009999999999992653654 ) ) ;
#694 = ORIENTED_EDGE ( 'NONE', *, *, #6932, .F. ) ;
#695 = CARTESIAN_POINT ( 'NONE',  ( 8.051471090958266075, 24.44308559639185319, 0.4999999999999831246 ) ) ;
#696 = ORIENTED_EDGE ( 'NONE', *, *, #1187, .F. ) ;
#697 = CARTESIAN_POINT ( 'NONE',  ( -3.800000000000002043, 24.50000000000000000, 7.500000000000007105 ) ) ;
#698 = AXIS2_PLACEMENT_3D ( 'NONE', #5463, #8306, #6848 ) ;
#699 = CARTESIAN_POINT ( 'NONE',  ( -28.03258089225491290, 9.188275600959331157, 8.000000000000000000 ) ) ;
#700 = CYLINDRICAL_SURFACE ( 'NONE', #6351, 1.000000000000000888 ) ;
#701 = FACE_OUTER_BOUND ( 'NONE', #1916, .T. ) ;
#702 = DIRECTION ( 'NONE',  ( -0.000000000000000000, -0.000000000000000000, -1.000000000000000000 ) ) ;
#703 = CARTESIAN_POINT ( 'NONE',  ( -23.40961359711016954, -9.243154719913192707, 0.000000000000000000 ) ) ;
#704 = PLANE ( 'NONE',  #510 ) ;
#705 = ORIENTED_EDGE ( 'NONE', *, *, #5159, .F. ) ;
#706 = EDGE_LOOP ( 'NONE', ( #4901, #3015 ) ) ;
#707 = VECTOR ( 'NONE', #6522, 1000.000000000000227 ) ;
#708 = EDGE_LOOP ( 'NONE', ( #1138, #4601, #7277, #5342 ) ) ;
#709 = DIRECTION ( 'NONE',  ( -1.000000000000000000, 0.000000000000000000, 0.000000000000000000 ) ) ;
#710 = CARTESIAN_POINT ( 'NONE',  ( 0.000000000000000000, 0.000000000000000000, 8.000000000000000000 ) ) ;
#711 = DIRECTION ( 'NONE',  ( 1.000000000000000000, 0.000000000000000000, 0.000000000000000000 ) ) ;
#712 = CIRCLE ( 'NONE', #3700, 1.199999999999995959 ) ;
#713 = VERTEX_POINT ( 'NONE', #4291 ) ;
#714 = CARTESIAN_POINT ( 'NONE',  ( -5.800000000000000711, 21.22168702059287071, 7.500000000000007105 ) ) ;
#715 = ORIENTED_EDGE ( 'NONE', *, *, #2542, .F. ) ;
#716 = CARTESIAN_POINT ( 'NONE',  ( 21.27852007099593479, 5.587896168346640380, 3.500000000000000444 ) ) ;
#717 = ORIENTED_EDGE ( 'NONE', *, *, #6136, .F. ) ;
#718 = VERTEX_POINT ( 'NONE', #6418 ) ;
#719 = AXIS2_PLACEMENT_3D ( 'NONE', #463, #6633, #3715 ) ;
#720 = CARTESIAN_POINT ( 'NONE',  ( 20.52852007099588505, -6.886934274023448488, 8.000000000000000000 ) ) ;
#721 = DIRECTION ( 'NONE',  ( 1.000000000000000000, 1.734723475976807094E-15, 0.000000000000000000 ) ) ;
#722 = CARTESIAN_POINT ( 'NONE',  ( -4.300683022265245903, 29.76836219198867539, 0.5032413954335225315 ) ) ;
#723 = ORIENTED_EDGE ( 'NONE', *, *, #8493, .T. ) ;
#724 = EDGE_CURVE ( 'NONE', #752, #321, #7130, .T. ) ;
#725 = EDGE_CURVE ( 'NONE', #2054, #890, #8366, .T. ) ;
#726 = ORIENTED_EDGE ( 'NONE', *, *, #2595, .T. ) ;
#727 = ORIENTED_EDGE ( 'NONE', *, *, #2507, .T. ) ;
#728 = CARTESIAN_POINT ( 'NONE',  ( -14.42316642979147900, 14.56785056686592306, 8.000000000000000000 ) ) ;
#729 = CIRCLE ( 'NONE', #6530, 2.000000000000001776 ) ;
#730 = PLANE ( 'NONE',  #7674 ) ;
#731 = CARTESIAN_POINT ( 'NONE',  ( -8.778687993542964918, -17.97158722844411116, 2.201327482641103117 ) ) ;
#732 = CARTESIAN_POINT ( 'NONE',  ( 20.00000000000000000, 0.1486644897549356248, 6.250000000000001776 ) ) ;
#733 = FACE_OUTER_BOUND ( 'NONE', #1214, .T. ) ;
#734 = EDGE_CURVE ( 'NONE', #8328, #2080, #4218, .T. ) ;
#735 = DIRECTION ( 'NONE',  ( 0.6123724356958004655, 0.3535533905932736753, 0.7071067811865424657 ) ) ;
#736 = DIRECTION ( 'NONE',  ( 1.000000000000000000, 0.000000000000000000, 0.000000000000000000 ) ) ;
#737 = EDGE_CURVE ( 'NONE', #1537, #255, #5641, .T. ) ;
#738 = EDGE_CURVE ( 'NONE', #2496, #6248, #3489, .T. ) ;
#739 = CARTESIAN_POINT ( 'NONE',  ( 18.71320343559646204, 16.57757573283802799, 0.000000000000000000 ) ) ;
#740 = EDGE_CURVE ( 'NONE', #5355, #3921, #3315, .T. ) ;
#741 = VECTOR ( 'NONE', #5361, 1000.000000000000114 ) ;
#742 = EDGE_CURVE ( 'NONE', #8017, #3639, #5080, .T. ) ;
#743 = ORIENTED_EDGE ( 'NONE', *, *, #4515, .F. ) ;
#744 = DIRECTION ( 'NONE',  ( 1.000000000000000000, 0.000000000000000000, 0.000000000000000000 ) ) ;
#745 = CARTESIAN_POINT ( 'NONE',  ( 17.32050807568882078, 9.999999999999916511, 3.500000000000000444 ) ) ;
#746 = DIRECTION ( 'NONE',  ( 0.000000000000000000, 0.000000000000000000, -1.000000000000000000 ) ) ;
#747 = CARTESIAN_POINT ( 'NONE',  ( -15.27383034850702082, -18.89446285783487056, -0.0009999999999992653654 ) ) ;
#748 = EDGE_CURVE ( 'NONE', #2909, #5263, #2430, .T. ) ;
#749 = CARTESIAN_POINT ( 'NONE',  ( 25.50000000000000000, 3.780293665983593066, 0.4999999999999831246 ) ) ;
#750 = VECTOR ( 'NONE', #7599, 1000.000000000000000 ) ;
#751 = CARTESIAN_POINT ( 'NONE',  ( -20.52852007099598453, -6.886934274023167823, 8.000000000000000000 ) ) ;
#752 = VERTEX_POINT ( 'NONE', #2845 ) ;
#753 = VERTEX_POINT ( 'NONE', #4237 ) ;
#754 = EDGE_LOOP ( 'NONE', ( #332, #1256, #4942, #2449 ) ) ;
#755 = CARTESIAN_POINT ( 'NONE',  ( -6.098366832039234353, 29.94038867776337298, 0.000000000000000000 ) ) ;
#756 = CARTESIAN_POINT ( 'NONE',  ( -7.576571570779946363, -24.59951591869085163, 0.000000000000000000 ) ) ;
#757 = LINE ( 'NONE', #8577, #6106 ) ;
#758 = CARTESIAN_POINT ( 'NONE',  ( -7.920032505485357532, -25.64221295270857226, 8.000000000000000000 ) ) ;
#759 = CARTESIAN_POINT ( 'NONE',  ( -23.55961359711019298, -8.983347098777866080, 3.000000000000000000 ) ) ;
#760 = ORIENTED_EDGE ( 'NONE', *, *, #7755, .T. ) ;
#761 = CARTESIAN_POINT ( 'NONE',  ( 1.677272727272749009, -20.43126907948592219, 3.500000000000000444 ) ) ;
#762 = ORIENTED_EDGE ( 'NONE', *, *, #8656, .T. ) ;
#763 = FACE_OUTER_BOUND ( 'NONE', #3653, .T. ) ;
#764 = ORIENTED_EDGE ( 'NONE', *, *, #8791, .T. ) ;
#765 = DIRECTION ( 'NONE',  ( 1.000000000000000000, 0.000000000000000000, 0.000000000000000000 ) ) ;
#766 = EDGE_CURVE ( 'NONE', #3515, #6188, #7023, .T. ) ;
#767 = EDGE_CURVE ( 'NONE', #6561, #4244, #7881, .T. ) ;
#768 = DIRECTION ( 'NONE',  ( -1.000000000000000000, 0.000000000000000000, 0.000000000000000000 ) ) ;
#769 = DIRECTION ( 'NONE',  ( 1.000000000000000000, 0.000000000000000000, 0.000000000000000000 ) ) ;
#770 = ORIENTED_EDGE ( 'NONE', *, *, #4391, .F. ) ;
#771 = LINE ( 'NONE', #915, #247 ) ;
#772 = AXIS2_PLACEMENT_3D ( 'NONE', #2948, #8885, #4702 ) ;
#773 = VERTEX_POINT ( 'NONE', #6329 ) ;
#774 = LINE ( 'NONE', #7813, #2229 ) ;
#775 = CYLINDRICAL_SURFACE ( 'NONE', #3506, 3.800000000000001155 ) ;
#776 = EDGE_CURVE ( 'NONE', #9116, #255, #7943, .T. ) ;
#777 = DIRECTION ( 'NONE',  ( 0.000000000000000000, 1.000000000000000000, 0.000000000000000000 ) ) ;
#778 = FACE_OUTER_BOUND ( 'NONE', #1565, .T. ) ;
#779 = CARTESIAN_POINT ( 'NONE',  ( -6.178176128151044999, 29.70331798380857791, 8.000000000000000000 ) ) ;
#780 = AXIS2_PLACEMENT_3D ( 'NONE', #3721, #174, #3013 ) ;
#781 = DIRECTION ( 'NONE',  ( -1.000000000000000000, 0.000000000000000000, 0.000000000000000000 ) ) ;
#782 = AXIS2_PLACEMENT_3D ( 'NONE', #2537, #2457, #6807 ) ;
#783 = LINE ( 'NONE', #141, #5895 ) ;
#784 = ORIENTED_EDGE ( 'NONE', *, *, #8099, .F. ) ;
#785 = DIRECTION ( 'NONE',  ( 1.000000000000000000, 0.000000000000000000, 0.000000000000000000 ) ) ;
#786 = EDGE_CURVE ( 'NONE', #5906, #1767, #794, .T. ) ;
#787 = CARTESIAN_POINT ( 'NONE',  ( 21.21762239271877704, 12.24999999999995381, 3.500000000000000444 ) ) ;
#788 = VECTOR ( 'NONE', #5945, 1000.000000000000000 ) ;
#789 = EDGE_CURVE ( 'NONE', #6437, #4298, #2799, .T. ) ;
#790 = CARTESIAN_POINT ( 'NONE',  ( -19.06762239271889570, -15.97390923627290249, 8.000000000000000000 ) ) ;
#791 = EDGE_CURVE ( 'NONE', #367, #890, #4934, .T. ) ;
#792 = DIRECTION ( 'NONE',  ( 0.1729873939250869130, -0.9810602621904068732, -0.08715574274766207941 ) ) ;
#793 = EDGE_CURVE ( 'NONE', #8136, #7102, #1405, .T. ) ;
#794 = LINE ( 'NONE', #3631, #1700 ) ;
#795 = CIRCLE ( 'NONE', #200, 3.800000000000000711 ) ;
#796 = CARTESIAN_POINT ( 'NONE',  ( 10.96158960988844022, 16.72897283179937489, 5.952053928631704238 ) ) ;
#797 = CARTESIAN_POINT ( 'NONE',  ( 20.15529868040778183, 34.91000135619301403, 3.999999999999999112 ) ) ;
#798 = CARTESIAN_POINT ( 'NONE',  ( -5.614550548110438299, 29.62711588100280835, 0.000000000000000000 ) ) ;
#799 = VERTEX_POINT ( 'NONE', #8661 ) ;
#800 = VERTEX_POINT ( 'NONE', #8023 ) ;
#801 = ADVANCED_FACE ( 'NONE', ( #7364 ), #1791, .T. ) ;
#802 = ORIENTED_EDGE ( 'NONE', *, *, #5640, .F. ) ;
#803 = CIRCLE ( 'NONE', #3625, 4.000000000000000888 ) ;
#804 = CARTESIAN_POINT ( 'NONE',  ( -5.854351733121069934, 30.38275199076883482, 0.5106860727240887243 ) ) ;
#805 = CARTESIAN_POINT ( 'NONE',  ( 21.21762239271869532, -12.25000000000009948, 0.000000000000000000 ) ) ;
#806 = DIRECTION ( 'NONE',  ( -0.000000000000000000, -0.000000000000000000, -1.000000000000000000 ) ) ;
#807 = CARTESIAN_POINT ( 'NONE',  ( -3.993278843029975267, 29.73304094911600259, 7.713432372111323154 ) ) ;
#808 = ORIENTED_EDGE ( 'NONE', *, *, #2889, .T. ) ;
#809 = CIRCLE ( 'NONE', #6009, 0.7999999999999986011 ) ;
#810 = DIRECTION ( 'NONE',  ( 0.5000000000000042188, 0.8660254037844362651, 0.000000000000000000 ) ) ;
#811 = EDGE_LOOP ( 'NONE', ( #5714, #6055, #9017, #1904 ) ) ;
#812 = ORIENTED_EDGE ( 'NONE', *, *, #8065, .F. ) ;
#813 = EDGE_LOOP ( 'NONE', ( #4417, #3058, #4955, #120 ) ) ;
#814 = CARTESIAN_POINT ( 'NONE',  ( 21.27852007099589571, -5.587896168346787817, 8.000000000000000000 ) ) ;
#815 = FACE_OUTER_BOUND ( 'NONE', #8906, .T. ) ;
#816 = CIRCLE ( 'NONE', #3339, 2.000000000000001776 ) ;
#817 = CARTESIAN_POINT ( 'NONE',  ( 23.99999999999999645, -3.780293665983593066, -0.0009999999999992653654 ) ) ;
#818 = LINE ( 'NONE', #7810, #192 ) ;
#819 = EDGE_LOOP ( 'NONE', ( #3099, #5399, #960, #6526 ) ) ;
#820 = FACE_BOUND ( 'NONE', #4269, .T. ) ;
#821 = EDGE_CURVE ( 'NONE', #3123, #4877, #1245, .T. ) ;
#822 = VECTOR ( 'NONE', #4279, 1000.000000000000000 ) ;
#823 = ORIENTED_EDGE ( 'NONE', *, *, #5567, .F. ) ;
#824 = FACE_OUTER_BOUND ( 'NONE', #4769, .T. ) ;
#825 = ORIENTED_EDGE ( 'NONE', *, *, #4448, .T. ) ;
#826 = DIRECTION ( 'NONE',  ( -0.8660254037844395958, -0.4999999999999983347, 0.000000000000000000 ) ) ;
#827 = DIRECTION ( 'NONE',  ( 0.000000000000000000, 0.000000000000000000, 1.000000000000000000 ) ) ;
#828 = PLANE ( 'NONE',  #5155 ) ;
#829 = CARTESIAN_POINT ( 'NONE',  ( -4.684689885413059862, 29.22132114511911283, 8.000000000000000000 ) ) ;
#830 = VECTOR ( 'NONE', #4345, 1000.000000000000114 ) ;
#831 = DIRECTION ( 'NONE',  ( -0.000000000000000000, -0.000000000000000000, -1.000000000000000000 ) ) ;
#832 = DIRECTION ( 'NONE',  ( -0.000000000000000000, -0.000000000000000000, -1.000000000000000000 ) ) ;
#833 = VERTEX_POINT ( 'NONE', #1692 ) ;
#834 = ORIENTED_EDGE ( 'NONE', *, *, #7331, .F. ) ;
#835 = AXIS2_PLACEMENT_3D ( 'NONE', #7629, #6819, #1254 ) ;
#836 = FACE_BOUND ( 'NONE', #2401, .T. ) ;
#837 = CIRCLE ( 'NONE', #6492, 2.999999999999999112 ) ;
#838 = FACE_OUTER_BOUND ( 'NONE', #7114, .T. ) ;
#839 = DIRECTION ( 'NONE',  ( 1.000000000000000000, 0.000000000000000000, 0.000000000000000000 ) ) ;
#840 = DIRECTION ( 'NONE',  ( 0.1442174361344397970, 0.6922436934453168877, 0.7071067811865439090 ) ) ;
#841 = AXIS2_PLACEMENT_3D ( 'NONE', #1542, #2093, #2829 ) ;
#842 = EDGE_CURVE ( 'NONE', #1747, #6653, #3074, .T. ) ;
#843 = CARTESIAN_POINT ( 'NONE',  ( -3.799999999999982059, -29.75836016987465271, 2.999999999999745981 ) ) ;
#844 = EDGE_CURVE ( 'NONE', #4298, #4715, #6884, .T. ) ;
#845 = CARTESIAN_POINT ( 'NONE',  ( -21.97357053353079337, -19.68278938585554627, 0.000000000000000000 ) ) ;
#846 = ORIENTED_EDGE ( 'NONE', *, *, #5286, .T. ) ;
#847 = VERTEX_POINT ( 'NONE', #7272 ) ;
#848 = AXIS2_PLACEMENT_3D ( 'NONE', #4202, #7797, #1979 ) ;
#849 = CARTESIAN_POINT ( 'NONE',  ( -4.135237618089480982, 29.25600111438330231, 0.000000000000000000 ) ) ;
#850 = DIRECTION ( 'NONE',  ( -0.6716093422004345559, 0.2212258833615665388, 0.7071067811865434649 ) ) ;
#851 = CARTESIAN_POINT ( 'NONE',  ( -25.65693844375873667, -8.409608177149221930, 8.000000000000000000 ) ) ;
#852 = EDGE_CURVE ( 'NONE', #7823, #8547, #6731, .T. ) ;
#853 = EDGE_CURVE ( 'NONE', #3915, #1941, #355, .T. ) ;
#854 = ORIENTED_EDGE ( 'NONE', *, *, #442, .T. ) ;
#855 = ADVANCED_FACE ( 'NONE', ( #4482 ), #984, .F. ) ;
#856 = VECTOR ( 'NONE', #2070, 1000.000000000000000 ) ;
#857 = CARTESIAN_POINT ( 'NONE',  ( 19.77852007099588860, -5.587896168346787817, 8.000000000000000000 ) ) ;
#858 = VECTOR ( 'NONE', #7845, 1000.000000000000000 ) ;
#859 = VERTEX_POINT ( 'NONE', #4526 ) ;
#860 = DIRECTION ( 'NONE',  ( -0.3535533905932702892, 0.6123724356957931381, 0.7071067811865504593 ) ) ;
#861 = ORIENTED_EDGE ( 'NONE', *, *, #4087, .T. ) ;
#862 = ORIENTED_EDGE ( 'NONE', *, *, #776, .F. ) ;
#863 = CARTESIAN_POINT ( 'NONE',  ( 28.50770938195415027, 9.344009085721356911, 7.500000000000007105 ) ) ;
#864 = DIRECTION ( 'NONE',  ( -0.000000000000000000, -0.000000000000000000, -1.000000000000000000 ) ) ;
#865 = FACE_OUTER_BOUND ( 'NONE', #7604, .T. ) ;
#866 = CONICAL_SURFACE ( 'NONE', #2063, 1.499999999999744649, 0.7853981633974500554 ) ;
#867 = EDGE_CURVE ( 'NONE', #1330, #1705, #1252, .T. ) ;
#868 = CARTESIAN_POINT ( 'NONE',  ( -5.272727272727273373, 19.29244274599351883, 3.500000000000000444 ) ) ;
#869 = CARTESIAN_POINT ( 'NONE',  ( -3.950217078130735970, 29.75337484509426389, 0.5014896116988185604 ) ) ;
#870 = ORIENTED_EDGE ( 'NONE', *, *, #7687, .F. ) ;
#871 = CARTESIAN_POINT ( 'NONE',  ( -20.11140353916377066, -18.01475638705422000, 0.000000000000000000 ) ) ;
#872 = ORIENTED_EDGE ( 'NONE', *, *, #1978, .F. ) ;
#873 = ORIENTED_EDGE ( 'NONE', *, *, #113, .T. ) ;
#874 = CARTESIAN_POINT ( 'NONE',  ( -8.051471090958095544, -24.44308559639190648, 0.4999999999999831246 ) ) ;
#875 = CARTESIAN_POINT ( 'NONE',  ( 1.928571428571433488, -29.93794602581977671, 2.999999999999746869 ) ) ;
#876 = ORIENTED_EDGE ( 'NONE', *, *, #5676, .F. ) ;
#877 = DIRECTION ( 'NONE',  ( -0.000000000000000000, -0.000000000000000000, -1.000000000000000000 ) ) ;
#878 = DIRECTION ( 'NONE',  ( 0.9848077530122086864, 0.1736481776669268340, 0.000000000000000000 ) ) ;
#879 = DIRECTION ( 'NONE',  ( 1.000000000000000000, 0.000000000000000000, 0.000000000000000000 ) ) ;
#880 = DIRECTION ( 'NONE',  ( -0.000000000000000000, -0.000000000000000000, 1.000000000000000000 ) ) ;
#881 = VERTEX_POINT ( 'NONE', #3113 ) ;
#882 = AXIS2_PLACEMENT_3D ( 'NONE', #4468, #7257, #303 ) ;
#883 = FACE_OUTER_BOUND ( 'NONE', #3120, .T. ) ;
#884 = CARTESIAN_POINT ( 'NONE',  ( -17.14259752787349811, -19.19432130080199528, 7.500000000000009770 ) ) ;
#885 = DIRECTION ( 'NONE',  ( 1.000000000000000000, 0.000000000000000000, 0.000000000000000000 ) ) ;
#886 = DIRECTION ( 'NONE',  ( -0.000000000000000000, -0.000000000000000000, -1.000000000000000000 ) ) ;
#887 = CARTESIAN_POINT ( 'NONE',  ( -3.967304318458765966, -29.56833336962031566, 7.667304318458773693 ) ) ;
#888 = EDGE_CURVE ( 'NONE', #3529, #8847, #1031, .T. ) ;
#889 = CARTESIAN_POINT ( 'NONE',  ( 1.800000000000000711, -21.92623998774071481, 0.000000000000000000 ) ) ;
#890 = VERTEX_POINT ( 'NONE', #317 ) ;
#891 = DIRECTION ( 'NONE',  ( 1.000000000000000000, 0.000000000000000000, 0.000000000000000000 ) ) ;
#892 = VECTOR ( 'NONE', #6850, 1000.000000000000227 ) ;
#893 = FACE_OUTER_BOUND ( 'NONE', #1795, .T. ) ;
#894 = EDGE_LOOP ( 'NONE', ( #258, #8771 ) ) ;
#895 = ORIENTED_EDGE ( 'NONE', *, *, #7772, .T. ) ;
#896 = EDGE_CURVE ( 'NONE', #1835, #1581, #1568, .T. ) ;
#897 = CARTESIAN_POINT ( 'NONE',  ( -6.862186703768784035, 30.71710499560713714, 0.000000000000000000 ) ) ;
#898 = FACE_BOUND ( 'NONE', #2858, .T. ) ;
#899 = VECTOR ( 'NONE', #7803, 1000.000000000000114 ) ;
#900 = CARTESIAN_POINT ( 'NONE',  ( -21.27852007099586018, 5.587896168346938808, 8.000000000000000000 ) ) ;
#901 = ORIENTED_EDGE ( 'NONE', *, *, #1785, .T. ) ;
#902 = DIRECTION ( 'NONE',  ( 1.000000000000000000, 0.000000000000000000, 0.000000000000000000 ) ) ;
#903 = ORIENTED_EDGE ( 'NONE', *, *, #2881, .T. ) ;
#904 = FACE_OUTER_BOUND ( 'NONE', #8404, .T. ) ;
#905 = ORIENTED_EDGE ( 'NONE', *, *, #2226, .F. ) ;
#906 = ORIENTED_EDGE ( 'NONE', *, *, #979, .T. ) ;
#907 = CIRCLE ( 'NONE', #3267, 2.999999999999999112 ) ;
#908 = ADVANCED_FACE ( 'NONE', ( #3244 ), #6085, .F. ) ;
#909 = DIRECTION ( 'NONE',  ( 1.000000000000000000, 0.000000000000000000, 0.000000000000000000 ) ) ;
#910 = EDGE_CURVE ( 'NONE', #3037, #6332, #7203, .T. ) ;
#911 = DIRECTION ( 'NONE',  ( -0.7071067811865524577, 0.000000000000000000, -0.7071067811865426878 ) ) ;
#912 = FACE_BOUND ( 'NONE', #2032, .T. ) ;
#913 = CARTESIAN_POINT ( 'NONE',  ( -8.545534904594552117, -26.42436456420330515, 7.500000000000009770 ) ) ;
#914 = EDGE_LOOP ( 'NONE', ( #8597, #7666, #8159, #5984 ) ) ;
#915 = CARTESIAN_POINT ( 'NONE',  ( 26.16682407903874008, 5.962157127805205903, 8.000000000000000000 ) ) ;
#916 = ORIENTED_EDGE ( 'NONE', *, *, #5640, .T. ) ;
#917 = ORIENTED_EDGE ( 'NONE', *, *, #382, .F. ) ;
#918 = CARTESIAN_POINT ( 'NONE',  ( 0.000000000000000000, 0.000000000000000000, 7.500000000000007105 ) ) ;
#919 = ORIENTED_EDGE ( 'NONE', *, *, #6066, .T. ) ;
#920 = CARTESIAN_POINT ( 'NONE',  ( 25.65693844375873667, 8.409608177149221930, 0.000000000000000000 ) ) ;
#921 = DIRECTION ( 'NONE',  ( 1.000000000000000000, 0.000000000000000000, 0.000000000000000000 ) ) ;
#922 = EDGE_CURVE ( 'NONE', #153, #666, #3927, .T. ) ;
#923 = CARTESIAN_POINT ( 'NONE',  ( -5.988765679854441082, 30.17281783764273939, 7.526597969521516163 ) ) ;
#924 = DIRECTION ( 'NONE',  ( 0.9848077530122081313, 0.1736481776669296373, 0.000000000000000000 ) ) ;
#925 = VECTOR ( 'NONE', #9120, 1000.000000000000000 ) ;
#926 = ORIENTED_EDGE ( 'NONE', *, *, #6156, .T. ) ;
#927 = CARTESIAN_POINT ( 'NONE',  ( -5.272727272727273373, -19.29244274599351883, 7.500000000000007105 ) ) ;
#928 = FACE_OUTER_BOUND ( 'NONE', #5040, .T. ) ;
#929 = LINE ( 'NONE', #3774, #7543 ) ;
#930 = VECTOR ( 'NONE', #5252, 1000.000000000000000 ) ;
#931 = AXIS2_PLACEMENT_3D ( 'NONE', #8373, #6377, #974 ) ;
#932 = ORIENTED_EDGE ( 'NONE', *, *, #1880, .T. ) ;
#933 = ORIENTED_EDGE ( 'NONE', *, *, #3287, .F. ) ;
#934 = CARTESIAN_POINT ( 'NONE',  ( -3.784261491047196557, 29.76068216557017365, 0.5006752637747033940 ) ) ;
#935 = VECTOR ( 'NONE', #1632, 999.9999999999998863 ) ;
#936 = AXIS2_PLACEMENT_3D ( 'NONE', #4040, #505, #1712 ) ;
#937 = LINE ( 'NONE', #4654, #3147 ) ;
#938 = AXIS2_PLACEMENT_3D ( 'NONE', #5151, #6021, #2997 ) ;
#939 = AXIS2_PLACEMENT_3D ( 'NONE', #1974, #6341, #709 ) ;
#940 = VERTEX_POINT ( 'NONE', #8052 ) ;
#941 = ADVANCED_FACE ( 'NONE', ( #3141 ), #4776, .T. ) ;
#942 = DIRECTION ( 'NONE',  ( -0.000000000000000000, -0.000000000000000000, -1.000000000000000000 ) ) ;
#943 = ORIENTED_EDGE ( 'NONE', *, *, #3077, .F. ) ;
#944 = AXIS2_PLACEMENT_3D ( 'NONE', #7285, #7422, #8118 ) ;
#945 = LINE ( 'NONE', #288, #1874 ) ;
#946 = ORIENTED_EDGE ( 'NONE', *, *, #6598, .T. ) ;
#947 = VECTOR ( 'NONE', #6935, 1000.000000000000000 ) ;
#948 = AXIS2_PLACEMENT_3D ( 'NONE', #2023, #4859, #7697 ) ;
#949 = ORIENTED_EDGE ( 'NONE', *, *, #5637, .F. ) ;
#950 = FACE_OUTER_BOUND ( 'NONE', #7302, .T. ) ;
#951 = CARTESIAN_POINT ( 'NONE',  ( 17.14259752787362956, 19.19432130080187804, 0.4999999999999831246 ) ) ;
#952 = DIRECTION ( 'NONE',  ( -1.000000000000000000, 0.000000000000000000, 0.000000000000000000 ) ) ;
#953 = DIRECTION ( 'NONE',  ( -0.000000000000000000, -0.000000000000000000, 1.000000000000000000 ) ) ;
#954 = VECTOR ( 'NONE', #5589, 1000.000000000000114 ) ;
#955 = CARTESIAN_POINT ( 'NONE',  ( 20.27852007099593479, 7.319946975915519793, 7.500000000000006217 ) ) ;
#956 = DIRECTION ( 'NONE',  ( -1.000000000000000000, 0.000000000000000000, 0.000000000000000000 ) ) ;
#957 = ORIENTED_EDGE ( 'NONE', *, *, #8964, .F. ) ;
#958 = VECTOR ( 'NONE', #2513, 999.9999999999998863 ) ;
#959 = CIRCLE ( 'NONE', #6290, 29.50000000000000711 ) ;
#960 = ORIENTED_EDGE ( 'NONE', *, *, #8841, .T. ) ;
#961 = EDGE_CURVE ( 'NONE', #8136, #5699, #7500, .T. ) ;
#962 = CARTESIAN_POINT ( 'NONE',  ( 25.01762239271877775, 12.24999999999995381, 7.500000000000007105 ) ) ;
#963 = ORIENTED_EDGE ( 'NONE', *, *, #482, .F. ) ;
#964 = ADVANCED_FACE ( 'NONE', ( #7753 ), #1860, .T. ) ;
#965 = EDGE_CURVE ( 'NONE', #2080, #7694, #2086, .T. ) ;
#966 = LINE ( 'NONE', #3804, #2644 ) ;
#967 = ORIENTED_EDGE ( 'NONE', *, *, #278, .F. ) ;
#968 = AXIS2_PLACEMENT_3D ( 'NONE', #8254, #4725, #7434 ) ;
#969 = VECTOR ( 'NONE', #623, 1000.000000000000000 ) ;
#970 = CARTESIAN_POINT ( 'NONE',  ( -25.50000000000000000, -3.780293665983593066, 7.500000000000009770 ) ) ;
#971 = DIRECTION ( 'NONE',  ( 1.000000000000000000, 0.000000000000000000, 0.000000000000000000 ) ) ;
#972 = CARTESIAN_POINT ( 'NONE',  ( -5.439001739973744698, 29.89994097081889635, 7.519471213635783968 ) ) ;
#973 = AXIS2_PLACEMENT_3D ( 'NONE', #8856, #4589, #3745 ) ;
#974 = DIRECTION ( 'NONE',  ( 1.000000000000000000, 0.000000000000000000, 0.000000000000000000 ) ) ;
#975 = CARTESIAN_POINT ( 'NONE',  ( -1.360023205165817945E-15, 24.50000000000000000, 0.000000000000000000 ) ) ;
#976 = CONICAL_SURFACE ( 'NONE', #3636, 1.500000000000008216, 0.7853981633974467247 ) ;
#977 = EDGE_CURVE ( 'NONE', #2200, #8087, #8992, .T. ) ;
#978 = VECTOR ( 'NONE', #5299, 1000.000000000000114 ) ;
#979 = EDGE_CURVE ( 'NONE', #5461, #5321, #3787, .T. ) ;
#980 = FACE_OUTER_BOUND ( 'NONE', #73, .T. ) ;
#981 = DIRECTION ( 'NONE',  ( 1.000000000000000000, 0.000000000000000000, 0.000000000000000000 ) ) ;
#982 = DIRECTION ( 'NONE',  ( 0.3128606445978996953, 0.9497990403563201234, 0.000000000000000000 ) ) ;
#983 = AXIS2_PLACEMENT_3D ( 'NONE', #2561, #1083, #5347 ) ;
#984 = PLANE ( 'NONE',  #2156 ) ;
#985 = EDGE_CURVE ( 'NONE', #8738, #4280, #3179, .T. ) ;
#986 = ADVANCED_FACE ( 'NONE', ( #1987 ), #5615, .F. ) ;
#987 = CIRCLE ( 'NONE', #6323, 1.999999999999988676 ) ;
#988 = ORIENTED_EDGE ( 'NONE', *, *, #3967, .F. ) ;
#989 = CARTESIAN_POINT ( 'NONE',  ( -4.384074858610085279, 29.77676381106687487, 0.5036534014516986790 ) ) ;
#990 = VECTOR ( 'NONE', #2120, 1000.000000000000000 ) ;
#991 = VECTOR ( 'NONE', #826, 1000.000000000000114 ) ;
#992 = VERTEX_POINT ( 'NONE', #1239 ) ;
#993 = CARTESIAN_POINT ( 'NONE',  ( 3.800000000000000711, -21.92623998774071481, 0.000000000000000000 ) ) ;
#994 = CARTESIAN_POINT ( 'NONE',  ( -3.681401975976513530, 29.77328254573695787, 1.667540990707786719 ) ) ;
#995 = ORIENTED_EDGE ( 'NONE', *, *, #4661, .T. ) ;
#996 = VECTOR ( 'NONE', #1446, 1000.000000000000114 ) ;
#997 = CARTESIAN_POINT ( 'NONE',  ( 6.161705449549705449, 29.36040507133697020, 0.4999999999999831246 ) ) ;
#998 = EDGE_LOOP ( 'NONE', ( #3268, #4510, #1213, #7278 ) ) ;
#999 = AXIS2_PLACEMENT_3D ( 'NONE', #2593, #8275, #6873 ) ;
#1000 = ORIENTED_EDGE ( 'NONE', *, *, #5063, .T. ) ;
#1001 = LINE ( 'NONE', #1803, #7184 ) ;
#1002 = DIRECTION ( 'NONE',  ( -0.1729873939250868853, 0.9810602621904067622, 0.08715574274766416107 ) ) ;
#1003 = FACE_OUTER_BOUND ( 'NONE', #7146, .T. ) ;
#1004 = LINE ( 'NONE', #4503, #4959 ) ;
#1005 = DIRECTION ( 'NONE',  ( 0.1729873939250868853, -0.9810602621904069842, -0.08715574274766180185 ) ) ;
#1006 = DIRECTION ( 'NONE',  ( 0.000000000000000000, 0.000000000000000000, -1.000000000000000000 ) ) ;
#1007 = AXIS2_PLACEMENT_3D ( 'NONE', #4398, #1576, #6569 ) ;
#1008 = FACE_OUTER_BOUND ( 'NONE', #7459, .T. ) ;
#1009 = VERTEX_POINT ( 'NONE', #6302 ) ;
#1010 = ORIENTED_EDGE ( 'NONE', *, *, #7725, .T. ) ;
#1011 = DIRECTION ( 'NONE',  ( 0.000000000000000000, 0.000000000000000000, 1.000000000000000000 ) ) ;
#1012 = ORIENTED_EDGE ( 'NONE', *, *, #1200, .F. ) ;
#1013 = VECTOR ( 'NONE', #6144, 1000.000000000000000 ) ;
#1014 = VECTOR ( 'NONE', #3124, 1000.000000000000000 ) ;
#1015 = CYLINDRICAL_SURFACE ( 'NONE', #4154, 2.999999999999999112 ) ;
#1016 = DIRECTION ( 'NONE',  ( -0.000000000000000000, -0.000000000000000000, -1.000000000000000000 ) ) ;
#1017 = DIRECTION ( 'NONE',  ( -0.000000000000000000, -0.000000000000000000, -1.000000000000000000 ) ) ;
#1018 = EDGE_CURVE ( 'NONE', #8407, #1034, #4120, .T. ) ;
#1019 = DIRECTION ( 'NONE',  ( 0.000000000000000000, 0.000000000000000000, 1.000000000000000000 ) ) ;
#1020 = DIRECTION ( 'NONE',  ( 1.000000000000000000, 0.000000000000000000, 0.000000000000000000 ) ) ;
#1021 = EDGE_LOOP ( 'NONE', ( #6135, #2188, #1328, #2622 ) ) ;
#1022 = AXIS2_PLACEMENT_3D ( 'NONE', #8059, #5169, #6686 ) ;
#1023 = EDGE_LOOP ( 'NONE', ( #6954, #5192, #1084, #8062, #5052, #8050, #2396, #5908 ) ) ;
#1024 = CARTESIAN_POINT ( 'NONE',  ( 3.800000000000004263, -27.94208295743178638, 2.999999999999746869 ) ) ;
#1025 = DIRECTION ( 'NONE',  ( -1.000000000000000000, 0.000000000000000000, 0.000000000000000000 ) ) ;
#1026 = CARTESIAN_POINT ( 'NONE',  ( 19.98728846999254927, -0.7258778370016146786, 6.134797519998220316 ) ) ;
#1027 = CARTESIAN_POINT ( 'NONE',  ( -5.030075782646022731, -19.35876068957197660, 2.999999999999745093 ) ) ;
#1028 = ADVANCED_FACE ( 'NONE', ( #9135 ), #2314, .T. ) ;
#1029 = CONICAL_SURFACE ( 'NONE', #7105, 3.499999999999999556, 0.7853981633974570498 ) ;
#1030 = EDGE_CURVE ( 'NONE', #3667, #881, #6606, .T. ) ;
#1031 = LINE ( 'NONE', #7413, #2306 ) ;
#1032 = EDGE_LOOP ( 'NONE', ( #3555, #8091, #1564, #4217 ) ) ;
#1033 = ORIENTED_EDGE ( 'NONE', *, *, #8464, .T. ) ;
#1034 = VERTEX_POINT ( 'NONE', #8311 ) ;
#1035 = ORIENTED_EDGE ( 'NONE', *, *, #3920, .T. ) ;
#1036 = AXIS2_PLACEMENT_3D ( 'NONE', #7484, #2460, #394 ) ;
#1037 = CARTESIAN_POINT ( 'NONE',  ( 16.38661371934879440, 10.75355247408268333, 0.000000000000000000 ) ) ;
#1038 = EDGE_CURVE ( 'NONE', #5051, #6875, #4069, .T. ) ;
#1039 = B_SPLINE_CURVE_WITH_KNOTS ( 'NONE', 3,
 ( #4264, #2919, #869, #3514, #9137, #6355, #129, #5710, #722, #9188, #2823, #8545, #2964, #5764, #2186, #1589, #5808, #8638, #5019, #3560, #6398, #7861, #2270, #4409, #1488, #4314, #7150, #1810, #5981, #3051, #2400, #8130, #5153, #3798, #4593 ),
 .UNSPECIFIED., .F., .F.,
 ( 4, 2, 2, 2, 1, 1, 2, 2, 2, 2, 1, 1, 2, 2, 2, 2, 1, 2, 2, 4 ),
 ( 0.000000000000000000, 0.1249999999999935885, 0.1874999999999899525, 0.2187499999999881206, 0.2343749999999876488, 0.2421874999999877043, 0.2460937499999877320, 0.2499999999999877875, 0.3749999999999844014, 0.4374999999999827360, 0.4687499999999814038, 0.4843749999999801825, 0.4921874999999807931, 0.4999999999999813483, 0.6249999999999921174, 0.6874999999999971134, 0.7187499999999992228, 0.7343750000000002220, 0.7500000000000011102, 1.000000000000000000 ),
 .UNSPECIFIED. ) ;
#1040 = CARTESIAN_POINT ( 'NONE',  ( 20.00000000000000000, 0.000000000000000000, -0.0009999999999992653654 ) ) ;
#1041 = ORIENTED_EDGE ( 'NONE', *, *, #7925, .T. ) ;
#1042 = LINE ( 'NONE', #3832, #1320 ) ;
#1043 = LINE ( 'NONE', #3358, #3347 ) ;
#1044 = ORIENTED_EDGE ( 'NONE', *, *, #8112, .F. ) ;
#1045 = ORIENTED_EDGE ( 'NONE', *, *, #4849, .F. ) ;
#1046 = CARTESIAN_POINT ( 'NONE',  ( -5.272727272727273373, 19.29244274599351883, -0.0009999999999992653654 ) ) ;
#1047 = LINE ( 'NONE', #164, #4960 ) ;
#1048 = LINE ( 'NONE', #3883, #1846 ) ;
#1049 = DIRECTION ( 'NONE',  ( 1.000000000000000000, 0.000000000000000000, 0.000000000000000000 ) ) ;
#1050 = CARTESIAN_POINT ( 'NONE',  ( -26.16682407903874363, -5.962157127805198797, 0.000000000000000000 ) ) ;
#1051 = CARTESIAN_POINT ( 'NONE',  ( 0.4748995201781286424, -0.1564303222989358311, 0.000000000000000000 ) ) ;
#1052 = VERTEX_POINT ( 'NONE', #5467 ) ;
#1053 = ORIENTED_EDGE ( 'NONE', *, *, #7688, .F. ) ;
#1054 = LINE ( 'NONE', #3889, #6507 ) ;
#1055 = ORIENTED_EDGE ( 'NONE', *, *, #5175, .T. ) ;
#1056 = ORIENTED_EDGE ( 'NONE', *, *, #6676, .T. ) ;
#1057 = CARTESIAN_POINT ( 'NONE',  ( 0.000000000000000000, 0.000000000000000000, 8.000000000000000000 ) ) ;
#1058 = CARTESIAN_POINT ( 'NONE',  ( -15.47852007099574045, 15.63379085224636178, 7.500000000000007105 ) ) ;
#1059 =( NAMED_UNIT ( * ) SI_UNIT ( $, .STERADIAN. ) SOLID_ANGLE_UNIT ( ) );
#1060 = CARTESIAN_POINT ( 'NONE',  ( -5.855852913900593926, 30.09339315647455138, 7.524890761433186803 ) ) ;
#1061 = CARTESIAN_POINT ( 'NONE',  ( 27.23490674938425116, -11.33621869727034692, 3.500000000000000444 ) ) ;
#1062 = ORIENTED_EDGE ( 'NONE', *, *, #1725, .F. ) ;
#1063 = DIRECTION ( 'NONE',  ( 1.000000000000000000, 0.000000000000000000, 0.000000000000000000 ) ) ;
#1064 = CARTESIAN_POINT ( 'NONE',  ( 8.476169651492755364, 22.24174382192613209, 0.000000000000000000 ) ) ;
#1065 = DIRECTION ( 'NONE',  ( 1.000000000000000000, 0.000000000000000000, 0.000000000000000000 ) ) ;
#1066 = ADVANCED_FACE ( 'NONE', ( #6909 ), #9040, .F. ) ;
#1067 = EDGE_CURVE ( 'NONE', #3644, #2478, #5727, .T. ) ;
#1068 = EDGE_CURVE ( 'NONE', #5459, #7307, #6958, .T. ) ;
#1069 = COLOUR_RGB ( '',0.7921568627450980005, 0.8196078431372548767, 0.9333333333333333481 ) ;
#1070 = ORIENTED_EDGE ( 'NONE', *, *, #7230, .F. ) ;
#1071 = ORIENTED_EDGE ( 'NONE', *, *, #7663, .T. ) ;
#1072 = DIRECTION ( 'NONE',  ( -0.000000000000000000, 0.000000000000000000, 1.000000000000000000 ) ) ;
#1073 = EDGE_LOOP ( 'NONE', ( #279, #1085, #313, #1774, #5972 ) ) ;
#1074 = ORIENTED_EDGE ( 'NONE', *, *, #7416, .T. ) ;
#1075 = ORIENTED_EDGE ( 'NONE', *, *, #7230, .T. ) ;
#1076 = AXIS2_PLACEMENT_3D ( 'NONE', #5934, #2988, #3243 ) ;
#1077 = DIRECTION ( 'NONE',  ( 1.000000000000000000, 4.336808689942006692E-15, 0.000000000000000000 ) ) ;
#1078 = VECTOR ( 'NONE', #7731, 1000.000000000000000 ) ;
#1079 = ORIENTED_EDGE ( 'NONE', *, *, #8662, .F. ) ;
#1080 = ORIENTED_EDGE ( 'NONE', *, *, #5538, .T. ) ;
#1081 = DIRECTION ( 'NONE',  ( -1.000000000000000000, 0.000000000000000000, 0.000000000000000000 ) ) ;
#1082 = EDGE_CURVE ( 'NONE', #5702, #4830, #4680, .T. ) ;
#1083 = DIRECTION ( 'NONE',  ( 0.000000000000000000, 0.000000000000000000, 1.000000000000000000 ) ) ;
#1084 = ORIENTED_EDGE ( 'NONE', *, *, #4329, .T. ) ;
#1085 = ORIENTED_EDGE ( 'NONE', *, *, #7733, .T. ) ;
#1086 = VECTOR ( 'NONE', #7313, 1000.000000000000114 ) ;
#1087 = CIRCLE ( 'NONE', #635, 1.300000000000009592 ) ;
#1088 = CARTESIAN_POINT ( 'NONE',  ( 0.000000000000000000, 0.000000000000000000, 3.500000000000000444 ) ) ;
#1089 = CARTESIAN_POINT ( 'NONE',  ( -6.330211117211455907, 30.61669060249310448, 0.3607804130112194363 ) ) ;
#1090 = PLANE ( 'NONE',  #4701 ) ;
#1091 = LINE ( 'NONE', #451, #6452 ) ;
#1092 = DIRECTION ( 'NONE',  ( 0.000000000000000000, 0.000000000000000000, -1.000000000000000000 ) ) ;
#1093 = ORIENTED_EDGE ( 'NONE', *, *, #7853, .T. ) ;
#1094 = VECTOR ( 'NONE', #5952, 1000.000000000000227 ) ;
#1095 = ORIENTED_EDGE ( 'NONE', *, *, #7351, .F. ) ;
#1096 = CARTESIAN_POINT ( 'NONE',  ( -32.58429073940319398, 42.27014369106327507, 8.000000000000003553 ) ) ;
#1097 = EDGE_LOOP ( 'NONE', ( #7442, #5501, #6665, #8521 ) ) ;
#1098 = CIRCLE ( 'NONE', #6284, 3.499999999999992895 ) ;
#1099 = ORIENTED_EDGE ( 'NONE', *, *, #4448, .F. ) ;
#1100 = ORIENTED_EDGE ( 'NONE', *, *, #5627, .F. ) ;
#1101 = CARTESIAN_POINT ( 'NONE',  ( 5.545534904594735082, 26.42436456420327318, 8.000000000000000000 ) ) ;
#1102 = ORIENTED_EDGE ( 'NONE', *, *, #4380, .T. ) ;
#1103 = CARTESIAN_POINT ( 'NONE',  ( -11.62847670846975490, 31.25125832761123945, -17.29820896870639757 ) ) ;
#1104 = CARTESIAN_POINT ( 'NONE',  ( 19.87303449400720012, 2.250000000000008882, 4.297369479188210661 ) ) ;
#1105 = CARTESIAN_POINT ( 'NONE',  ( -6.200589535728321167, 30.31726809903298303, 7.529295684859459215 ) ) ;
#1106 = CARTESIAN_POINT ( 'NONE',  ( -21.21762239271860651, 12.25000000000024691, 3.500000000000000444 ) ) ;
#1107 = CONICAL_SURFACE ( 'NONE', #8830, 29.50000000000000355, 0.7853981633974517207 ) ;
#1108 = AXIS2_PLACEMENT_3D ( 'NONE', #2419, #3024, #3153 ) ;
#1109 = CIRCLE ( 'NONE', #502, 20.00000000000000000 ) ;
#1110 = DIRECTION ( 'NONE',  ( -1.000000000000000000, 0.000000000000000000, 0.000000000000000000 ) ) ;
#1111 = AXIS2_PLACEMENT_3D ( 'NONE', #9007, #1259, #2592 ) ;
#1112 = DIRECTION ( 'NONE',  ( -0.8660254037844434816, 0.4999999999999916178, 0.000000000000000000 ) ) ;
#1113 = AXIS2_PLACEMENT_3D ( 'NONE', #6253, #2038, #4872 ) ;
#1114 = VECTOR ( 'NONE', #8164, 1000.000000000000227 ) ;
#1115 = CARTESIAN_POINT ( 'NONE',  ( -26.26880120609473579, 5.472666917936403586, 7.500000000000009770 ) ) ;
#1116 = DIRECTION ( 'NONE',  ( -1.000000000000000000, 0.000000000000000000, 0.000000000000000000 ) ) ;
#1117 = AXIS2_PLACEMENT_3D ( 'NONE', #245, #5941, #2392 ) ;
#1118 = CARTESIAN_POINT ( 'NONE',  ( 20.00000000000000000, -1.985311391914217979E-16, 6.250000000000000000 ) ) ;
#1119 = DIRECTION ( 'NONE',  ( 1.000000000000000000, 0.000000000000000000, 0.000000000000000000 ) ) ;
#1120 = DIRECTION ( 'NONE',  ( -1.000000000000000000, 0.000000000000000000, -0.000000000000000000 ) ) ;
#1121 = CIRCLE ( 'NONE', #6315, 2.500000000000002220 ) ;
#1122 = VERTEX_POINT ( 'NONE', #4164 ) ;
#1123 = EDGE_CURVE ( 'NONE', #5868, #8632, #7712, .T. ) ;
#1124 = CARTESIAN_POINT ( 'NONE',  ( -4.714951575415166296, 29.83661772535227641, 0.5052733483915237134 ) ) ;
#1125 = ORIENTED_EDGE ( 'NONE', *, *, #5628, .F. ) ;
#1126 = ORIENTED_EDGE ( 'NONE', *, *, #8512, .T. ) ;
#1127 = EDGE_CURVE ( 'NONE', #4414, #1681, #3461, .T. ) ;
#1128 = EDGE_CURVE ( 'NONE', #3959, #4824, #8240, .T. ) ;
#1129 = ORIENTED_EDGE ( 'NONE', *, *, #1130, .F. ) ;
#1130 = EDGE_CURVE ( 'NONE', #8949, #713, #78, .T. ) ;
#1131 = ORIENTED_EDGE ( 'NONE', *, *, #3127, .T. ) ;
#1132 = DIRECTION ( 'NONE',  ( 1.000000000000000000, 0.000000000000000000, 0.000000000000000000 ) ) ;
#1133 = CARTESIAN_POINT ( 'NONE',  ( -17.51551992099565069, -18.86126141323215322, 0.000000000000000000 ) ) ;
#1134 = ORIENTED_EDGE ( 'NONE', *, *, #6930, .F. ) ;
#1135 = ORIENTED_EDGE ( 'NONE', *, *, #3922, .F. ) ;
#1136 = CIRCLE ( 'NONE', #841, 2.999999999999999112 ) ;
#1137 = CIRCLE ( 'NONE', #5757, 2.000000000000000000 ) ;
#1138 = ORIENTED_EDGE ( 'NONE', *, *, #7836, .F. ) ;
#1139 = EDGE_CURVE ( 'NONE', #3209, #9169, #4384, .T. ) ;
#1140 = CARTESIAN_POINT ( 'NONE',  ( -24.05961359711026049, -8.117321694993467673, 0.2999999999999947153 ) ) ;
#1141 = FACE_OUTER_BOUND ( 'NONE', #4347, .T. ) ;
#1142 = FACE_OUTER_BOUND ( 'NONE', #5765, .T. ) ;
#1143 = ORIENTED_EDGE ( 'NONE', *, *, #5215, .F. ) ;
#1144 = CARTESIAN_POINT ( 'NONE',  ( 28.50770938195415383, -9.344009085721356911, 0.4999999999999831246 ) ) ;
#1145 = VERTEX_POINT ( 'NONE', #7233 ) ;
#1146 = EDGE_LOOP ( 'NONE', ( #6134, #7897, #159, #4842 ) ) ;
#1147 = EDGE_LOOP ( 'NONE', ( #3650, #4863, #8441, #2779, #3972 ) ) ;
#1148 = CARTESIAN_POINT ( 'NONE',  ( 23.29855367578807090, -15.52988720552799329, 8.000000000000000000 ) ) ;
#1149 = CARTESIAN_POINT ( 'NONE',  ( 21.21762239271877704, 12.24999999999995381, 3.500000000000000444 ) ) ;
#1150 = ADVANCED_FACE ( 'NONE', ( #3027 ), #4438, .F. ) ;
#1151 = LINE ( 'NONE', #3853, #8764 ) ;
#1152 = DIRECTION ( 'NONE',  ( -0.000000000000000000, -0.000000000000000000, -1.000000000000000000 ) ) ;
#1153 = DIRECTION ( 'NONE',  ( 1.000000000000000000, 0.000000000000000000, 0.000000000000000000 ) ) ;
#1154 = CARTESIAN_POINT ( 'NONE',  ( -25.65693844375873667, -8.409608177149221930, 8.000000000000000000 ) ) ;
#1155 = ORIENTED_EDGE ( 'NONE', *, *, #2343, .T. ) ;
#1156 = ORIENTED_EDGE ( 'NONE', *, *, #8342, .F. ) ;
#1157 = AXIS2_PLACEMENT_3D ( 'NONE', #745, #6325, #6413 ) ;
#1158 = ORIENTED_EDGE ( 'NONE', *, *, #4951, .F. ) ;
#1159 = DIRECTION ( 'NONE',  ( -0.000000000000000000, -0.000000000000000000, 1.000000000000000000 ) ) ;
#1160 = VECTOR ( 'NONE', #5224, 1000.000000000000000 ) ;
#1161 = CARTESIAN_POINT ( 'NONE',  ( -19.91996079933435482, -1.789382074595644578, 2.628057737521372061 ) ) ;
#1162 = CYLINDRICAL_SURFACE ( 'NONE', #4609, 2.999999999999999112 ) ;
#1163 = CARTESIAN_POINT ( 'NONE',  ( 26.26880120609473934, 5.472666917936406250, 0.4999999999999831246 ) ) ;
#1164 = DIRECTION ( 'NONE',  ( -0.7071067811865500152, 0.000000000000000000, 0.7071067811865450192 ) ) ;
#1165 = VECTOR ( 'NONE', #6726, 1000.000000000000000 ) ;
#1166 = DIRECTION ( 'NONE',  ( 0.000000000000000000, 0.000000000000000000, -1.000000000000000000 ) ) ;
#1167 = ORIENTED_EDGE ( 'NONE', *, *, #8024, .T. ) ;
#1168 = LINE ( 'NONE', #4178, #5415 ) ;
#1169 = CARTESIAN_POINT ( 'NONE',  ( 18.08868083885759859, -12.52196572068243086, 3.500000000000000444 ) ) ;
#1170 = CARTESIAN_POINT ( 'NONE',  ( 8.394932025663695896, 25.48578263040957381, 7.500000000000007105 ) ) ;
#1171 = CARTESIAN_POINT ( 'NONE',  ( -30.00100000000001543, 2.249999999999986233, 3.999999999999999112 ) ) ;
#1172 = VERTEX_POINT ( 'NONE', #3688 ) ;
#1173 = ORIENTED_EDGE ( 'NONE', *, *, #961, .T. ) ;
#1174 = CIRCLE ( 'NONE', #9013, 2.500000000000009326 ) ;
#1175 = DIRECTION ( 'NONE',  ( -0.4999999999999919509, 0.8660254037844432595, 0.000000000000000000 ) ) ;
#1176 = CARTESIAN_POINT ( 'NONE',  ( 25.19406861883199866, -5.248764295590002682, 0.4999999999999831246 ) ) ;
#1177 = FACE_OUTER_BOUND ( 'NONE', #2967, .T. ) ;
#1178 = ADVANCED_FACE ( 'NONE', ( #17 ), #2896, .F. ) ;
#1179 = ORIENTED_EDGE ( 'NONE', *, *, #8759, .T. ) ;
#1180 = ORIENTED_EDGE ( 'NONE', *, *, #7349, .T. ) ;
#1181 = CARTESIAN_POINT ( 'NONE',  ( 19.88110709107303720, -2.177709733044060236, 3.415433726406361448 ) ) ;
#1182 = PLANE ( 'NONE',  #2582 ) ;
#1183 = EDGE_CURVE ( 'NONE', #8962, #4339, #3638, .T. ) ;
#1184 = CYLINDRICAL_SURFACE ( 'NONE', #7253, 2.999999999999999112 ) ;
#1185 = ORIENTED_EDGE ( 'NONE', *, *, #5373, .T. ) ;
#1186 = EDGE_CURVE ( 'NONE', #3129, #5355, #5881, .T. ) ;
#1187 = EDGE_CURVE ( 'NONE', #9116, #6247, #2301, .T. ) ;
#1188 = EDGE_LOOP ( 'NONE', ( #4008, #1505, #8806, #8907 ) ) ;
#1189 = CARTESIAN_POINT ( 'NONE',  ( 20.11140353916389145, 18.01475638705407789, 0.4999999999999831246 ) ) ;
#1190 = LINE ( 'NONE', #8909, #1894 ) ;
#1191 = PLANE ( 'NONE',  #5047 ) ;
#1192 = DIRECTION ( 'NONE',  ( -0.000000000000000000, -0.000000000000000000, -1.000000000000000000 ) ) ;
#1193 = CARTESIAN_POINT ( 'NONE',  ( 5.545534904594735082, 26.42436456420327318, 0.4999999999999831246 ) ) ;
#1194 = CARTESIAN_POINT ( 'NONE',  ( -1.850000000000024958, 3.204293994002506807, 0.000000000000000000 ) ) ;
#1195 = EDGE_LOOP ( 'NONE', ( #8840, #1975, #1540, #4944, #2393 ) ) ;
#1196 = AXIS2_PLACEMENT_3D ( 'NONE', #3744, #205, #8730 ) ;
#1197 = ORIENTED_EDGE ( 'NONE', *, *, #8603, .T. ) ;
#1198 = VERTEX_POINT ( 'NONE', #3542 ) ;
#1199 = DIRECTION ( 'NONE',  ( 0.3535533905932727317, 0.6123724356957918058, 0.7071067811865504593 ) ) ;
#1200 = EDGE_CURVE ( 'NONE', #7437, #4493, #1613, .T. ) ;
#1201 = CARTESIAN_POINT ( 'NONE',  ( -25.09209149177599940, 5.738254505458799670, 8.000000000000000000 ) ) ;
#1202 = CARTESIAN_POINT ( 'NONE',  ( 26.16682407903873653, -5.962157127805202350, 8.000000000000000000 ) ) ;
#1203 = CARTESIAN_POINT ( 'NONE',  ( 28.50770938195415383, -9.344009085721356911, 7.500000000000007105 ) ) ;
#1204 = CARTESIAN_POINT ( 'NONE',  ( 20.11140353916389145, 18.01475638705407789, 7.500000000000007105 ) ) ;
#1205 = ORIENTED_EDGE ( 'NONE', *, *, #6020, .F. ) ;
#1206 = ADVANCED_FACE ( 'NONE', ( #1519 ), #1578, .T. ) ;
#1207 = ORIENTED_EDGE ( 'NONE', *, *, #8801, .T. ) ;
#1208 = DIRECTION ( 'NONE',  ( -0.8660254037844431485, -0.4999999999999923950, 0.000000000000000000 ) ) ;
#1209 = LINE ( 'NONE', #1046, #8089 ) ;
#1210 = CARTESIAN_POINT ( 'NONE',  ( -19.88004491867424406, -2.190114250620856406, 4.593083986437231481 ) ) ;
#1211 = ORIENTED_EDGE ( 'NONE', *, *, #5628, .T. ) ;
#1212 = LINE ( 'NONE', #6976, #1078 ) ;
#1213 = ORIENTED_EDGE ( 'NONE', *, *, #4087, .F. ) ;
#1214 = EDGE_LOOP ( 'NONE', ( #3950, #8735, #1812, #4399 ) ) ;
#1215 = ADVANCED_FACE ( 'NONE', ( #893 ), #704, .F. ) ;
#1216 = AXIS2_PLACEMENT_3D ( 'NONE', #710, #1423, #2853 ) ;
#1217 = PLANE ( 'NONE',  #5454 ) ;
#1218 = DIRECTION ( 'NONE',  ( 1.000000000000000000, 0.000000000000000000, 0.000000000000000000 ) ) ;
#1219 = ORIENTED_EDGE ( 'NONE', *, *, #490, .T. ) ;
#1220 = VERTEX_POINT ( 'NONE', #6560 ) ;
#1221 = ORIENTED_EDGE ( 'NONE', *, *, #793, .T. ) ;
#1222 = AXIS2_PLACEMENT_3D ( 'NONE', #4835, #5629, #590 ) ;
#1223 = AXIS2_PLACEMENT_3D ( 'NONE', #1189, #4602, #3982 ) ;
#1224 = FACE_OUTER_BOUND ( 'NONE', #7782, .T. ) ;
#1225 = DIRECTION ( 'NONE',  ( 1.000000000000000000, 0.000000000000000000, 0.000000000000000000 ) ) ;
#1226 = EDGE_CURVE ( 'NONE', #7607, #4059, #188, .T. ) ;
#1227 = DIRECTION ( 'NONE',  ( 0.1729873939250869130, -0.9810602621904068732, -0.08715574274766207941 ) ) ;
#1228 = ORIENTED_EDGE ( 'NONE', *, *, #4566, .F. ) ;
#1229 = AXIS2_PLACEMENT_3D ( 'NONE', #8222, #7534, #3989 ) ;
#1230 = ORIENTED_EDGE ( 'NONE', *, *, #2340, .T. ) ;
#1231 = VECTOR ( 'NONE', #6902, 1000.000000000000000 ) ;
#1232 = ORIENTED_EDGE ( 'NONE', *, *, #8416, .F. ) ;
#1233 = ORIENTED_EDGE ( 'NONE', *, *, #3440, .F. ) ;
#1234 = LINE ( 'NONE', #4962, #3610 ) ;
#1235 = EDGE_LOOP ( 'NONE', ( #9042, #2351, #532, #7754 ) ) ;
#1236 = DIRECTION ( 'NONE',  ( 1.000000000000000000, 0.000000000000000000, 0.000000000000000000 ) ) ;
#1237 = CARTESIAN_POINT ( 'NONE',  ( 3.299999999999987832, -24.49999999999999645, 3.500000000000000444 ) ) ;
#1238 = CARTESIAN_POINT ( 'NONE',  ( 19.37786455608292968, -6.243834974013825700, 3.358399093499093269 ) ) ;
#1239 = CARTESIAN_POINT ( 'NONE',  ( -5.272727272727273373, -19.29244274599351883, 2.999999999999746869 ) ) ;
#1240 = AXIS2_PLACEMENT_3D ( 'NONE', #900, #5222, #1620 ) ;
#1241 = DIRECTION ( 'NONE',  ( 0.000000000000000000, 0.000000000000000000, -1.000000000000000000 ) ) ;
#1242 = CIRCLE ( 'NONE', #7610, 1.000000000000000888 ) ;
#1243 = VERTEX_POINT ( 'NONE', #4338 ) ;
#1244 = EDGE_CURVE ( 'NONE', #3129, #7135, #6896, .T. ) ;
#1245 = CIRCLE ( 'NONE', #62, 2.000000000000001776 ) ;
#1246 = EDGE_CURVE ( 'NONE', #8905, #5986, #8665, .T. ) ;
#1247 = EDGE_CURVE ( 'NONE', #7585, #8628, #7133, .T. ) ;
#1248 = EDGE_CURVE ( 'NONE', #8632, #8407, #7814, .T. ) ;
#1249 = CYLINDRICAL_SURFACE ( 'NONE', #419, 2.249999999999999556 ) ;
#1250 = AXIS2_PLACEMENT_3D ( 'NONE', #1461, #4292, #4991 ) ;
#1251 = CARTESIAN_POINT ( 'NONE',  ( -23.11762239271864772, 8.959103465619401518, 3.500000000000000444 ) ) ;
#1252 = CIRCLE ( 'NONE', #8832, 0.8999999999999875877 ) ;
#1253 = DIRECTION ( 'NONE',  ( 0.000000000000000000, 0.000000000000000000, 1.000000000000000000 ) ) ;
#1254 = DIRECTION ( 'NONE',  ( 1.000000000000000000, 0.000000000000000000, 0.000000000000000000 ) ) ;
#1255 = DIRECTION ( 'NONE',  ( 0.000000000000000000, 0.000000000000000000, 1.000000000000000000 ) ) ;
#1256 = ORIENTED_EDGE ( 'NONE', *, *, #7844, .F. ) ;
#1257 = EDGE_CURVE ( 'NONE', #7468, #8792, #8564, .T. ) ;
#1258 = EDGE_CURVE ( 'NONE', #5051, #3515, #7017, .T. ) ;
#1259 = DIRECTION ( 'NONE',  ( 0.000000000000000000, 0.000000000000000000, 1.000000000000000000 ) ) ;
#1260 = AXIS2_PLACEMENT_3D ( 'NONE', #7520, #3263, #8859 ) ;
#1261 = EDGE_CURVE ( 'NONE', #5823, #8119, #2591, .T. ) ;
#1262 = DIRECTION ( 'NONE',  ( 0.000000000000000000, 0.000000000000000000, -1.000000000000000000 ) ) ;
#1263 = CIRCLE ( 'NONE', #2308, 2.500000000000009326 ) ;
#1264 = EDGE_LOOP ( 'NONE', ( #1730, #7536, #1205, #5523 ) ) ;
#1265 = CYLINDRICAL_SURFACE ( 'NONE', #8704, 2.249999999999998668 ) ;
#1266 = FACE_OUTER_BOUND ( 'NONE', #2303, .T. ) ;
#1267 = CARTESIAN_POINT ( 'NONE',  ( 28.50770938195415027, 9.344009085721356911, 0.4999999999999831246 ) ) ;
#1268 = CONICAL_SURFACE ( 'NONE', #3048, 20.00000000000000000, 0.7853981633974447263 ) ;
#1269 = PRODUCT_DEFINITION_SHAPE ( 'NONE', 'NONE',  #6005 ) ;
#1270 = DIRECTION ( 'NONE',  ( 0.000000000000000000, 0.000000000000000000, 1.000000000000000000 ) ) ;
#1271 = CARTESIAN_POINT ( 'NONE',  ( -8.051471090958095544, -24.44308559639190648, -0.0009999999999992653654 ) ) ;
#1272 = AXIS2_PLACEMENT_3D ( 'NONE', #146, #3680, #885 ) ;
#1273 = VERTEX_POINT ( 'NONE', #4747 ) ;
#1274 = CIRCLE ( 'NONE', #3646, 1.500000000000001332 ) ;
#1275 = DIRECTION ( 'NONE',  ( 0.000000000000000000, 0.000000000000000000, -1.000000000000000000 ) ) ;
#1276 = AXIS2_PLACEMENT_3D ( 'NONE', #5212, #4569, #361 ) ;
#1277 = FACE_BOUND ( 'NONE', #8824, .T. ) ;
#1278 = ORIENTED_EDGE ( 'NONE', *, *, #614, .T. ) ;
#1279 = ORIENTED_EDGE ( 'NONE', *, *, #3173, .T. ) ;
#1280 = DIRECTION ( 'NONE',  ( 1.000000000000000000, 0.000000000000000000, 0.000000000000000000 ) ) ;
#1281 = EDGE_LOOP ( 'NONE', ( #7953, #5646, #202, #4744 ) ) ;
#1282 = CIRCLE ( 'NONE', #3355, 2.999999999999999112 ) ;
#1283 = FILL_AREA_STYLE ('',( #6201 ) ) ;
#1284 = DIRECTION ( 'NONE',  ( 0.000000000000000000, 0.000000000000000000, 1.000000000000000000 ) ) ;
#1285 = ORIENTED_EDGE ( 'NONE', *, *, #3199, .T. ) ;
#1286 = AXIS2_PLACEMENT_3D ( 'NONE', #2153, #4987, #1459 ) ;
#1287 = LINE ( 'NONE', #3452, #2172 ) ;
#1288 = ORIENTED_EDGE ( 'NONE', *, *, #9063, .T. ) ;
#1289 = ORIENTED_EDGE ( 'NONE', *, *, #6369, .F. ) ;
#1290 = CARTESIAN_POINT ( 'NONE',  ( 0.000000000000000000, 0.000000000000000000, 7.500000000000007105 ) ) ;
#1291 = CARTESIAN_POINT ( 'NONE',  ( -23.36762239271864772, 8.526090763727191657, 8.000000000000000000 ) ) ;
#1292 = DIRECTION ( 'NONE',  ( 1.000000000000000000, 0.000000000000000000, 0.000000000000000000 ) ) ;
#1293 = LINE ( 'NONE', #8400, #6602 ) ;
#1294 = DIRECTION ( 'NONE',  ( -0.000000000000000000, -0.000000000000000000, 1.000000000000000000 ) ) ;
#1295 = CIRCLE ( 'NONE', #540, 1.500000000000001332 ) ;
#1296 = CARTESIAN_POINT ( 'NONE',  ( 28.03258089225491645, -9.188275600959332934, 8.000000000000000000 ) ) ;
#1297 = ORIENTED_EDGE ( 'NONE', *, *, #2100, .F. ) ;
#1298 = ORIENTED_EDGE ( 'NONE', *, *, #3163, .F. ) ;
#1299 = CARTESIAN_POINT ( 'NONE',  ( 16.38661371934879440, 10.75355247408268333, 5.762741699796959161 ) ) ;
#1300 = CARTESIAN_POINT ( 'NONE',  ( -19.87303449400720368, -2.250000000000010214, 3.851210412908274705 ) ) ;
#1301 = EDGE_CURVE ( 'NONE', #1705, #2669, #5134, .T. ) ;
#1302 = AXIS2_PLACEMENT_3D ( 'NONE', #7501, #1262, #1120 ) ;
#1303 = CARTESIAN_POINT ( 'NONE',  ( -11.50915609473087997, -16.35683404976405697, 2.627357046333696378 ) ) ;
#1304 = CARTESIAN_POINT ( 'NONE',  ( 9.476169651492748258, 23.97379462949500351, 0.4999999999999831246 ) ) ;
#1305 = CARTESIAN_POINT ( 'NONE',  ( -17.44427368066886785, -9.209631683944826008, 0.4999999999999831246 ) ) ;
#1306 = DIRECTION ( 'NONE',  ( -1.000000000000000000, 0.000000000000000000, 0.000000000000000000 ) ) ;
#1307 = ORIENTED_EDGE ( 'NONE', *, *, #3408, .F. ) ;
#1308 = DIRECTION ( 'NONE',  ( 0.000000000000000000, 0.000000000000000000, -1.000000000000000000 ) ) ;
#1309 = VECTOR ( 'NONE', #1227, 1000.000000000000341 ) ;
#1310 = VERTEX_POINT ( 'NONE', #504 ) ;
#1311 = DIRECTION ( 'NONE',  ( 4.588859039144119206E-16, -1.000000000000000000, 0.000000000000000000 ) ) ;
#1312 = VERTEX_POINT ( 'NONE', #3429 ) ;
#1313 = ADVANCED_FACE ( 'NONE', ( #6267 ), #5271, .F. ) ;
#1314 = FACE_OUTER_BOUND ( 'NONE', #2162, .T. ) ;
#1315 = EDGE_CURVE ( 'NONE', #6098, #3341, #3348, .T. ) ;
#1316 = CYLINDRICAL_SURFACE ( 'NONE', #4100, 1.999999999999998224 ) ;
#1317 = EDGE_CURVE ( 'NONE', #8361, #5915, #4707, .T. ) ;
#1318 = EDGE_CURVE ( 'NONE', #484, #5193, #3482, .T. ) ;
#1320 = VECTOR ( 'NONE', #6791, 999.9999999999998863 ) ;
#1319 = DIRECTION ( 'NONE',  ( -0.7071067811865500152, -6.133173666733554731E-16, 0.7071067811865450192 ) ) ;
#1321 = CARTESIAN_POINT ( 'NONE',  ( 1.800000000000000711, -21.92623998774071481, -0.0009999999999992653654 ) ) ;
#1322 = CARTESIAN_POINT ( 'NONE',  ( 11.88507440551854977, 16.08555272209469322, 4.293739341134277687 ) ) ;
#1323 = ORIENTED_EDGE ( 'NONE', *, *, #270, .F. ) ;
#1324 = CARTESIAN_POINT ( 'NONE',  ( 18.96762239271869888, -12.25000000000009948, 0.000000000000000000 ) ) ;
#1325 = DIRECTION ( 'NONE',  ( 0.9848077530122086864, 0.1736481776669271115, 0.000000000000000000 ) ) ;
#1326 = ORIENTED_EDGE ( 'NONE', *, *, #6520, .F. ) ;
#1327 = ADVANCED_FACE ( 'NONE', ( #5586 ), #6324, .F. ) ;
#1328 = ORIENTED_EDGE ( 'NONE', *, *, #5438, .T. ) ;
#1329 = CARTESIAN_POINT ( 'NONE',  ( 21.21762239271877704, 12.24999999999995381, 8.000000000000000000 ) ) ;
#1330 = VERTEX_POINT ( 'NONE', #5479 ) ;
#1331 = CARTESIAN_POINT ( 'NONE',  ( -25.50000000000000355, 3.780293665983593066, 8.000000000000000000 ) ) ;
#1332 = DIRECTION ( 'NONE',  ( -0.000000000000000000, -0.000000000000000000, 1.000000000000000000 ) ) ;
#1333 = DIRECTION ( 'NONE',  ( 1.000000000000000000, 0.000000000000000000, 0.000000000000000000 ) ) ;
#1334 = FACE_OUTER_BOUND ( 'NONE', #4996, .T. ) ;
#1335 = ORIENTED_EDGE ( 'NONE', *, *, #5750, .T. ) ;
#1336 = ORIENTED_EDGE ( 'NONE', *, *, #7416, .F. ) ;
#1337 = FACE_BOUND ( 'NONE', #5223, .T. ) ;
#1338 = VERTEX_POINT ( 'NONE', #8323 ) ;
#1339 = CARTESIAN_POINT ( 'NONE',  ( -16.02383034850701193, -20.19350096351154278, 0.000000000000000000 ) ) ;
#1340 = FACE_OUTER_BOUND ( 'NONE', #7748, .T. ) ;
#1341 = AXIS2_PLACEMENT_3D ( 'NONE', #4129, #633, #2873 ) ;
#1342 = CARTESIAN_POINT ( 'NONE',  ( -3.800000000000000711, 21.22168702059287071, 3.500000000000000444 ) ) ;
#1343 = DIRECTION ( 'NONE',  ( 0.000000000000000000, 0.000000000000000000, 1.000000000000000000 ) ) ;
#1344 = FACE_OUTER_BOUND ( 'NONE', #6944, .T. ) ;
#1345 = DIRECTION ( 'NONE',  ( 0.000000000000000000, 0.000000000000000000, -1.000000000000000000 ) ) ;
#1346 = EDGE_CURVE ( 'NONE', #3258, #8972, #1168, .T. ) ;
#1347 = ORIENTED_EDGE ( 'NONE', *, *, #965, .F. ) ;
#1348 = FACE_OUTER_BOUND ( 'NONE', #189, .T. ) ;
#1349 = CARTESIAN_POINT ( 'NONE',  ( -19.92836718756257142, -1.694405157294749609, 2.512384134223438537 ) ) ;
#1350 = DIRECTION ( 'NONE',  ( 0.000000000000000000, 0.000000000000000000, -1.000000000000000000 ) ) ;
#1351 = DIRECTION ( 'NONE',  ( -1.000000000000000000, -4.588859039144120192E-16, -0.000000000000000000 ) ) ;
#1352 = CARTESIAN_POINT ( 'NONE',  ( 25.19406861883199511, 5.248764295590000017, 0.4999999999999831246 ) ) ;
#1353 = DIRECTION ( 'NONE',  ( 0.7071067811865496822, 0.000000000000000000, -0.7071067811865453523 ) ) ;
#1354 = FACE_OUTER_BOUND ( 'NONE', #7649, .T. ) ;
#1355 = EDGE_CURVE ( 'NONE', #4296, #4280, #2599, .T. ) ;
#1356 = ORIENTED_EDGE ( 'NONE', *, *, #6486, .F. ) ;
#1357 = VECTOR ( 'NONE', #3557, 1000.000000000000000 ) ;
#1358 = DIRECTION ( 'NONE',  ( -0.000000000000000000, -0.000000000000000000, -1.000000000000000000 ) ) ;
#1359 = DIRECTION ( 'NONE',  ( -1.000000000000000000, 0.000000000000000000, 0.000000000000000000 ) ) ;
#1360 = CARTESIAN_POINT ( 'NONE',  ( -20.00001234668811279, -0.1470453051380895826, 6.250109748368738671 ) ) ;
#1361 = CARTESIAN_POINT ( 'NONE',  ( 19.71320343559646204, 16.57757573283802799, 0.3000000000000112022 ) ) ;
#1362 = CARTESIAN_POINT ( 'NONE',  ( 18.31001060738576669, 9.219192565372525294, 0.000000000000000000 ) ) ;
#1363 = ORIENTED_EDGE ( 'NONE', *, *, #6685, .F. ) ;
#1364 = EDGE_CURVE ( 'NONE', #8643, #5882, #4001, .T. ) ;
#1365 = ADVANCED_FACE ( 'NONE', ( #7587 ), #1265, .F. ) ;
#1366 = ADVANCED_FACE ( 'NONE', ( #3389 ), #9052, .F. ) ;
#1367 = DIRECTION ( 'NONE',  ( -0.9789804197376047457, -0.2039542541120019370, 0.000000000000000000 ) ) ;
#1368 = DIRECTION ( 'NONE',  ( -0.000000000000000000, -0.000000000000000000, 1.000000000000000000 ) ) ;
#1369 = ORIENTED_EDGE ( 'NONE', *, *, #2956, .T. ) ;
#1370 = VERTEX_POINT ( 'NONE', #6971 ) ;
#1371 = CARTESIAN_POINT ( 'NONE',  ( -16.38661371934865230, -10.75355247408290360, 0.4999999999999831246 ) ) ;
#1372 = FACE_OUTER_BOUND ( 'NONE', #1021, .T. ) ;
#1373 = CARTESIAN_POINT ( 'NONE',  ( 25.19406861883199511, 5.248764295590000017, 7.500000000000007105 ) ) ;
#1374 = CARTESIAN_POINT ( 'NONE',  ( -8.051471090958095544, -24.44308559639190648, 7.500000000000009770 ) ) ;
#1375 = UNCERTAINTY_MEASURE_WITH_UNIT (LENGTH_MEASURE( 1.000000000000000082E-05 ), #3894, 'distance_accuracy_value', 'NONE');
#1376 = ADVANCED_FACE ( 'NONE', ( #3726 ), #6373, .T. ) ;
#1377 = VERTEX_POINT ( 'NONE', #7223 ) ;
#1378 = DIRECTION ( 'NONE',  ( 5.569525272319630567E-16, -1.000000000000000000, 0.000000000000000000 ) ) ;
#1379 = EDGE_LOOP ( 'NONE', ( #7099, #6814, #3118, #387 ) ) ;
#1380 = DIRECTION ( 'NONE',  ( 0.000000000000000000, 0.000000000000000000, -1.000000000000000000 ) ) ;
#1381 = ORIENTED_EDGE ( 'NONE', *, *, #5316, .F. ) ;
#1382 = ORIENTED_EDGE ( 'NONE', *, *, #6685, .T. ) ;
#1383 = FACE_BOUND ( 'NONE', #706, .T. ) ;
#1384 = CIRCLE ( 'NONE', #5090, 2.000000000000000000 ) ;
#1385 = DIRECTION ( 'NONE',  ( 0.000000000000000000, 0.000000000000000000, 1.000000000000000000 ) ) ;
#1386 = CARTESIAN_POINT ( 'NONE',  ( -26.26880120609473579, 5.472666917936403586, 0.4999999999999831246 ) ) ;
#1387 = DIRECTION ( 'NONE',  ( 1.000000000000000000, -4.336808689942006692E-15, 0.000000000000000000 ) ) ;
#1388 = LINE ( 'NONE', #1989, #1409 ) ;
#1389 = DIRECTION ( 'NONE',  ( 0.4999999999999947820, -0.8660254037844417052, 0.000000000000000000 ) ) ;
#1390 = VERTEX_POINT ( 'NONE', #5032 ) ;
#1391 = AXIS2_PLACEMENT_3D ( 'NONE', #9048, #2686, #5521 ) ;
#1392 = CIRCLE ( 'NONE', #6575, 2.250000000000000888 ) ;
#1393 = ORIENTED_EDGE ( 'NONE', *, *, #2788, .T. ) ;
#1394 = DIRECTION ( 'NONE',  ( -0.3128606445978930894, -0.9497990403563223438, 0.000000000000000000 ) ) ;
#1395 = DIRECTION ( 'NONE',  ( 0.7071067811865463515, 0.000000000000000000, 0.7071067811865487940 ) ) ;
#1396 = DIRECTION ( 'NONE',  ( 0.6716093422004338898, -0.2212258833615683984, 0.7071067811865434649 ) ) ;
#1397 = FACE_OUTER_BOUND ( 'NONE', #4625, .T. ) ;
#1398 = CONICAL_SURFACE ( 'NONE', #2295, 2.500000000000003109, 0.7853981633974517207 ) ;
#1399 = CIRCLE ( 'NONE', #4385, 1.999999999999998224 ) ;
#1400 = CYLINDRICAL_SURFACE ( 'NONE', #4194, 0.4000000000000010214 ) ;
#1401 = DIRECTION ( 'NONE',  ( -0.7071067811865524577, 0.000000000000000000, -0.7071067811865426878 ) ) ;
#1402 = CARTESIAN_POINT ( 'NONE',  ( -16.02383034850701193, -20.19350096351154278, 7.500000000000009770 ) ) ;
#1403 = AXIS2_PLACEMENT_3D ( 'NONE', #297, #1006, #3749 ) ;
#1404 = DIRECTION ( 'NONE',  ( 0.000000000000000000, 0.000000000000000000, 1.000000000000000000 ) ) ;
#1405 = CIRCLE ( 'NONE', #52, 0.8000000000000020428 ) ;
#1406 = DIRECTION ( 'NONE',  ( 0.000000000000000000, 0.000000000000000000, 1.000000000000000000 ) ) ;
#1407 = DIRECTION ( 'NONE',  ( -0.1864190604946345531, 0.6820908545672591528, 0.7071067811865502373 ) ) ;
#1408 = CARTESIAN_POINT ( 'NONE',  ( -3.799999999999982059, -29.75836016987465271, 7.500000000000007105 ) ) ;
#1409 = VECTOR ( 'NONE', #5661, 1000.000000000000000 ) ;
#1410 = CARTESIAN_POINT ( 'NONE',  ( 25.65693844375873311, -8.409608177149218378, 0.4999999999999831246 ) ) ;
#1411 = AXIS2_PLACEMENT_3D ( 'NONE', #1819, #3946, #4516 ) ;
#1412 = DIRECTION ( 'NONE',  ( 1.000000000000000000, 0.000000000000000000, 0.000000000000000000 ) ) ;
#1413 = CARTESIAN_POINT ( 'NONE',  ( 21.21762239271877704, 12.24999999999995381, 7.500000000000007105 ) ) ;
#1414 = AXIS2_PLACEMENT_3D ( 'NONE', #3094, #5280, #296 ) ;
#1415 = FACE_OUTER_BOUND ( 'NONE', #370, .T. ) ;
#1416 = VERTEX_POINT ( 'NONE', #7919 ) ;
#1417 = EDGE_LOOP ( 'NONE', ( #320, #8202, #7477, #3182, #619, #1955, #2333, #8097, #5620, #6089, #8844, #7937, #6103, #4837, #1926, #6972, #5350, #3992, #4629, #1180, #4766, #6672, #2933, #5310, #6899, #2022, #3329, #1476, #6382, #6914, #3039, #1943, #466, #8472, #7777, #8241, #3517, #8596, #916, #3252, #9087, #7154, #8894, #8558, #854, #8803, #2213, #1666, #3246, #6855, #4049, #6900, #1852, #7606, #6049, #86, #2978, #2658, #1335, #4309, #7568, #1802, #6766, #3412, #4579, #371, #1167, #1126, #8646, #7032, #1784, #8932, #199, #6830, #2265, #4868 ) ) ;
#1418 = AXIS2_PLACEMENT_3D ( 'NONE', #5016, #7858, #1485 ) ;
#1419 = VERTEX_POINT ( 'NONE', #7126 ) ;
#1420 = ADVANCED_FACE ( 'NONE', ( #4931 ), #517, .T. ) ;
#1421 = DIRECTION ( 'NONE',  ( 0.5000000000000097700, 0.8660254037844329345, 0.000000000000000000 ) ) ;
#1422 = CARTESIAN_POINT ( 'NONE',  ( -23.46762239271860295, 12.25000000000024691, 3.500000000000000444 ) ) ;
#1423 = DIRECTION ( 'NONE',  ( -0.000000000000000000, -0.000000000000000000, -1.000000000000000000 ) ) ;
#1424 = AXIS2_PLACEMENT_3D ( 'NONE', #8608, #5075, #924 ) ;
#1425 = CARTESIAN_POINT ( 'NONE',  ( 8.394932025663695896, 25.48578263040957381, 0.4999999999999831246 ) ) ;
#1426 = AXIS2_PLACEMENT_3D ( 'NONE', #8507, #1406, #7768 ) ;
#1427 = LINE ( 'NONE', #5457, #8426 ) ;
#1428 = VERTEX_POINT ( 'NONE', #99 ) ;
#1429 = LINE ( 'NONE', #4253, #3942 ) ;
#1430 = VERTEX_POINT ( 'NONE', #8657 ) ;
#1431 = DIRECTION ( 'NONE',  ( 0.6716093422004332236, -0.2212258833615713682, 0.7071067811865431318 ) ) ;
#1432 = ADVANCED_FACE ( 'NONE', ( #2103 ), #1457, .F. ) ;
#1433 = DIRECTION ( 'NONE',  ( 0.9848077530122086864, 0.1736481776669268340, 0.000000000000000000 ) ) ;
#1434 = ADVANCED_FACE ( 'NONE', ( #5124 ), #2294, .T. ) ;
#1435 = PLANE ( 'NONE',  #3788 ) ;
#1436 = EDGE_CURVE ( 'NONE', #6250, #1895, #2905, .T. ) ;
#1437 = CARTESIAN_POINT ( 'NONE',  ( -25.65693844375873667, -8.409608177149221930, 0.000000000000000000 ) ) ;
#1438 = LINE ( 'NONE', #7615, #4221 ) ;
#1439 = CARTESIAN_POINT ( 'NONE',  ( 0.000000000000000000, 0.000000000000000000, 7.500000000000007105 ) ) ;
#1440 = ORIENTED_EDGE ( 'NONE', *, *, #786, .F. ) ;
#1441 = ORIENTED_EDGE ( 'NONE', *, *, #1831, .F. ) ;
#1442 = CARTESIAN_POINT ( 'NONE',  ( -8.227241335952195200, -4.749999999999949374, 8.000000000000000000 ) ) ;
#1443 = EDGE_CURVE ( 'NONE', #4298, #8842, #4377, .T. ) ;
#1444 = ADVANCED_FACE ( 'NONE', ( #836, #2884, #5729, #5874, #4427 ), #4232, .F. ) ;
#1445 = CARTESIAN_POINT ( 'NONE',  ( -8.261226302091831286, -18.21424899471640657, 2.872566994419019970 ) ) ;
#1446 = DIRECTION ( 'NONE',  ( -0.1442174361344396583, -0.6922436934453175539, 0.7071067811865433539 ) ) ;
#1447 = EDGE_CURVE ( 'NONE', #5689, #6501, #1737, .T. ) ;
#1448 = CARTESIAN_POINT ( 'NONE',  ( -5.388994684366968713, 29.35610405768599662, 8.000000000000001776 ) ) ;
#1449 = AXIS2_PLACEMENT_3D ( 'NONE', #3567, #7069, #2243 ) ;
#1450 = CIRCLE ( 'NONE', #5007, 1.999999999999998224 ) ;
#1451 = CARTESIAN_POINT ( 'NONE',  ( 2.250000000000000888, -24.50000000000000000, 0.000000000000000000 ) ) ;
#1452 = CARTESIAN_POINT ( 'NONE',  ( -26.20250231963095189, 29.11230498193643257, -22.14792473069883982 ) ) ;
#1453 = CARTESIAN_POINT ( 'NONE',  ( 0.000000000000000000, 0.000000000000000000, 0.4999999999999831246 ) ) ;
#1454 = B_SPLINE_CURVE_WITH_KNOTS ( 'NONE', 3,
 ( #1408, #887, #4381, #5126 ),
 .UNSPECIFIED., .F., .F.,
 ( 4, 4 ),
 ( 0.000000000000000000, 0.0009103982056681121865 ),
 .UNSPECIFIED. ) ;
#1455 = VECTOR ( 'NONE', #3144, 1000.000000000000000 ) ;
#1456 = VERTEX_POINT ( 'NONE', #699 ) ;
#1457 = CYLINDRICAL_SURFACE ( 'NONE', #79, 2.250000000000000888 ) ;
#1458 = DIRECTION ( 'NONE',  ( -0.000000000000000000, -0.000000000000000000, -1.000000000000000000 ) ) ;
#1459 = DIRECTION ( 'NONE',  ( 0.8660254037844328234, -0.5000000000000101030, 0.000000000000000000 ) ) ;
#1460 = AXIS2_PLACEMENT_3D ( 'NONE', #4668, #3875, #1081 ) ;
#1461 = CARTESIAN_POINT ( 'NONE',  ( -5.800000000000000711, 21.22168702059287071, -0.0009999999999992653654 ) ) ;
#1462 = LINE ( 'NONE', #7883, #8282 ) ;
#1463 = ADVANCED_FACE ( 'NONE', ( #6517 ), #5573, .F. ) ;
#1464 = CARTESIAN_POINT ( 'NONE',  ( -19.31762239271856885, 15.54089653438109586, 7.500000000000007105 ) ) ;
#1465 = ORIENTED_EDGE ( 'NONE', *, *, #1558, .T. ) ;
#1466 = AXIS2_PLACEMENT_3D ( 'NONE', #3401, #7646, #2112 ) ;
#1467 = ORIENTED_EDGE ( 'NONE', *, *, #3967, .T. ) ;
#1468 = CIRCLE ( 'NONE', #9168, 0.4000000000000010214 ) ;
#1469 = EDGE_LOOP ( 'NONE', ( #2985, #7196, #6070, #8549 ) ) ;
#1470 = B_SPLINE_CURVE_WITH_KNOTS ( 'NONE', 3,
 ( #295, #3134, #5979, #8814, #2446, #5279, #6241, #2706, #8390, #6895, #2027, #6798, #5546, #6840, #4109, #4013, #4861, #4057, #2665, #425, #8253, #5499, #7519, #2569, #3262, #3449 ),
 .UNSPECIFIED., .F., .F.,
 ( 4, 2, 2, 2, 2, 2, 2, 2, 2, 2, 2, 2, 4 ),
 ( 0.007040093150452957256, 0.007919896263996381233, 0.008799699377539806078, 0.009239600934311517633, 0.009679502491083229188, 0.01011940404785494074, 0.01055930560462665056, 0.01099920716139836212, 0.01143910871817007367, 0.01187901027494178349, 0.01231891183171349505, 0.01319871494525692163, 0.01407851805880034474 ),
 .UNSPECIFIED. ) ;
#1471 = CARTESIAN_POINT ( 'NONE',  ( -3.589199869236606943, 29.28084090832557607, 0.000000000000000000 ) ) ;
#1472 = FACE_OUTER_BOUND ( 'NONE', #3345, .T. ) ;
#1473 = CARTESIAN_POINT ( 'NONE',  ( 19.82771188433711274, 5.206903247777549204, 8.000000000000000000 ) ) ;
#1474 = CARTESIAN_POINT ( 'NONE',  ( -19.91998085260520668, 1.799330972190673394, 5.382365989591963995 ) ) ;
#1475 = AXIS2_PLACEMENT_3D ( 'NONE', #269, #3111, #5962 ) ;
#1476 = ORIENTED_EDGE ( 'NONE', *, *, #2050, .T. ) ;
#1477 = EDGE_CURVE ( 'NONE', #3778, #4674, #665, .T. ) ;
#1478 = ORIENTED_EDGE ( 'NONE', *, *, #6656, .F. ) ;
#1479 = FACE_OUTER_BOUND ( 'NONE', #6620, .T. ) ;
#1480 = ORIENTED_EDGE ( 'NONE', *, *, #5920, .F. ) ;
#1481 = ORIENTED_EDGE ( 'NONE', *, *, #9075, .F. ) ;
#1482 = AXIS2_PLACEMENT_3D ( 'NONE', #4556, #2366, #5203 ) ;
#1483 = FACE_OUTER_BOUND ( 'NONE', #3006, .T. ) ;
#1484 = LINE ( 'NONE', #4311, #4080 ) ;
#1485 = DIRECTION ( 'NONE',  ( 1.000000000000000000, 3.469446951953615372E-15, 0.000000000000000000 ) ) ;
#1486 = EDGE_LOOP ( 'NONE', ( #3586, #4257 ) ) ;
#1487 = DIRECTION ( 'NONE',  ( 1.000000000000000000, -1.776356839400250465E-15, 0.000000000000000000 ) ) ;
#1488 = CARTESIAN_POINT ( 'NONE',  ( -5.218661820319051792, 30.00401851210632387, 0.5077014623271823845 ) ) ;
#1489 = ORIENTED_EDGE ( 'NONE', *, *, #8099, .T. ) ;
#1490 = EDGE_CURVE ( 'NONE', #668, #5823, #4832, .T. ) ;
#1491 = CYLINDRICAL_SURFACE ( 'NONE', #9153, 3.000000000000000888 ) ;
#1492 = EDGE_CURVE ( 'NONE', #713, #6053, #7655, .T. ) ;
#1493 = EDGE_CURVE ( 'NONE', #6634, #3551, #2175, .T. ) ;
#1494 = ORIENTED_EDGE ( 'NONE', *, *, #2542, .T. ) ;
#1495 = FACE_OUTER_BOUND ( 'NONE', #259, .T. ) ;
#1496 = EDGE_LOOP ( 'NONE', ( #7328, #390, #3677, #2670 ) ) ;
#1497 = CONICAL_SURFACE ( 'NONE', #6669, 1.000000000000000888, 0.7853981633974426169 ) ;
#1498 = DIRECTION ( 'NONE',  ( -0.5267003637674785299, -0.4717909778781361751, 0.7071067811865459074 ) ) ;
#1499 = ORIENTED_EDGE ( 'NONE', *, *, #5627, .T. ) ;
#1500 = FACE_OUTER_BOUND ( 'NONE', #2317, .T. ) ;
#1501 = CARTESIAN_POINT ( 'NONE',  ( 19.94492973649562373, 1.486806453009166917, 5.695106815462732897 ) ) ;
#1502 = CARTESIAN_POINT ( 'NONE',  ( -5.941659990284276383, 29.57408689748578823, 7.999999999999998224 ) ) ;
#1503 = CARTESIAN_POINT ( 'NONE',  ( -5.814612548920996105, 30.07120436105906691, 7.524358027056166520 ) ) ;
#1504 = CARTESIAN_POINT ( 'NONE',  ( 26.26880120609473579, -5.472666917936403586, 7.500000000000007105 ) ) ;
#1505 = ORIENTED_EDGE ( 'NONE', *, *, #2212, .T. ) ;
#1506 = DIRECTION ( 'NONE',  ( -1.000000000000000000, 0.000000000000000000, 0.000000000000000000 ) ) ;
#1507 = EDGE_CURVE ( 'NONE', #3233, #6060, #3641, .T. ) ;
#1508 = EDGE_CURVE ( 'NONE', #8850, #7607, #5997, .T. ) ;
#1509 = ORIENTED_EDGE ( 'NONE', *, *, #6646, .F. ) ;
#1510 = CARTESIAN_POINT ( 'NONE',  ( 15.47852007099596072, 15.63379085224614684, 8.000000000000000000 ) ) ;
#1511 = CARTESIAN_POINT ( 'NONE',  ( -23.99999999999999289, -3.780293665983592177, -0.0009999999999992653654 ) ) ;
#1512 = DIRECTION ( 'NONE',  ( 0.000000000000000000, 0.000000000000000000, 1.000000000000000000 ) ) ;
#1513 = DIRECTION ( 'NONE',  ( 0.000000000000000000, 0.000000000000000000, 1.000000000000000000 ) ) ;
#1514 = CARTESIAN_POINT ( 'NONE',  ( 11.16550329795151164, 16.59356847956851766, 5.788698481632258641 ) ) ;
#1515 = CARTESIAN_POINT ( 'NONE',  ( -3.799999999999999378, -29.25423046330196186, 3.500000000000000444 ) ) ;
#1516 = CONICAL_SURFACE ( 'NONE', #5071, 0.8999999999999875877, 0.7853981633974543852 ) ;
#1517 = VECTOR ( 'NONE', #3525, 1000.000000000000114 ) ;
#1518 = CARTESIAN_POINT ( 'NONE',  ( 25.50000000000000000, 3.780293665983593066, 8.000000000000000000 ) ) ;
#1519 = FACE_OUTER_BOUND ( 'NONE', #5505, .T. ) ;
#1520 = EDGE_LOOP ( 'NONE', ( #7505, #7849, #8211, #6476 ) ) ;
#1521 = VERTEX_POINT ( 'NONE', #3149 ) ;
#1522 = ORIENTED_EDGE ( 'NONE', *, *, #6371, .T. ) ;
#1523 = CARTESIAN_POINT ( 'NONE',  ( -6.743638761811171278, 30.56067433517326393, 0.000000000000000000 ) ) ;
#1524 = DIRECTION ( 'NONE',  ( -0.1442174361344418787, 0.6922436934453155555, 0.7071067811865446862 ) ) ;
#1525 = DIRECTION ( 'NONE',  ( 1.000000000000000000, 0.000000000000000000, 0.000000000000000000 ) ) ;
#1526 = LINE ( 'NONE', #5753, #3524 ) ;
#1527 = ORIENTED_EDGE ( 'NONE', *, *, #561, .T. ) ;
#1528 = DIRECTION ( 'NONE',  ( -0.8660254037844400399, 0.4999999999999976130, 0.000000000000000000 ) ) ;
#1529 = VERTEX_POINT ( 'NONE', #3771 ) ;
#1530 = VERTEX_POINT ( 'NONE', #8835 ) ;
#1531 = PLANE ( 'NONE',  #5214 ) ;
#1532 = FACE_OUTER_BOUND ( 'NONE', #2271, .T. ) ;
#1533 = CARTESIAN_POINT ( 'NONE',  ( 15.47852007099596072, 15.63379085224614684, -0.0009999999999992653654 ) ) ;
#1534 = EDGE_LOOP ( 'NONE', ( #8332, #6107, #5654, #5352, #3799 ) ) ;
#1535 = DIRECTION ( 'NONE',  ( -1.000000000000000000, -4.588859039144119206E-16, 0.000000000000000000 ) ) ;
#1536 = CIRCLE ( 'NONE', #9084, 4.000000000000001776 ) ;
#1537 = VERTEX_POINT ( 'NONE', #4650 ) ;
#1538 = CARTESIAN_POINT ( 'NONE',  ( 28.03258089225492711, -9.188275600959336487, 0.000000000000000000 ) ) ;
#1539 = CARTESIAN_POINT ( 'NONE',  ( -9.476169651492579504, -23.97379462949506745, 0.4999999999999831246 ) ) ;
#1540 = ORIENTED_EDGE ( 'NONE', *, *, #1226, .F. ) ;
#1541 = CARTESIAN_POINT ( 'NONE',  ( -1.360023205165817945E-15, 24.50000000000000000, 3.500000000000000444 ) ) ;
#1542 = CARTESIAN_POINT ( 'NONE',  ( -26.42408113730069275, 19.76785107312754164, 7.500000000000009770 ) ) ;
#1543 = CARTESIAN_POINT ( 'NONE',  ( -6.594325571725103252, 29.99398764234690162, 8.000000000000000000 ) ) ;
#1544 = ADVANCED_FACE ( 'NONE', ( #928 ), #4236, .T. ) ;
#1545 = CIRCLE ( 'NONE', #1222, 29.50000000000000355 ) ;
#1546 = CARTESIAN_POINT ( 'NONE',  ( 18.24679157355308590, 19.68005582490333794, 0.000000000000000000 ) ) ;
#1547 = CARTESIAN_POINT ( 'NONE',  ( -21.21762239271860651, 12.25000000000024691, 0.000000000000000000 ) ) ;
#1548 = DIRECTION ( 'NONE',  ( -0.000000000000000000, -0.000000000000000000, -1.000000000000000000 ) ) ;
#1549 = ORIENTED_EDGE ( 'NONE', *, *, #5867, .F. ) ;
#1550 = B_SPLINE_CURVE_WITH_KNOTS ( 'NONE', 3,
 ( #4781, #8598, #5021, #2236 ),
 .UNSPECIFIED., .F., .F.,
 ( 4, 4 ),
 ( 4.639371914526406556E-17, 0.0009103982056681536031 ),
 .UNSPECIFIED. ) ;
#1551 = AXIS2_PLACEMENT_3D ( 'NONE', #4545, #166, #4462 ) ;
#1552 = DIRECTION ( 'NONE',  ( 0.000000000000000000, 1.000000000000000000, 0.000000000000000000 ) ) ;
#1553 = AXIS2_PLACEMENT_3D ( 'NONE', #8807, #2438, #8126 ) ;
#1554 = CARTESIAN_POINT ( 'NONE',  ( 3.800000000000005151, -29.75836016987478416, 0.000000000000000000 ) ) ;
#1555 = CARTESIAN_POINT ( 'NONE',  ( 20.27852007099588860, -7.319946975915660126, 7.500000000000007105 ) ) ;
#1556 = ADVANCED_FACE ( 'NONE', ( #2415 ), #8838, .F. ) ;
#1557 = ADVANCED_FACE ( 'NONE', ( #5257 ), #8707, .F. ) ;
#1558 = EDGE_CURVE ( 'NONE', #4597, #6720, #4543, .T. ) ;
#1559 = CARTESIAN_POINT ( 'NONE',  ( -25.19406861883199511, -5.248764295590000017, 7.500000000000009770 ) ) ;
#1560 = AXIS2_PLACEMENT_3D ( 'NONE', #6141, #4755, #1077 ) ;
#1561 = AXIS2_PLACEMENT_3D ( 'NONE', #281, #4663, #323 ) ;
#1562 = CARTESIAN_POINT ( 'NONE',  ( -6.754034138861511494, 30.57401029349516008, 0.000000000000000000 ) ) ;
#1563 = ORIENTED_EDGE ( 'NONE', *, *, #6294, .F. ) ;
#1564 = ORIENTED_EDGE ( 'NONE', *, *, #1995, .F. ) ;
#1565 = EDGE_LOOP ( 'NONE', ( #1070, #1680, #1197, #2266 ) ) ;
#1566 = AXIS2_PLACEMENT_3D ( 'NONE', #2677, #678, #9187 ) ;
#1567 = CARTESIAN_POINT ( 'NONE',  ( -5.606304844344622396, 30.21056405884682050, 0.5095352127747163617 ) ) ;
#1568 = CIRCLE ( 'NONE', #648, 20.00000000000000000 ) ;
#1569 = EDGE_CURVE ( 'NONE', #1835, #7490, #8883, .T. ) ;
#1570 = AXIS2_PLACEMENT_3D ( 'NONE', #396, #8911, #3236 ) ;
#1571 = DIRECTION ( 'NONE',  ( 0.9848077530122084644, 0.1736481776669281663, 0.000000000000000000 ) ) ;
#1572 = CARTESIAN_POINT ( 'NONE',  ( 29.61795310372519907, 41.16783444510228662, 10.28000334725075859 ) ) ;
#1573 = CONICAL_SURFACE ( 'NONE', #4067, 20.00000000000000000, 0.7853981633974552734 ) ;
#1574 = ORIENTED_EDGE ( 'NONE', *, *, #272, .F. ) ;
#1575 = B_SPLINE_CURVE_WITH_KNOTS ( 'NONE', 3,
 ( #7117, #732, #6404, #37, #2927, #5719, #8553, #7871, #1501, #4320, #7159, #5772, #1104, #6549 ),
 .UNSPECIFIED., .F., .F.,
 ( 4, 2, 2, 2, 2, 2, 4 ),
 ( 0.01056095195335758283, 0.01100064771653792850, 0.01144034347971827244, 0.01188003924289861811, 0.01231973500607896378, 0.01319912653243965686, 0.01407851805880034821 ),
 .UNSPECIFIED. ) ;
#1576 = DIRECTION ( 'NONE',  ( -0.000000000000000000, -0.000000000000000000, 1.000000000000000000 ) ) ;
#1577 = EDGE_LOOP ( 'NONE', ( #2623, #7179, #3600, #770 ) ) ;
#1578 = CONICAL_SURFACE ( 'NONE', #7961, 2.500000000000005773, 0.7853981633974509435 ) ;
#1579 = AXIS2_PLACEMENT_3D ( 'NONE', #1237, #534, #3373 ) ;
#1580 = DIRECTION ( 'NONE',  ( -0.000000000000000000, -0.000000000000000000, 1.000000000000000000 ) ) ;
#1581 = VERTEX_POINT ( 'NONE', #3242 ) ;
#1582 = ADVANCED_FACE ( 'NONE', ( #3197 ), #6046, .F. ) ;
#1583 = VERTEX_POINT ( 'NONE', #5172 ) ;
#1584 = DIRECTION ( 'NONE',  ( -1.000000000000000000, 0.000000000000000000, 0.000000000000000000 ) ) ;
#1585 = CARTESIAN_POINT ( 'NONE',  ( 0.000000000000000000, 0.000000000000000000, 2.999999999999746869 ) ) ;
#1586 = LINE ( 'NONE', #7296, #2710 ) ;
#1587 = VECTOR ( 'NONE', #7727, 1000.000000000000341 ) ;
#1588 = FACE_OUTER_BOUND ( 'NONE', #3940, .T. ) ;
#1589 = CARTESIAN_POINT ( 'NONE',  ( -4.742447442393820545, 29.84356565037365883, 0.5054032399728173308 ) ) ;
#1590 = VERTEX_POINT ( 'NONE', #1115 ) ;
#1591 = AXIS2_PLACEMENT_3D ( 'NONE', #2435, #7895, #1625 ) ;
#1592 = VERTEX_POINT ( 'NONE', #1650 ) ;
#1593 = PLANE ( 'NONE',  #882 ) ;
#1594 = ORIENTED_EDGE ( 'NONE', *, *, #1946, .F. ) ;
#1595 = LINE ( 'NONE', #6361, #8134 ) ;
#1596 = CARTESIAN_POINT ( 'NONE',  ( 9.476169651492748258, 23.97379462949500351, 0.4999999999999831246 ) ) ;
#1597 = DIRECTION ( 'NONE',  ( 1.000000000000000000, 0.000000000000000000, 0.000000000000000000 ) ) ;
#1598 = LINE ( 'NONE', #7118, #4071 ) ;
#1599 = VECTOR ( 'NONE', #7602, 1000.000000000000000 ) ;
#1600 = DIRECTION ( 'NONE',  ( 0.000000000000000000, 0.000000000000000000, -1.000000000000000000 ) ) ;
#1601 = ORIENTED_EDGE ( 'NONE', *, *, #1436, .F. ) ;
#1602 = ORIENTED_EDGE ( 'NONE', *, *, #6191, .F. ) ;
#1603 = EDGE_CURVE ( 'NONE', #2923, #1830, #1137, .T. ) ;
#1604 = DIRECTION ( 'NONE',  ( -0.000000000000000000, 0.000000000000000000, -1.000000000000000000 ) ) ;
#1605 = CARTESIAN_POINT ( 'NONE',  ( -25.19406861883199511, -5.248764295590000017, 7.500000000000009770 ) ) ;
#1606 = AXIS2_PLACEMENT_3D ( 'NONE', #3523, #1817, #6635 ) ;
#1607 = FACE_OUTER_BOUND ( 'NONE', #8378, .T. ) ;
#1608 = FACE_BOUND ( 'NONE', #2177, .T. ) ;
#1609 = VECTOR ( 'NONE', #8650, 1000.000000000000114 ) ;
#1610 = EDGE_CURVE ( 'NONE', #4685, #6822, #5905, .T. ) ;
#1611 = EDGE_CURVE ( 'NONE', #3806, #668, #6926, .T. ) ;
#1612 = EDGE_CURVE ( 'NONE', #1529, #8330, #4570, .T. ) ;
#1613 = LINE ( 'NONE', #7885, #8542 ) ;
#1614 = ORIENTED_EDGE ( 'NONE', *, *, #521, .F. ) ;
#1615 = ORIENTED_EDGE ( 'NONE', *, *, #8711, .T. ) ;
#1616 = VECTOR ( 'NONE', #3409, 1000.000000000000000 ) ;
#1617 = CARTESIAN_POINT ( 'NONE',  ( -5.769973651400928993, 29.72568430323648414, 0.000000000000000000 ) ) ;
#1618 = ORIENTED_EDGE ( 'NONE', *, *, #3633, .T. ) ;
#1619 = FACE_OUTER_BOUND ( 'NONE', #545, .T. ) ;
#1620 = DIRECTION ( 'NONE',  ( 1.000000000000000000, 0.000000000000000000, 0.000000000000000000 ) ) ;
#1621 = FACE_OUTER_BOUND ( 'NONE', #6440, .T. ) ;
#1622 = CIRCLE ( 'NONE', #3381, 1.500000000000001332 ) ;
#1623 = VERTEX_POINT ( 'NONE', #6687 ) ;
#1624 = EDGE_CURVE ( 'NONE', #1895, #4853, #3382, .T. ) ;
#1625 = DIRECTION ( 'NONE',  ( 1.000000000000000000, 0.000000000000000000, 0.000000000000000000 ) ) ;
#1626 = EDGE_LOOP ( 'NONE', ( #4308, #3125, #2849, #1481 ) ) ;
#1627 = ORIENTED_EDGE ( 'NONE', *, *, #3338, .F. ) ;
#1628 = DIRECTION ( 'NONE',  ( -0.6719331540025080818, -0.2202404062660771877, 0.7071067811865441310 ) ) ;
#1629 = LINE ( 'NONE', #4458, #225 ) ;
#1630 = FACE_OUTER_BOUND ( 'NONE', #5540, .T. ) ;
#1631 = DIRECTION ( 'NONE',  ( -0.000000000000000000, -0.000000000000000000, 1.000000000000000000 ) ) ;
#1632 = DIRECTION ( 'NONE',  ( 0.04545686450484945351, -0.7056441549884705511, -0.7071067811865441310 ) ) ;
#1633 = VERTEX_POINT ( 'NONE', #8919 ) ;
#1634 = ORIENTED_EDGE ( 'NONE', *, *, #8025, .T. ) ;
#1635 = DIRECTION ( 'NONE',  ( -0.000000000000000000, -0.000000000000000000, -1.000000000000000000 ) ) ;
#1636 = ORIENTED_EDGE ( 'NONE', *, *, #8799, .F. ) ;
#1637 = DIRECTION ( 'NONE',  ( 0.1729873939250869685, -0.9810602621904072063, -0.08715574274766210716 ) ) ;
#1638 = AXIS2_PLACEMENT_3D ( 'NONE', #4126, #9044, #6915 ) ;
#1639 = ORIENTED_EDGE ( 'NONE', *, *, #8298, .F. ) ;
#1640 = DIRECTION ( 'NONE',  ( -0.000000000000000000, -0.000000000000000000, -1.000000000000000000 ) ) ;
#1641 = ORIENTED_EDGE ( 'NONE', *, *, #2729, .T. ) ;
#1642 = CYLINDRICAL_SURFACE ( 'NONE', #9039, 2.250000000000000888 ) ;
#1643 = DIRECTION ( 'NONE',  ( 0.000000000000000000, 0.000000000000000000, 1.000000000000000000 ) ) ;
#1644 = CARTESIAN_POINT ( 'NONE',  ( -4.692038059196017130, 29.72427491997260773, 7.509592110300197909 ) ) ;
#1645 = FACE_OUTER_BOUND ( 'NONE', #8744, .T. ) ;
#1646 = VERTEX_POINT ( 'NONE', #6115 ) ;
#1647 = AXIS2_PLACEMENT_3D ( 'NONE', #7920, #3022, #6518 ) ;
#1648 = EDGE_LOOP ( 'NONE', ( #6072, #1100 ) ) ;
#1649 = CARTESIAN_POINT ( 'NONE',  ( 27.67149588207851707, -11.58828355055664971, 2.999999999999960920 ) ) ;
#1650 = CARTESIAN_POINT ( 'NONE',  ( 23.99999999999999289, -2.249999999999990230, 3.999999999999999112 ) ) ;
#1651 = CARTESIAN_POINT ( 'NONE',  ( -15.02383034850703325, -18.46145015594266070, 0.000000000000000000 ) ) ;
#1652 = DIRECTION ( 'NONE',  ( 0.1736481776669278887, -0.9848077530122085754, 0.000000000000000000 ) ) ;
#1653 = EDGE_CURVE ( 'NONE', #7260, #3130, #1806, .T. ) ;
#1654 = CIRCLE ( 'NONE', #301, 29.49999999999974065 ) ;
#1655 = DIRECTION ( 'NONE',  ( 1.000000000000000000, 0.000000000000000000, 0.000000000000000000 ) ) ;
#1656 = ORIENTED_EDGE ( 'NONE', *, *, #922, .F. ) ;
#1657 = ORIENTED_EDGE ( 'NONE', *, *, #3396, .F. ) ;
#1658 = CARTESIAN_POINT ( 'NONE',  ( -6.509516536460928648, 30.29705865038174650, 0.000000000000000000 ) ) ;
#1659 = ADVANCED_FACE ( 'NONE', ( #7006 ), #4706, .T. ) ;
#1660 = CARTESIAN_POINT ( 'NONE',  ( -26.16682407903874008, -5.962157127805205015, 8.000000000000000000 ) ) ;
#1661 = EDGE_CURVE ( 'NONE', #5928, #4555, #8569, .T. ) ;
#1662 = VECTOR ( 'NONE', #4870, 1000.000000000000000 ) ;
#1663 = LINE ( 'NONE', #6658, #5996 ) ;
#1664 = ORIENTED_EDGE ( 'NONE', *, *, #8813, .T. ) ;
#1665 = CARTESIAN_POINT ( 'NONE',  ( -6.146904033799033051, 30.64675009579033116, 0.3862479290011738842 ) ) ;
#1666 = ORIENTED_EDGE ( 'NONE', *, *, #7389, .T. ) ;
#1667 = FACE_OUTER_BOUND ( 'NONE', #6500, .T. ) ;
#1668 = ORIENTED_EDGE ( 'NONE', *, *, #2155, .F. ) ;
#1669 = ORIENTED_EDGE ( 'NONE', *, *, #2168, .T. ) ;
#1670 = FACE_OUTER_BOUND ( 'NONE', #6345, .T. ) ;
#1671 = EDGE_CURVE ( 'NONE', #2966, #2727, #4739, .T. ) ;
#1672 = LINE ( 'NONE', #6625, #2696 ) ;
#1673 = EDGE_CURVE ( 'NONE', #4114, #2480, #3994, .T. ) ;
#1674 = DIRECTION ( 'NONE',  ( -0.000000000000000000, -0.000000000000000000, -1.000000000000000000 ) ) ;
#1675 = EDGE_CURVE ( 'NONE', #1198, #6247, #3363, .T. ) ;
#1676 = FACE_OUTER_BOUND ( 'NONE', #5008, .T. ) ;
#1677 = ORIENTED_EDGE ( 'NONE', *, *, #2595, .F. ) ;
#1678 = DIRECTION ( 'NONE',  ( -1.000000000000000000, 0.000000000000000000, 0.000000000000000000 ) ) ;
#1679 = ORIENTED_EDGE ( 'NONE', *, *, #2170, .T. ) ;
#1680 = ORIENTED_EDGE ( 'NONE', *, *, #8080, .F. ) ;
#1681 = VERTEX_POINT ( 'NONE', #8269 ) ;
#1682 = CARTESIAN_POINT ( 'NONE',  ( -23.36679327408270268, -7.717321694993468206, 0.000000000000000000 ) ) ;
#1683 =( NAMED_UNIT ( * ) PLANE_ANGLE_UNIT ( ) SI_UNIT ( $, .RADIAN. ) );
#1684 = CARTESIAN_POINT ( 'NONE',  ( -5.580797992737732471, 29.95717222395113666, 7.521324152322960366 ) ) ;
#1685 = EDGE_CURVE ( 'NONE', #753, #9062, #7579, .T. ) ;
#1686 = CARTESIAN_POINT ( 'NONE',  ( -8.726169651492593715, -22.67475652381839879, 7.500000000000009770 ) ) ;
#1687 = CIRCLE ( 'NONE', #4185, 1.999999999999998224 ) ;
#1688 = DIRECTION ( 'NONE',  ( 0.000000000000000000, 0.000000000000000000, 1.000000000000000000 ) ) ;
#1689 = DIRECTION ( 'NONE',  ( 0.000000000000000000, 0.000000000000000000, 1.000000000000000000 ) ) ;
#1690 = DIRECTION ( 'NONE',  ( 0.6661197751397005540, 0.7458447862443196019, 0.000000000000000000 ) ) ;
#1691 = CIRCLE ( 'NONE', #3902, 1.999999999999991340 ) ;
#1692 = CARTESIAN_POINT ( 'NONE',  ( -19.06762239271856529, 15.97390923627330395, 8.000000000000000000 ) ) ;
#1693 = EDGE_LOOP ( 'NONE', ( #1679, #6400, #5486, #8977, #862 ) ) ;
#1694 = AXIS2_PLACEMENT_3D ( 'NONE', #6214, #4875, #584 ) ;
#1695 = CIRCLE ( 'NONE', #1223, 2.999999999999999112 ) ;
#1696 = EDGE_LOOP ( 'NONE', ( #8256, #3909, #6384, #586 ) ) ;
#1697 = ORIENTED_EDGE ( 'NONE', *, *, #8354, .F. ) ;
#1698 = CARTESIAN_POINT ( 'NONE',  ( -4.118135838672276172, 29.75582654915842440, 0.5023390987518635553 ) ) ;
#1699 = AXIS2_PLACEMENT_3D ( 'NONE', #8854, #551, #8077 ) ;
#1700 = VECTOR ( 'NONE', #5830, 1000.000000000000114 ) ;
#1701 = ORIENTED_EDGE ( 'NONE', *, *, #7773, .T. ) ;
#1702 = FACE_OUTER_BOUND ( 'NONE', #8680, .T. ) ;
#1703 = ORIENTED_EDGE ( 'NONE', *, *, #6472, .F. ) ;
#1704 = CYLINDRICAL_SURFACE ( 'NONE', #1460, 1.000000000000000888 ) ;
#1705 = VERTEX_POINT ( 'NONE', #6172 ) ;
#1706 = AXIS2_PLACEMENT_3D ( 'NONE', #4181, #5484, #1965 ) ;
#1707 = CARTESIAN_POINT ( 'NONE',  ( 19.34410915545081622, -5.079905607587989813, 7.500000000000007105 ) ) ;
#1708 = VERTEX_POINT ( 'NONE', #9001 ) ;
#1709 = EDGE_CURVE ( 'NONE', #1243, #773, #1450, .T. ) ;
#1710 = AXIS2_PLACEMENT_3D ( 'NONE', #2116, #1934, #4053 ) ;
#1711 = ORIENTED_EDGE ( 'NONE', *, *, #7557, .F. ) ;
#1712 = DIRECTION ( 'NONE',  ( 0.6661197751396954470, 0.7458447862443241538, 0.000000000000000000 ) ) ;
#1713 = ORIENTED_EDGE ( 'NONE', *, *, #494, .F. ) ;
#1714 = CARTESIAN_POINT ( 'NONE',  ( 8.778687993543091039, 17.97158722844405077, 2.201327482641104005 ) ) ;
#1715 = CARTESIAN_POINT ( 'NONE',  ( -25.65693844375873311, 8.409608177149218378, 0.4999999999999831246 ) ) ;
#1716 = AXIS2_PLACEMENT_3D ( 'NONE', #3245, #7497, #1793 ) ;
#1717 = LINE ( 'NONE', #7386, #7827 ) ;
#1718 = DIRECTION ( 'NONE',  ( -0.000000000000000000, -0.000000000000000000, 1.000000000000000000 ) ) ;
#1719 = DIRECTION ( 'NONE',  ( -0.6123724356958026860, -0.3535533905932728982, 0.7071067811865409114 ) ) ;
#1720 = VERTEX_POINT ( 'NONE', #4783 ) ;
#1721 = CIRCLE ( 'NONE', #7204, 29.49999999999999645 ) ;
#1722 = EDGE_LOOP ( 'NONE', ( #8987, #2147, #4711, #8948, #6157 ) ) ;
#1723 = CARTESIAN_POINT ( 'NONE',  ( -8.545534904594552117, -26.42436456420330515, 0.4999999999999831246 ) ) ;
#1724 = EDGE_CURVE ( 'NONE', #3544, #4889, #7627, .T. ) ;
#1725 = EDGE_CURVE ( 'NONE', #5544, #7003, #1595, .T. ) ;
#1726 = ADVANCED_FACE ( 'NONE', ( #5623 ), #7535, .F. ) ;
#1727 = AXIS2_PLACEMENT_3D ( 'NONE', #6391, #2859, #8483 ) ;
#1728 = DIRECTION ( 'NONE',  ( 1.000000000000000000, 0.000000000000000000, 0.000000000000000000 ) ) ;
#1729 = CARTESIAN_POINT ( 'NONE',  ( 0.000000000000000000, 0.000000000000000000, 8.000000000000000000 ) ) ;
#1730 = ORIENTED_EDGE ( 'NONE', *, *, #5339, .F. ) ;
#1731 = VECTOR ( 'NONE', #6474, 1000.000000000000000 ) ;
#1732 = DIRECTION ( 'NONE',  ( -0.4999999999999976130, -0.8660254037844400399, 0.000000000000000000 ) ) ;
#1733 = CARTESIAN_POINT ( 'NONE',  ( -6.010495088252620022, 30.18663681433493196, 7.526876017794486451 ) ) ;
#1734 = VECTOR ( 'NONE', #6163, 1000.000000000000114 ) ;
#1735 = CARTESIAN_POINT ( 'NONE',  ( 9.476169651492748258, 23.97379462949500351, 0.000000000000000000 ) ) ;
#1736 = VECTOR ( 'NONE', #2754, 1000.000000000000000 ) ;
#1737 = CIRCLE ( 'NONE', #1272, 1.500000000000011768 ) ;
#1738 = ORIENTED_EDGE ( 'NONE', *, *, #9124, .T. ) ;
#1739 = FACE_OUTER_BOUND ( 'NONE', #3545, .T. ) ;
#1740 = ADVANCED_FACE ( 'NONE', ( #7815 ), #775, .F. ) ;
#1741 = CARTESIAN_POINT ( 'NONE',  ( 19.99202247858982062, -0.5828825925286715837, 6.178135019414465745 ) ) ;
#1742 = AXIS2_PLACEMENT_3D ( 'NONE', #7892, #2855, #5795 ) ;
#1743 = ORIENTED_EDGE ( 'NONE', *, *, #7582, .T. ) ;
#1744 = CIRCLE ( 'NONE', #1742, 2.000000000000000000 ) ;
#1745 = FACE_OUTER_BOUND ( 'NONE', #8339, .T. ) ;
#1746 = ORIENTED_EDGE ( 'NONE', *, *, #9113, .F. ) ;
#1747 = VERTEX_POINT ( 'NONE', #7115 ) ;
#1748 = DIRECTION ( 'NONE',  ( 0.000000000000000000, 0.000000000000000000, 1.000000000000000000 ) ) ;
#1749 = VERTEX_POINT ( 'NONE', #8552 ) ;
#1750 = VECTOR ( 'NONE', #1351, 1000.000000000000000 ) ;
#1751 = ORIENTED_EDGE ( 'NONE', *, *, #6691, .T. ) ;
#1752 = EDGE_CURVE ( 'NONE', #3170, #8433, #8451, .T. ) ;
#1753 = EDGE_LOOP ( 'NONE', ( #8364, #901, #6631, #5831, #2356 ) ) ;
#1754 = FACE_OUTER_BOUND ( 'NONE', #349, .T. ) ;
#1755 = VERTEX_POINT ( 'NONE', #2872 ) ;
#1756 = CARTESIAN_POINT ( 'NONE',  ( 18.24679157355308590, 19.68005582490333794, 0.000000000000000000 ) ) ;
#1757 = ORIENTED_EDGE ( 'NONE', *, *, #7915, .T. ) ;
#1758 = CONICAL_SURFACE ( 'NONE', #8145, 2.500000000000009326, 0.7853981633974543852 ) ;
#1759 = VERTEX_POINT ( 'NONE', #8599 ) ;
#1760 = DIRECTION ( 'NONE',  ( -0.000000000000000000, -0.000000000000000000, 1.000000000000000000 ) ) ;
#1761 = FACE_OUTER_BOUND ( 'NONE', #2029, .T. ) ;
#1762 = CYLINDRICAL_SURFACE ( 'NONE', #3908, 1.500000000000001332 ) ;
#1763 = DIRECTION ( 'NONE',  ( -5.569525272319630567E-16, 1.000000000000000000, 0.000000000000000000 ) ) ;
#1764 = CARTESIAN_POINT ( 'NONE',  ( 17.71320343559646204, 16.57757573283802799, 0.3000000000000112022 ) ) ;
#1765 = ADVANCED_FACE ( 'NONE', ( #4416, #6506 ), #730, .T. ) ;
#1766 = AXIS2_PLACEMENT_3D ( 'NONE', #5583, #2965, #5810 ) ;
#1767 = VERTEX_POINT ( 'NONE', #8648 ) ;
#1768 = DIRECTION ( 'NONE',  ( 1.000000000000000000, 0.000000000000000000, 0.000000000000000000 ) ) ;
#1769 = ORIENTED_EDGE ( 'NONE', *, *, #7173, .T. ) ;
#1770 = ORIENTED_EDGE ( 'NONE', *, *, #6486, .T. ) ;
#1771 = ORIENTED_EDGE ( 'NONE', *, *, #4549, .T. ) ;
#1772 = DIRECTION ( 'NONE',  ( 1.000000000000000000, 0.000000000000000000, 0.000000000000000000 ) ) ;
#1773 = DIRECTION ( 'NONE',  ( -0.3535533905932785048, -0.6123724356957940262, 0.7071067811865455743 ) ) ;
#1774 = ORIENTED_EDGE ( 'NONE', *, *, #4086, .F. ) ;
#1775 = AXIS2_PLACEMENT_3D ( 'NONE', #9162, #1275, #7551 ) ;
#1776 = DIRECTION ( 'NONE',  ( -0.000000000000000000, -0.000000000000000000, 1.000000000000000000 ) ) ;
#1777 = CARTESIAN_POINT ( 'NONE',  ( -19.34410915545089082, -5.079905607587723360, 7.500000000000007105 ) ) ;
#1778 = CARTESIAN_POINT ( 'NONE',  ( 0.000000000000000000, 0.000000000000000000, 0.000000000000000000 ) ) ;
#1779 = ADVANCED_FACE ( 'NONE', ( #5023 ), #2092, .T. ) ;
#1780 = DIRECTION ( 'NONE',  ( 1.000000000000000000, 2.664535259100375697E-15, 0.000000000000000000 ) ) ;
#1781 = EDGE_CURVE ( 'NONE', #5084, #940, #9193, .T. ) ;
#1782 = EDGE_CURVE ( 'NONE', #5928, #6562, #6402, .T. ) ;
#1783 = EDGE_CURVE ( 'NONE', #8969, #563, #7067, .T. ) ;
#1784 = ORIENTED_EDGE ( 'NONE', *, *, #1018, .T. ) ;
#1785 = EDGE_CURVE ( 'NONE', #1855, #8868, #837, .T. ) ;
#1786 = ORIENTED_EDGE ( 'NONE', *, *, #6930, .T. ) ;
#1787 = LINE ( 'NONE', #4478, #1165 ) ;
#1788 = CARTESIAN_POINT ( 'NONE',  ( 25.50000000000000000, 3.780293665983593066, 7.500000000000007105 ) ) ;
#1789 = DIRECTION ( 'NONE',  ( 1.000000000000000000, 0.000000000000000000, 0.000000000000000000 ) ) ;
#1790 = CONICAL_SURFACE ( 'NONE', #568, 2.500000000000002220, 0.7853981633974552734 ) ;
#1791 = CYLINDRICAL_SURFACE ( 'NONE', #6439, 30.00000000000000000 ) ;
#1792 = EDGE_CURVE ( 'NONE', #8796, #5816, #2240, .T. ) ;
#1793 = DIRECTION ( 'NONE',  ( 1.000000000000000000, -3.469446951953614189E-15, 0.000000000000000000 ) ) ;
#1794 = ADVANCED_FACE ( 'NONE', ( #4222 ), #2476, .F. ) ;
#1795 = EDGE_LOOP ( 'NONE', ( #6776, #4471, #2345, #5022 ) ) ;
#1796 = ORIENTED_EDGE ( 'NONE', *, *, #6240, .F. ) ;
#1797 = LINE ( 'NONE', #3208, #347 ) ;
#1798 = ORIENTED_EDGE ( 'NONE', *, *, #4145, .T. ) ;
#1799 = CARTESIAN_POINT ( 'NONE',  ( 0.000000000000000000, 0.000000000000000000, 0.4999999999999831246 ) ) ;
#1800 = CARTESIAN_POINT ( 'NONE',  ( 5.545534904594735082, 26.42436456420327318, 0.000000000000000000 ) ) ;
#1801 = ORIENTED_EDGE ( 'NONE', *, *, #4839, .F. ) ;
#1802 = ORIENTED_EDGE ( 'NONE', *, *, #1709, .T. ) ;
#1803 = CARTESIAN_POINT ( 'NONE',  ( 17.14259752787363666, 19.19432130080187804, 7.500000000000007105 ) ) ;
#1804 = CARTESIAN_POINT ( 'NONE',  ( 17.86342498281539903, 8.994334210119545148, 0.4999999999999830136 ) ) ;
#1805 = EDGE_CURVE ( 'NONE', #3359, #5167, #6678, .T. ) ;
#1806 = B_SPLINE_CURVE_WITH_KNOTS ( 'NONE', 3,
 ( #8952, #1300, #2044, #6259, #4031, #6862, #8409, #1161, #1349, #6916, #2731, #1909, #9045, #6218, #4881, #4128, #2000, #588, #4698, #7538, #4833, #8317, #5369, #9090, #489, #7670, #6963, #5517, #7718, #4171 ),
 .UNSPECIFIED., .F., .F.,
 ( 4, 2, 2, 2, 2, 2, 2, 2, 2, 2, 2, 2, 2, 2, 4 ),
 ( 0.000000000000000000, 0.0004400058219033106959, 0.0008800116438066213917, 0.001320017465709932142, 0.001760023287613242783, 0.002640034931419863416, 0.003520046575226483832, 0.003960052397129793823, 0.004400058219033103381, 0.004840064040936413806, 0.005280069862839723363, 0.005720075684743033788, 0.006160081506646343345, 0.006600087328549652903, 0.007040093150452963328 ),
 .UNSPECIFIED. ) ;
#1807 = DIRECTION ( 'NONE',  ( 1.000000000000000000, 0.000000000000000000, 0.000000000000000000 ) ) ;
#1808 = CARTESIAN_POINT ( 'NONE',  ( 3.800000000000005151, -29.75836016987478416, 0.4999999999999831801 ) ) ;
#1809 = DIRECTION ( 'NONE',  ( 0.000000000000000000, 0.000000000000000000, -1.000000000000000000 ) ) ;
#1810 = CARTESIAN_POINT ( 'NONE',  ( -5.493914722692018415, 30.14379718200714109, 0.5090068084730309250 ) ) ;
#1811 = VERTEX_POINT ( 'NONE', #4642 ) ;
#1812 = ORIENTED_EDGE ( 'NONE', *, *, #5168, .T. ) ;
#1813 = DIRECTION ( 'NONE',  ( -0.4999999999999947820, 0.8660254037844417052, 0.000000000000000000 ) ) ;
#1814 = EDGE_LOOP ( 'NONE', ( #2575, #283, #157, #4111 ) ) ;
#1815 = VERTEX_POINT ( 'NONE', #3009 ) ;
#1816 = CARTESIAN_POINT ( 'NONE',  ( -8.545534904594552117, -26.42436456420330515, 8.000000000000000000 ) ) ;
#1817 = DIRECTION ( 'NONE',  ( 0.000000000000000000, 0.000000000000000000, 1.000000000000000000 ) ) ;
#1818 = ORIENTED_EDGE ( 'NONE', *, *, #5063, .F. ) ;
#1819 = CARTESIAN_POINT ( 'NONE',  ( 0.000000000000000000, 0.000000000000000000, 3.500000000000000444 ) ) ;
#1820 = DIRECTION ( 'NONE',  ( -0.9789804197376047457, -0.2039542541120019370, 0.000000000000000000 ) ) ;
#1821 = EDGE_CURVE ( 'NONE', #1837, #7738, #8140, .T. ) ;
#1822 = FACE_OUTER_BOUND ( 'NONE', #2202, .T. ) ;
#1823 = EDGE_CURVE ( 'NONE', #9030, #3644, #8743, .T. ) ;
#1824 = CARTESIAN_POINT ( 'NONE',  ( 14.42316642979168329, 14.56785056686571878, 8.000000000000000000 ) ) ;
#1825 = EDGE_CURVE ( 'NONE', #5965, #800, #4854, .T. ) ;
#1826 = ADVANCED_FACE ( 'NONE', ( #221 ), #4603, .T. ) ;
#1827 = ORIENTED_EDGE ( 'NONE', *, *, #2892, .T. ) ;
#1828 = CARTESIAN_POINT ( 'NONE',  ( 25.19406861883199866, -5.248764295590000017, 0.4999999999999831246 ) ) ;
#1829 = AXIS2_PLACEMENT_3D ( 'NONE', #6431, #5545, #9173 ) ;
#1830 = VERTEX_POINT ( 'NONE', #875 ) ;
#1831 = EDGE_CURVE ( 'NONE', #3258, #8962, #3203, .T. ) ;
#1832 = B_SPLINE_CURVE_WITH_KNOTS ( 'NONE', 3,
 ( #6074, #3191, #2504, #7532 ),
 .UNSPECIFIED., .F., .F.,
 ( 4, 4 ),
 ( 0.000000000000000000, 1.000000000000000000 ),
 .UNSPECIFIED. ) ;
#1833 = ADVANCED_FACE ( 'NONE', ( #4513 ), #4470, .T. ) ;
#1834 = CARTESIAN_POINT ( 'NONE',  ( -5.342406340693627520, 30.06302784406658191, 0.5082918905612094918 ) ) ;
#1835 = VERTEX_POINT ( 'NONE', #7441 ) ;
#1836 = ORIENTED_EDGE ( 'NONE', *, *, #4316, .F. ) ;
#1837 = VERTEX_POINT ( 'NONE', #351 ) ;
#1838 = CARTESIAN_POINT ( 'NONE',  ( -15.02383034850702970, -18.46145015594265715, 0.000000000000000000 ) ) ;
#1839 = CIRCLE ( 'NONE', #1977, 4.000000000000000888 ) ;
#1840 = CARTESIAN_POINT ( 'NONE',  ( 16.69791183812880675, 10.50236831605509380, 3.500000000000000444 ) ) ;
#1841 = EDGE_CURVE ( 'NONE', #5915, #5838, #7990, .T. ) ;
#1842 = DIRECTION ( 'NONE',  ( 0.1729873939250869685, -0.9810602621904072063, -0.08715574274766210716 ) ) ;
#1843 = ORIENTED_EDGE ( 'NONE', *, *, #7034, .T. ) ;
#1844 = ORIENTED_EDGE ( 'NONE', *, *, #2839, .F. ) ;
#1845 = AXIS2_PLACEMENT_3D ( 'NONE', #399, #5993, #3238 ) ;
#1846 = VECTOR ( 'NONE', #8732, 1000.000000000000000 ) ;
#1847 = ORIENTED_EDGE ( 'NONE', *, *, #547, .T. ) ;
#1848 = LINE ( 'NONE', #1808, #4404 ) ;
#1849 = CIRCLE ( 'NONE', #5256, 4.000000000000000888 ) ;
#1850 = VERTEX_POINT ( 'NONE', #5988 ) ;
#1851 = ADVANCED_FACE ( 'NONE', ( #8786 ), #1758, .T. ) ;
#1852 = ORIENTED_EDGE ( 'NONE', *, *, #6364, .T. ) ;
#1853 = CIRCLE ( 'NONE', #7038, 29.50000000000000355 ) ;
#1854 = ORIENTED_EDGE ( 'NONE', *, *, #5548, .F. ) ;
#1855 = VERTEX_POINT ( 'NONE', #5205 ) ;
#1856 = CARTESIAN_POINT ( 'NONE',  ( -23.11762239271864772, 8.959103465619401518, 7.500000000000007105 ) ) ;
#1857 = CARTESIAN_POINT ( 'NONE',  ( 17.50615648315908857, 8.814447525917151083, 0.4999999999999831246 ) ) ;
#1858 = DIRECTION ( 'NONE',  ( 1.000000000000000000, 0.000000000000000000, 0.000000000000000000 ) ) ;
#1859 = VECTOR ( 'NONE', #3512, 1000.000000000000114 ) ;
#1860 = CONICAL_SURFACE ( 'NONE', #7045, 2.500000000000009326, 0.7853981633974543852 ) ;
#1861 = VECTOR ( 'NONE', #4871, 1000.000000000000000 ) ;
#1862 = CARTESIAN_POINT ( 'NONE',  ( -4.704552936575291611, 29.22177168977911776, 7.999999999999998224 ) ) ;
#1863 = EDGE_LOOP ( 'NONE', ( #3331, #919, #2538, #2944 ) ) ;
#1864 = VECTOR ( 'NONE', #4789, 1000.000000000000114 ) ;
#1865 = ORIENTED_EDGE ( 'NONE', *, *, #6077, .F. ) ;
#1866 = DIRECTION ( 'NONE',  ( 0.000000000000000000, 0.000000000000000000, 1.000000000000000000 ) ) ;
#1867 = CIRCLE ( 'NONE', #360, 1.500000000000008216 ) ;
#1868 = DIRECTION ( 'NONE',  ( 4.588859039144119206E-16, -1.000000000000000000, 0.000000000000000000 ) ) ;
#1869 = DIRECTION ( 'NONE',  ( -0.8660254037844432595, -0.4999999999999919509, 0.000000000000000000 ) ) ;
#1870 = CARTESIAN_POINT ( 'NONE',  ( -5.449824036286820217, 29.90434724371457875, 7.519612223278007157 ) ) ;
#1871 = AXIS2_PLACEMENT_3D ( 'NONE', #4137, #597, #9101 ) ;
#1872 = ADVANCED_FACE ( 'NONE', ( #2409 ), #5323, .F. ) ;
#1873 = DIRECTION ( 'NONE',  ( 0.000000000000000000, 0.000000000000000000, -1.000000000000000000 ) ) ;
#1874 = VECTOR ( 'NONE', #3128, 1000.000000000000000 ) ;
#1875 = ORIENTED_EDGE ( 'NONE', *, *, #12, .T. ) ;
#1876 = CARTESIAN_POINT ( 'NONE',  ( -5.460991616003863847, 30.12537589586644415, 0.5088526417226814091 ) ) ;
#1877 = VERTEX_POINT ( 'NONE', #8096 ) ;
#1878 = VECTOR ( 'NONE', #40, 1000.000000000000114 ) ;
#1879 = ADVANCED_FACE ( 'NONE', ( #6593 ), #2041, .F. ) ;
#1880 = EDGE_CURVE ( 'NONE', #752, #5816, #1190, .T. ) ;
#1881 = DIRECTION ( 'NONE',  ( -1.000000000000000000, 0.000000000000000000, -0.000000000000000000 ) ) ;
#1882 = FACE_OUTER_BOUND ( 'NONE', #5458, .T. ) ;
#1883 = ORIENTED_EDGE ( 'NONE', *, *, #1200, .T. ) ;
#1884 = ORIENTED_EDGE ( 'NONE', *, *, #6019, .T. ) ;
#1885 = VECTOR ( 'NONE', #8563, 999.9999999999997726 ) ;
#1886 = AXIS2_PLACEMENT_3D ( 'NONE', #3186, #2369, #3851 ) ;
#1887 = ORIENTED_EDGE ( 'NONE', *, *, #3970, .F. ) ;
#1888 = CARTESIAN_POINT ( 'NONE',  ( 19.97558214360380902, -0.9973532374623881314, 1.977740686560160333 ) ) ;
#1889 = DIRECTION ( 'NONE',  ( 1.000000000000000000, 0.000000000000000000, 0.000000000000000000 ) ) ;
#1890 = PLANE ( 'NONE',  #1260 ) ;
#1891 = CARTESIAN_POINT ( 'NONE',  ( -20.27852007099584242, 7.319946975915807563, 7.500000000000007105 ) ) ;
#1892 = ADVANCED_FACE ( 'NONE', ( #4689 ), #4865, .F. ) ;
#1893 = DIRECTION ( 'NONE',  ( 0.3535533905933241905, -0.6123724356957810366, -0.7071067811865339170 ) ) ;
#1894 = VECTOR ( 'NONE', #2672, 1000.000000000000114 ) ;
#1895 = VERTEX_POINT ( 'NONE', #7528 ) ;
#1896 = ORIENTED_EDGE ( 'NONE', *, *, #5684, .F. ) ;
#1897 = CARTESIAN_POINT ( 'NONE',  ( -21.21762239271885875, -12.24999999999980460, 3.500000000000000444 ) ) ;
#1898 = ORIENTED_EDGE ( 'NONE', *, *, #441, .T. ) ;
#1899 = DIRECTION ( 'NONE',  ( -0.000000000000000000, 0.000000000000000000, 1.000000000000000000 ) ) ;
#1900 = CARTESIAN_POINT ( 'NONE',  ( 26.16682407903874008, -5.962157127805196133, 0.000000000000000000 ) ) ;
#1901 = CIRCLE ( 'NONE', #6051, 1.199999999999996625 ) ;
#1902 = EDGE_CURVE ( 'NONE', #3551, #6634, #8420, .T. ) ;
#1903 = CARTESIAN_POINT ( 'NONE',  ( -21.35322048454213828, 29.69020270911398640, -19.02808290795733370 ) ) ;
#1904 = ORIENTED_EDGE ( 'NONE', *, *, #4681, .F. ) ;
#1905 = ORIENTED_EDGE ( 'NONE', *, *, #6568, .T. ) ;
#1906 = AXIS2_PLACEMENT_3D ( 'NONE', #1511, #4332, #6269 ) ;
#1907 = DIRECTION ( 'NONE',  ( 1.000000000000000000, 0.000000000000000000, 0.000000000000000000 ) ) ;
#1908 = VECTOR ( 'NONE', #8428, 1000.000000000000000 ) ;
#1909 = CARTESIAN_POINT ( 'NONE',  ( -19.99310622907723101, -0.5908766988857042657, 1.809279685798099502 ) ) ;
#1910 = CARTESIAN_POINT ( 'NONE',  ( -17.50615648315903528, -8.814447525917257664, 0.4999999999999831246 ) ) ;
#1911 = CARTESIAN_POINT ( 'NONE',  ( -5.814612548920996105, 30.07120436105906691, 7.524358027056166520 ) ) ;
#1912 = EDGE_CURVE ( 'NONE', #8777, #6223, #5507, .T. ) ;
#1913 = DIRECTION ( 'NONE',  ( 1.000000000000000000, 0.000000000000000000, 0.000000000000000000 ) ) ;
#1914 = VERTEX_POINT ( 'NONE', #5555 ) ;
#1915 = CIRCLE ( 'NONE', #1022, 1.199999999999996625 ) ;
#1916 = EDGE_LOOP ( 'NONE', ( #3823, #5552, #3503, #8986 ) ) ;
#1917 = DIRECTION ( 'NONE',  ( 0.6661197751397005540, 0.7458447862443196019, 0.000000000000000000 ) ) ;
#1918 = AXIS2_PLACEMENT_3D ( 'NONE', #8226, #7626, #2545 ) ;
#1919 = CARTESIAN_POINT ( 'NONE',  ( 21.21762239271869532, -12.25000000000009948, 0.000000000000000000 ) ) ;
#1920 = ORIENTED_EDGE ( 'NONE', *, *, #1508, .F. ) ;
#1921 = EDGE_CURVE ( 'NONE', #6424, #3227, #7898, .T. ) ;
#1922 = DIRECTION ( 'NONE',  ( 1.000000000000000000, 0.000000000000000000, 0.000000000000000000 ) ) ;
#1923 = EDGE_LOOP ( 'NONE', ( #3941, #6216, #2527, #5348, #8600 ) ) ;
#1924 = ORIENTED_EDGE ( 'NONE', *, *, #6588, .T. ) ;
#1925 = CARTESIAN_POINT ( 'NONE',  ( 9.004243673683081539, 17.86048789438269324, 2.033735400249739200 ) ) ;
#1926 = ORIENTED_EDGE ( 'NONE', *, *, #180, .T. ) ;
#1927 = CARTESIAN_POINT ( 'NONE',  ( 21.21762239271869532, -12.25000000000009948, -0.001000000000000132727 ) ) ;
#1928 = AXIS2_PLACEMENT_3D ( 'NONE', #8954, #1253, #7580 ) ;
#1929 = LINE ( 'NONE', #8471, #5038 ) ;
#1930 = DIRECTION ( 'NONE',  ( -0.9789804197376047457, -0.2039542541120019370, 0.000000000000000000 ) ) ;
#1931 = ORIENTED_EDGE ( 'NONE', *, *, #910, .T. ) ;
#1932 = ORIENTED_EDGE ( 'NONE', *, *, #2961, .F. ) ;
#1933 = ADVANCED_FACE ( 'NONE', ( #3253 ), #4938, .F. ) ;
#1934 = DIRECTION ( 'NONE',  ( -0.000000000000000000, -0.000000000000000000, 1.000000000000000000 ) ) ;
#1935 = ADVANCED_FACE ( 'NONE', ( #7779 ), #7246, .F. ) ;
#1936 = ORIENTED_EDGE ( 'NONE', *, *, #2514, .T. ) ;
#1937 = EDGE_CURVE ( 'NONE', #2348, #7694, #5010, .T. ) ;
#1938 = CARTESIAN_POINT ( 'NONE',  ( 1.800000000000000711, -21.92623998774071481, 2.999999999999746869 ) ) ;
#1939 = CARTESIAN_POINT ( 'NONE',  ( 16.38661371934879440, 10.75355247408268333, 3.500000000000000444 ) ) ;
#1940 = LINE ( 'NONE', #3450, #8227 ) ;
#1941 = VERTEX_POINT ( 'NONE', #5784 ) ;
#1942 = LINE ( 'NONE', #7043, #4718 ) ;
#1943 = ORIENTED_EDGE ( 'NONE', *, *, #1247, .T. ) ;
#1944 = ORIENTED_EDGE ( 'NONE', *, *, #4460, .F. ) ;
#1945 = CARTESIAN_POINT ( 'NONE',  ( 7.920032505485545826, 25.64221295270851897, 0.000000000000000000 ) ) ;
#1946 = EDGE_CURVE ( 'NONE', #7291, #6825, #3687, .T. ) ;
#1947 = CARTESIAN_POINT ( 'NONE',  ( 8.051471090958266075, 24.44308559639185319, 7.500000000000007105 ) ) ;
#1948 = ADVANCED_FACE ( 'NONE', ( #3026 ), #8863, .T. ) ;
#1949 = DIRECTION ( 'NONE',  ( 0.000000000000000000, 0.000000000000000000, -1.000000000000000000 ) ) ;
#1950 = CARTESIAN_POINT ( 'NONE',  ( -18.96762239271886230, -12.24999999999980460, 3.500000000000000444 ) ) ;
#1951 = DIRECTION ( 'NONE',  ( 1.000000000000000000, 0.000000000000000000, 0.000000000000000000 ) ) ;
#1952 = DIRECTION ( 'NONE',  ( -0.1729873939250868853, 0.9810602621904068732, 0.08715574274766416107 ) ) ;
#1953 = VECTOR ( 'NONE', #1002, 1000.000000000000227 ) ;
#1954 = ORIENTED_EDGE ( 'NONE', *, *, #5128, .F. ) ;
#1955 = ORIENTED_EDGE ( 'NONE', *, *, #6858, .T. ) ;
#1956 = CARTESIAN_POINT ( 'NONE',  ( 19.87303449400720012, -2.249999999999992006, 3.999999999999999112 ) ) ;
#1957 = DIRECTION ( 'NONE',  ( 1.000000000000000000, 8.673617379884043361E-16, 0.000000000000000000 ) ) ;
#1958 = CYLINDRICAL_SURFACE ( 'NONE', #4899, 30.00000000000000000 ) ;
#1959 = CARTESIAN_POINT ( 'NONE',  ( -4.462573132559452205, 29.70960335784018014, 7.506525100171279163 ) ) ;
#1960 = PLANE ( 'NONE',  #6715 ) ;
#1961 = ORIENTED_EDGE ( 'NONE', *, *, #8701, .F. ) ;
#1962 = CARTESIAN_POINT ( 'NONE',  ( 21.97357053353092482, 19.68278938585539350, 0.000000000000000000 ) ) ;
#1963 = LINE ( 'NONE', #7383, #193 ) ;
#1964 = CARTESIAN_POINT ( 'NONE',  ( -26.42408113730069275, 19.76785107312754164, 8.000000000000000000 ) ) ;
#1965 = DIRECTION ( 'NONE',  ( 0.8660254037844432595, 0.4999999999999919509, -0.000000000000000000 ) ) ;
#1966 = CARTESIAN_POINT ( 'NONE',  ( -19.34410915545078069, 5.079905607588125704, -0.0009999999999992653654 ) ) ;
#1967 = ORIENTED_EDGE ( 'NONE', *, *, #8027, .T. ) ;
#1968 = LINE ( 'NONE', #6977, #513 ) ;
#1969 = VECTOR ( 'NONE', #8188, 1000.000000000000000 ) ;
#1970 = CARTESIAN_POINT ( 'NONE',  ( -5.545534904594551229, -26.42436456420330515, 8.000000000000000000 ) ) ;
#1971 = CARTESIAN_POINT ( 'NONE',  ( -30.55042647435206149, 30.73552626110850738, 8.287613951067289264 ) ) ;
#1972 = ORIENTED_EDGE ( 'NONE', *, *, #3192, .F. ) ;
#1973 = ORIENTED_EDGE ( 'NONE', *, *, #7844, .T. ) ;
#1974 = CARTESIAN_POINT ( 'NONE',  ( 17.32050807568882078, 9.999999999999916511, 5.762741699796959161 ) ) ;
#1975 = ORIENTED_EDGE ( 'NONE', *, *, #2492, .T. ) ;
#1976 = AXIS2_PLACEMENT_3D ( 'NONE', #6084, #5377, #155 ) ;
#1977 = AXIS2_PLACEMENT_3D ( 'NONE', #456, #9105, #8424 ) ;
#1978 = EDGE_CURVE ( 'NONE', #2348, #6714, #8758, .T. ) ;
#1979 = DIRECTION ( 'NONE',  ( -1.000000000000000000, 0.000000000000000000, 0.000000000000000000 ) ) ;
#1980 = CIRCLE ( 'NONE', #4657, 1.999999999999991340 ) ;
#1981 = AXIS2_PLACEMENT_3D ( 'NONE', #6666, #8370, #4497 ) ;
#1982 = CIRCLE ( 'NONE', #5856, 2.999999999999999112 ) ;
#1983 = ORIENTED_EDGE ( 'NONE', *, *, #1261, .F. ) ;
#1984 = LINE ( 'NONE', #1945, #3772 ) ;
#1985 = CARTESIAN_POINT ( 'NONE',  ( 23.29855367578807090, -15.52988720552799329, 3.500000000000000444 ) ) ;
#1986 = LINE ( 'NONE', #4119, #5873 ) ;
#1987 = FACE_OUTER_BOUND ( 'NONE', #5137, .T. ) ;
#1988 = VECTOR ( 'NONE', #2571, 1000.000000000000114 ) ;
#1989 = CARTESIAN_POINT ( 'NONE',  ( 23.11762239271871167, -8.959103465619239870, 3.500000000000000444 ) ) ;
#1990 = CARTESIAN_POINT ( 'NONE',  ( -5.703881814439086817, 29.43614570146805320, 8.000000000000001776 ) ) ;
#1991 = ORIENTED_EDGE ( 'NONE', *, *, #22, .F. ) ;
#1992 = VECTOR ( 'NONE', #3583, 1000.000000000000000 ) ;
#1993 = AXIS2_PLACEMENT_3D ( 'NONE', #1371, #4904, #7739 ) ;
#1994 = ORIENTED_EDGE ( 'NONE', *, *, #7867, .T. ) ;
#1995 = EDGE_CURVE ( 'NONE', #8957, #7585, #8063, .T. ) ;
#1996 = ADVANCED_FACE ( 'NONE', ( #9098 ), #8190, .T. ) ;
#1997 = VERTEX_POINT ( 'NONE', #6784 ) ;
#1998 = FACE_OUTER_BOUND ( 'NONE', #4506, .T. ) ;
#1999 = AXIS2_PLACEMENT_3D ( 'NONE', #9157, #1343, #7001 ) ;
#2000 = CARTESIAN_POINT ( 'NONE',  ( -19.98734731883583038, 0.7242612406559180149, 1.864654433867217520 ) ) ;
#2001 = CARTESIAN_POINT ( 'NONE',  ( -11.64259657956803018, -16.26212283282329096, 2.870952745790307681 ) ) ;
#2002 = CARTESIAN_POINT ( 'NONE',  ( -4.964286668475429209, 29.76563791263398073, 7.513212116977631361 ) ) ;
#2003 = PLANE ( 'NONE',  #7926 ) ;
#2004 = DIRECTION ( 'NONE',  ( 0.000000000000000000, -1.000000000000000000, 0.000000000000000000 ) ) ;
#2005 = ORIENTED_EDGE ( 'NONE', *, *, #7772, .F. ) ;
#2006 = FACE_OUTER_BOUND ( 'NONE', #5514, .T. ) ;
#2007 = AXIS2_PLACEMENT_3D ( 'NONE', #8168, #1809, #7475 ) ;
#2008 = EDGE_CURVE ( 'NONE', #5193, #4493, #4573, .T. ) ;
#2009 = CIRCLE ( 'NONE', #9108, 1.000000000000000888 ) ;
#2010 = DIRECTION ( 'NONE',  ( 0.000000000000000000, -0.000000000000000000, 1.000000000000000000 ) ) ;
#2011 = PLANE ( 'NONE',  #2056 ) ;
#2012 = DIRECTION ( 'NONE',  ( 0.4999999999999976130, 0.8660254037844400399, -0.000000000000000000 ) ) ;
#2013 = AXIS2_PLACEMENT_3D ( 'NONE', #6346, #9178, #2814 ) ;
#2014 = FACE_OUTER_BOUND ( 'NONE', #2427, .T. ) ;
#2015 = DIRECTION ( 'NONE',  ( -0.000000000000000000, -0.000000000000000000, 1.000000000000000000 ) ) ;
#2016 = CARTESIAN_POINT ( 'NONE',  ( 11.50915609473100254, 16.35683404976398592, 2.627357046333698154 ) ) ;
#2017 = CARTESIAN_POINT ( 'NONE',  ( -5.800000000000000711, 21.22168702059287071, 3.500000000000000444 ) ) ;
#2018 = DIRECTION ( 'NONE',  ( -1.000000000000000000, 0.000000000000000000, 0.000000000000000000 ) ) ;
#2019 = LINE ( 'NONE', #5780, #6804 ) ;
#2020 = LINE ( 'NONE', #4295, #1736 ) ;
#2021 = ORIENTED_EDGE ( 'NONE', *, *, #684, .T. ) ;
#2022 = ORIENTED_EDGE ( 'NONE', *, *, #3520, .T. ) ;
#2023 = CARTESIAN_POINT ( 'NONE',  ( 23.11762239271871167, -8.959103465619239870, 3.500000000000000444 ) ) ;
#2024 = ORIENTED_EDGE ( 'NONE', *, *, #3758, .T. ) ;
#2025 = AXIS2_PLACEMENT_3D ( 'NONE', #3621, #5351, #4633 ) ;
#2026 = EDGE_CURVE ( 'NONE', #8030, #7607, #3999, .T. ) ;
#2027 = CARTESIAN_POINT ( 'NONE',  ( -10.50193423692791939, -17.02145905354475985, 6.177774292516983401 ) ) ;
#2028 = CARTESIAN_POINT ( 'NONE',  ( -17.87386918043079476, -20.01311571247330434, 7.500000000000009770 ) ) ;
#2029 = EDGE_LOOP ( 'NONE', ( #6997, #8398, #6475, #6347 ) ) ;
#2030 = CONICAL_SURFACE ( 'NONE', #1449, 1.500000000000003109, 0.7853981633974570498 ) ;
#2031 = CARTESIAN_POINT ( 'NONE',  ( 18.08868083885759859, -12.52196572068243086, 2.999999999999961808 ) ) ;
#2032 = EDGE_LOOP ( 'NONE', ( #333, #4662 ) ) ;
#2033 = AXIS2_PLACEMENT_3D ( 'NONE', #2683, #8355, #3423 ) ;
#2034 = ORIENTED_EDGE ( 'NONE', *, *, #1781, .F. ) ;
#2035 = DIRECTION ( 'NONE',  ( 0.6719331540025103022, -0.2202404062660762996, 0.7071067811865421326 ) ) ;
#2036 = CARTESIAN_POINT ( 'NONE',  ( -19.31762239271856885, 15.54089653438109409, 3.500000000000000444 ) ) ;
#2037 = CARTESIAN_POINT ( 'NONE',  ( 21.27852007099589571, -5.587896168346787817, 3.500000000000000444 ) ) ;
#2038 = DIRECTION ( 'NONE',  ( -0.000000000000000000, -0.000000000000000000, -1.000000000000000000 ) ) ;
#2039 = CARTESIAN_POINT ( 'NONE',  ( -6.121426688699370011, 29.63631905778372300, 7.999999999999998224 ) ) ;
#2040 = ORIENTED_EDGE ( 'NONE', *, *, #7110, .F. ) ;
#2041 = CONICAL_SURFACE ( 'NONE', #8877, 1.500000000000001332, 0.7853981633974539411 ) ;
#2042 = VERTEX_POINT ( 'NONE', #8959 ) ;
#2043 = CARTESIAN_POINT ( 'NONE',  ( -25.65693844375873311, 8.409608177149218378, 8.000000000000000000 ) ) ;
#2044 = CARTESIAN_POINT ( 'NONE',  ( -19.87470441610065208, -2.235386644620295016, 3.704931223209580349 ) ) ;
#2045 = EDGE_CURVE ( 'NONE', #6711, #7326, #6779, .T. ) ;
#2046 = AXIS2_PLACEMENT_3D ( 'NONE', #7524, #5353, #3978 ) ;
#2047 = CARTESIAN_POINT ( 'NONE',  ( -5.748619404758061435, 30.03555747794034403, 7.523505736935336863 ) ) ;
#2048 = ADVANCED_FACE ( 'NONE', ( #84 ), #1491, .T. ) ;
#2049 = ADVANCED_FACE ( 'NONE', ( #8005 ), #5164, .F. ) ;
#2050 = EDGE_CURVE ( 'NONE', #6797, #1633, #5913, .T. ) ;
#2051 = EDGE_CURVE ( 'NONE', #4455, #3870, #771, .T. ) ;
#2052 = CARTESIAN_POINT ( 'NONE',  ( 14.07138188272359969, 14.21253713840558852, -0.0009999999999992653654 ) ) ;
#2053 = DIRECTION ( 'NONE',  ( 0.9848077530122084644, 0.1736481776669277222, 0.000000000000000000 ) ) ;
#2054 = VERTEX_POINT ( 'NONE', #3752 ) ;
#2055 = DIRECTION ( 'NONE',  ( -1.000000000000000000, 0.000000000000000000, 0.000000000000000000 ) ) ;
#2056 = AXIS2_PLACEMENT_3D ( 'NONE', #4932, #3578, #7829 ) ;
#2057 = VECTOR ( 'NONE', #2422, 1000.000000000000227 ) ;
#2058 = ORIENTED_EDGE ( 'NONE', *, *, #3876, .T. ) ;
#2059 = CARTESIAN_POINT ( 'NONE',  ( 0.000000000000000000, 0.000000000000000000, 3.500000000000000444 ) ) ;
#2060 = CARTESIAN_POINT ( 'NONE',  ( 19.34410915545081622, -5.079905607587989813, -0.0009999999999992653654 ) ) ;
#2061 = CARTESIAN_POINT ( 'NONE',  ( -16.47852007099575999, 13.90174004467749747, 7.500000000000007105 ) ) ;
#2063 = AXIS2_PLACEMENT_3D ( 'NONE', #6276, #6885, #2018 ) ;
#2062 = FACE_OUTER_BOUND ( 'NONE', #1032, .T. ) ;
#2064 = CARTESIAN_POINT ( 'NONE',  ( -25.50000000000000000, -3.780293665983593066, 8.000000000000000000 ) ) ;
#2065 = ADVANCED_FACE ( 'NONE', ( #820, #5157 ), #5904, .F. ) ;
#2066 = EDGE_CURVE ( 'NONE', #2480, #6698, #6448, .T. ) ;
#2067 = FACE_OUTER_BOUND ( 'NONE', #4023, .T. ) ;
#2068 = CARTESIAN_POINT ( 'NONE',  ( 27.38044660492080951, -11.42024617204219972, 3.333345144933893778 ) ) ;
#2069 = AXIS2_PLACEMENT_3D ( 'NONE', #2793, #7826, #5633 ) ;
#2070 = DIRECTION ( 'NONE',  ( -0.000000000000000000, -0.000000000000000000, 1.000000000000000000 ) ) ;
#2071 = VERTEX_POINT ( 'NONE', #3003 ) ;
#2072 = VERTEX_POINT ( 'NONE', #5854 ) ;
#2073 = LINE ( 'NONE', #5648, #7495 ) ;
#2074 = DIRECTION ( 'NONE',  ( -0.8660254037844403729, 0.4999999999999972244, 0.000000000000000000 ) ) ;
#2075 = CARTESIAN_POINT ( 'NONE',  ( 3.800000000000004263, -27.94208295743178638, 0.000000000000000000 ) ) ;
#2076 = VECTOR ( 'NONE', #6171, 1000.000000000000114 ) ;
#2077 = CARTESIAN_POINT ( 'NONE',  ( -19.87303449400720368, 2.249999999999992450, 4.293739341134275023 ) ) ;
#2078 = LINE ( 'NONE', #9069, #1616 ) ;
#2079 = CARTESIAN_POINT ( 'NONE',  ( 19.31762239271878556, 15.54089653438082408, 7.500000000000007105 ) ) ;
#2080 = VERTEX_POINT ( 'NONE', #8595 ) ;
#2081 = ADVANCED_FACE ( 'NONE', ( #8737 ), #5766, .T. ) ;
#2082 = ORIENTED_EDGE ( 'NONE', *, *, #6182, .F. ) ;
#2083 = CARTESIAN_POINT ( 'NONE',  ( 0.000000000000000000, 0.000000000000000000, 0.4999999999999831246 ) ) ;
#2084 = CARTESIAN_POINT ( 'NONE',  ( -23.46762239271885875, -12.24999999999980460, 3.500000000000000444 ) ) ;
#2085 = CYLINDRICAL_SURFACE ( 'NONE', #658, 2.249999999999999556 ) ;
#2086 = LINE ( 'NONE', #5560, #5872 ) ;
#2087 = DIRECTION ( 'NONE',  ( 0.000000000000000000, 0.000000000000000000, 1.000000000000000000 ) ) ;
#2088 = ORIENTED_EDGE ( 'NONE', *, *, #656, .F. ) ;
#2089 = VERTEX_POINT ( 'NONE', #2364 ) ;
#2090 = PRODUCT ( '30-80', '30-80', '', ( #3106 ) ) ;
#2091 = DIRECTION ( 'NONE',  ( 1.000000000000000000, 0.000000000000000000, 0.000000000000000000 ) ) ;
#2092 = PLANE ( 'NONE',  #8996 ) ;
#2093 = DIRECTION ( 'NONE',  ( -0.000000000000000000, -0.000000000000000000, 1.000000000000000000 ) ) ;
#2094 = CIRCLE ( 'NONE', #6088, 1.499999999999963141 ) ;
#2095 = CARTESIAN_POINT ( 'NONE',  ( -1.360023205165817945E-15, 24.50000000000000000, 3.500000000000000444 ) ) ;
#2096 = CARTESIAN_POINT ( 'NONE',  ( -19.27852007099586373, 5.587896168346938808, -0.0009999999999992653654 ) ) ;
#2097 = VERTEX_POINT ( 'NONE', #4362 ) ;
#2098 = CARTESIAN_POINT ( 'NONE',  ( -25.50000000000000355, 3.780293665983593066, 7.500000000000009770 ) ) ;
#2099 = EDGE_CURVE ( 'NONE', #2691, #2200, #3663, .T. ) ;
#2100 = EDGE_CURVE ( 'NONE', #3915, #1997, #8048, .T. ) ;
#2101 = EDGE_CURVE ( 'NONE', #583, #4403, #256, .T. ) ;
#2102 = EDGE_CURVE ( 'NONE', #2969, #1220, #5108, .T. ) ;
#2103 = FACE_OUTER_BOUND ( 'NONE', #5396, .T. ) ;
#2104 = LINE ( 'NONE', #2152, #8590 ) ;
#2105 = CARTESIAN_POINT ( 'NONE',  ( -19.98724231980677857, 0.7271281013316168718, 6.134366575363620733 ) ) ;
#2106 = DIRECTION ( 'NONE',  ( 5.569525272319630567E-16, -1.000000000000000000, 0.000000000000000000 ) ) ;
#2107 = DIRECTION ( 'NONE',  ( 0.000000000000000000, 0.000000000000000000, -1.000000000000000000 ) ) ;
#2108 = CARTESIAN_POINT ( 'NONE',  ( -10.26469332712409965, 36.62359681163455605, -17.72760725656574365 ) ) ;
#2109 = ADVANCED_FACE ( 'NONE', ( #7255 ), #4121, .T. ) ;
#2110 = ADVANCED_FACE ( 'NONE', ( #5409 ), #3968, .T. ) ;
#2111 = ADVANCED_FACE ( 'NONE', ( #3938 ), #8257, .F. ) ;
#2112 = DIRECTION ( 'NONE',  ( 0.8660254037844397068, 0.4999999999999979461, 0.000000000000000000 ) ) ;
#2113 = ORIENTED_EDGE ( 'NONE', *, *, #2664, .F. ) ;
#2114 = EDGE_LOOP ( 'NONE', ( #3004, #2021, #3990, #9117 ) ) ;
#2115 = ORIENTED_EDGE ( 'NONE', *, *, #5329, .T. ) ;
#2116 = CARTESIAN_POINT ( 'NONE',  ( 16.38661371934879440, 10.75355247408268333, 5.762741699796959161 ) ) ;
#2117 = DIRECTION ( 'NONE',  ( 0.000000000000000000, 0.000000000000000000, -1.000000000000000000 ) ) ;
#2118 = CARTESIAN_POINT ( 'NONE',  ( -17.32050807568853301, -9.999999999999973355, 0.000000000000000000 ) ) ;
#2119 = AXIS2_PLACEMENT_3D ( 'NONE', #7185, #3548, #8388 ) ;
#2120 = DIRECTION ( 'NONE',  ( 0.7071067811865463515, 0.000000000000000000, 0.7071067811865487940 ) ) ;
#2121 = EDGE_CURVE ( 'NONE', #415, #1877, #4684, .T. ) ;
#2122 = DIRECTION ( 'NONE',  ( 0.7071067811865435759, 8.659560562354884787E-17, -0.7071067811865515695 ) ) ;
#2123 = ORIENTED_EDGE ( 'NONE', *, *, #4214, .T. ) ;
#2124 = CARTESIAN_POINT ( 'NONE',  ( 17.36692017755639483, 9.703611881479210055, 0.000000000000000000 ) ) ;
#2125 = VERTEX_POINT ( 'NONE', #6027 ) ;
#2126 = ORIENTED_EDGE ( 'NONE', *, *, #4391, .T. ) ;
#2127 = DIRECTION ( 'NONE',  ( -0.000000000000000000, -0.000000000000000000, 1.000000000000000000 ) ) ;
#2128 = AXIS2_PLACEMENT_3D ( 'NONE', #4444, #3734, #3034 ) ;
#2129 = CARTESIAN_POINT ( 'NONE',  ( 0.000000000000000000, 0.000000000000000000, 3.500000000000000444 ) ) ;
#2130 = CARTESIAN_POINT ( 'NONE',  ( -12.27877179714451650, 48.04600342194495965, -16.71285987513096316 ) ) ;
#2131 = DIRECTION ( 'NONE',  ( 0.000000000000000000, -1.000000000000000000, 0.000000000000000000 ) ) ;
#2132 = CARTESIAN_POINT ( 'NONE',  ( 17.87386918043093331, 20.01311571247318355, -0.0009999999999992653654 ) ) ;
#2133 = ORIENTED_EDGE ( 'NONE', *, *, #196, .F. ) ;
#2134 = VECTOR ( 'NONE', #4735, 1000.000000000000341 ) ;
#2135 = ORIENTED_EDGE ( 'NONE', *, *, #7974, .F. ) ;
#2136 = AXIS2_PLACEMENT_3D ( 'NONE', #2797, #2748, #2106 ) ;
#2137 = VERTEX_POINT ( 'NONE', #5955 ) ;
#2138 = PLANE ( 'NONE',  #3390 ) ;
#2139 = CARTESIAN_POINT ( 'NONE',  ( -8.054195310851042677, -18.30657715065769509, 3.417180988884867432 ) ) ;
#2140 = LINE ( 'NONE', #4923, #1609 ) ;
#2141 = CARTESIAN_POINT ( 'NONE',  ( -3.911192109540839734, 29.23957209471892682, 8.000000000000000000 ) ) ;
#2142 = AXIS2_PLACEMENT_3D ( 'NONE', #7521, #6799, #426 ) ;
#2143 = AXIS2_PLACEMENT_3D ( 'NONE', #4209, #3319, #8344 ) ;
#2144 = CONICAL_SURFACE ( 'NONE', #7345, 20.50000000000003908, 0.7853981633974482790 ) ;
#2145 = CARTESIAN_POINT ( 'NONE',  ( -23.82600492594736963, 21.26785107312752743, 7.500000000000009770 ) ) ;
#2146 = DIRECTION ( 'NONE',  ( -4.588859039144119206E-16, 1.000000000000000000, 0.000000000000000000 ) ) ;
#2147 = ORIENTED_EDGE ( 'NONE', *, *, #382, .T. ) ;
#2148 = DIRECTION ( 'NONE',  ( -0.6716093422004247859, 0.2212258833615677878, 0.7071067811865524577 ) ) ;
#2149 = AXIS2_PLACEMENT_3D ( 'NONE', #2017, #2800, #14 ) ;
#2150 = VECTOR ( 'NONE', #4990, 1000.000000000000114 ) ;
#2151 = DIRECTION ( 'NONE',  ( 0.1442174361344424893, -0.6922436934453173318, 0.7071067811865429098 ) ) ;
#2152 = CARTESIAN_POINT ( 'NONE',  ( -19.31762239271888859, -15.54089653438068908, 3.500000000000000444 ) ) ;
#2153 = CARTESIAN_POINT ( 'NONE',  ( -13.25544456622753664, 12.04089653438102303, 7.500000000000007105 ) ) ;
#2154 = CIRCLE ( 'NONE', #5547, 0.4000000000000010214 ) ;
#2155 = EDGE_CURVE ( 'NONE', #7608, #6703, #6067, .T. ) ;
#2156 = AXIS2_PLACEMENT_3D ( 'NONE', #8713, #2379, #1652 ) ;
#2157 = CIRCLE ( 'NONE', #8376, 2.250000000000000444 ) ;
#2158 = CARTESIAN_POINT ( 'NONE',  ( 0.000000000000000000, 0.000000000000000000, 3.500000000000000444 ) ) ;
#2159 = VERTEX_POINT ( 'NONE', #1144 ) ;
#2160 = AXIS2_PLACEMENT_3D ( 'NONE', #3343, #3201, #7541 ) ;
#2161 = CARTESIAN_POINT ( 'NONE',  ( 8.726169651492750035, 22.67475652381834195, -0.0009999999999992653654 ) ) ;
#2162 = EDGE_LOOP ( 'NONE', ( #2825, #6515, #3738, #4713, #6746 ) ) ;
#2163 = ORIENTED_EDGE ( 'NONE', *, *, #2906, .F. ) ;
#2164 = AXIS2_PLACEMENT_3D ( 'NONE', #2940, #2847, #4484 ) ;
#2165 = AXIS2_PLACEMENT_3D ( 'NONE', #1585, #4406, #765 ) ;
#2166 = EDGE_LOOP ( 'NONE', ( #5268, #8123, #3075, #2984 ) ) ;
#2167 = CARTESIAN_POINT ( 'NONE',  ( -6.455851745962757349, 31.00816071698631049, 0.5133592334066110485 ) ) ;
#2168 = EDGE_CURVE ( 'NONE', #8972, #6922, #4728, .T. ) ;
#2169 = CARTESIAN_POINT ( 'NONE',  ( -23.50000000000000000, 3.780293665983593066, 8.000000000000000000 ) ) ;
#2170 = EDGE_CURVE ( 'NONE', #9116, #5965, #428, .T. ) ;
#2171 = EDGE_CURVE ( 'NONE', #8433, #2563, #3218, .T. ) ;
#2172 = VECTOR ( 'NONE', #4307, 1000.000000000000000 ) ;
#2173 = CARTESIAN_POINT ( 'NONE',  ( -19.87303449400720012, 2.249999999999992006, 3.999999999999999112 ) ) ;
#2174 = CARTESIAN_POINT ( 'NONE',  ( 16.58868083885763767, -12.52196572068243086, 3.500000000000000444 ) ) ;
#2175 = CIRCLE ( 'NONE', #6904, 2.249999999999999112 ) ;
#2176 = DIRECTION ( 'NONE',  ( 0.000000000000000000, 0.000000000000000000, -1.000000000000000000 ) ) ;
#2177 = EDGE_LOOP ( 'NONE', ( #1844, #1887 ) ) ;
#2178 = DIRECTION ( 'NONE',  ( -0.000000000000000000, -0.000000000000000000, -1.000000000000000000 ) ) ;
#2179 = ORIENTED_EDGE ( 'NONE', *, *, #7406, .F. ) ;
#2180 = EDGE_LOOP ( 'NONE', ( #4637, #4736, #5104, #5148 ) ) ;
#2181 = VECTOR ( 'NONE', #6793, 1000.000000000000000 ) ;
#2182 = FACE_OUTER_BOUND ( 'NONE', #4709, .T. ) ;
#2183 = LINE ( 'NONE', #8446, #5728 ) ;
#2184 = CARTESIAN_POINT ( 'NONE',  ( -25.19406861883199511, -5.248764295590000017, 0.4999999999999831246 ) ) ;
#2185 = DIRECTION ( 'NONE',  ( -1.000000000000000000, 0.000000000000000000, 0.000000000000000000 ) ) ;
#2186 = CARTESIAN_POINT ( 'NONE',  ( -4.575881046607249480, 29.80535946348257781, 0.5045913259261246564 ) ) ;
#2187 = VECTOR ( 'NONE', #7792, 1000.000000000000114 ) ;
#2188 = ORIENTED_EDGE ( 'NONE', *, *, #1, .T. ) ;
#2189 = EDGE_LOOP ( 'NONE', ( #7286, #4994, #6001, #7202 ) ) ;
#2190 = DIRECTION ( 'NONE',  ( 0.000000000000000000, 0.000000000000000000, -1.000000000000000000 ) ) ;
#2191 = VERTEX_POINT ( 'NONE', #8939 ) ;
#2192 = CARTESIAN_POINT ( 'NONE',  ( 22.34600393240432226, 20.01639598561564526, 7.500000000000007105 ) ) ;
#2193 = CARTESIAN_POINT ( 'NONE',  ( -11.70007956023535201, -16.22070772671031591, 3.002550863923195479 ) ) ;
#2194 = DIRECTION ( 'NONE',  ( 0.000000000000000000, 0.000000000000000000, 1.000000000000000000 ) ) ;
#2195 = CARTESIAN_POINT ( 'NONE',  ( -5.724991340587953559, 29.47565989685293886, 8.000000000000001776 ) ) ;
#2196 = VECTOR ( 'NONE', #6376, 1000.000000000000114 ) ;
#2197 = VECTOR ( 'NONE', #1395, 1000.000000000000000 ) ;
#2198 = CARTESIAN_POINT ( 'NONE',  ( 17.50615648315908857, 8.814447525917151083, 5.762741699796959161 ) ) ;
#2199 = LINE ( 'NONE', #1504, #7976 ) ;
#2200 = VERTEX_POINT ( 'NONE', #7565 ) ;
#2201 = DIRECTION ( 'NONE',  ( -1.000000000000000000, 0.000000000000000000, 0.000000000000000000 ) ) ;
#2202 = EDGE_LOOP ( 'NONE', ( #8195, #4532, #3138, #8654 ) ) ;
#2203 = CARTESIAN_POINT ( 'NONE',  ( 29.58768423192251973, 41.33949774745715899, 8.287613951067275053 ) ) ;
#2204 = CARTESIAN_POINT ( 'NONE',  ( -19.31762239271856885, 15.54089653438109409, 3.500000000000000444 ) ) ;
#2205 = CARTESIAN_POINT ( 'NONE',  ( 23.29855367578807090, -15.52988720552799329, 0.000000000000000000 ) ) ;
#2206 = EDGE_CURVE ( 'NONE', #6098, #4717, #1901, .T. ) ;
#2207 = DIRECTION ( 'NONE',  ( -0.3535533905932759513, 0.6123724356958069048, -0.7071067811865356934 ) ) ;
#2208 = CIRCLE ( 'NONE', #8003, 2.500000000000002220 ) ;
#2209 = CARTESIAN_POINT ( 'NONE',  ( 8.789882839662674030, 17.96532697461625006, 5.790559063930193595 ) ) ;
#2210 = CARTESIAN_POINT ( 'NONE',  ( -6.347374758160253094, 30.13977005719134183, -0.000000000000000000 ) ) ;
#2211 = ORIENTED_EDGE ( 'NONE', *, *, #8515, .F. ) ;
#2212 = EDGE_CURVE ( 'NONE', #1815, #5906, #1054, .T. ) ;
#2213 = ORIENTED_EDGE ( 'NONE', *, *, #1477, .T. ) ;
#2214 = AXIS2_PLACEMENT_3D ( 'NONE', #2742, #7222, #6463 ) ;
#2215 = ORIENTED_EDGE ( 'NONE', *, *, #8851, .F. ) ;
#2216 = CARTESIAN_POINT ( 'NONE',  ( -4.831420302512913878, 29.35027003402703727, 0.000000000000000000 ) ) ;
#2217 = CARTESIAN_POINT ( 'NONE',  ( -23.11762239271864772, 8.959103465619401518, 7.500000000000007105 ) ) ;
#2218 = CARTESIAN_POINT ( 'NONE',  ( 1.896428571428576904, -29.43898025872278978, 0.000000000000000000 ) ) ;
#2219 = CARTESIAN_POINT ( 'NONE',  ( -22.86679327408264228, -8.583347098777874606, 3.000000000000000000 ) ) ;
#2220 = CARTESIAN_POINT ( 'NONE',  ( 21.97357053353092482, 19.68278938585538995, 8.000000000000000000 ) ) ;
#2221 = AXIS2_PLACEMENT_3D ( 'NONE', #8793, #2414, #8105 ) ;
#2222 = ADVANCED_FACE ( 'NONE', ( #8862 ), #1184, .F. ) ;
#2223 = CYLINDRICAL_SURFACE ( 'NONE', #5919, 2.000000000000000000 ) ;
#2224 = LINE ( 'NONE', #5050, #7367 ) ;
#2225 = ORIENTED_EDGE ( 'NONE', *, *, #6120, .T. ) ;
#2226 = EDGE_CURVE ( 'NONE', #4926, #6657, #8090, .T. ) ;
#2227 = ORIENTED_EDGE ( 'NONE', *, *, #482, .T. ) ;
#2228 = ADVANCED_FACE ( 'NONE', ( #1008 ), #3845, .T. ) ;
#2229 = VECTOR ( 'NONE', #1394, 1000.000000000000114 ) ;
#2230 = CYLINDRICAL_SURFACE ( 'NONE', #2534, 1.999999999999998224 ) ;
#2231 = DIRECTION ( 'NONE',  ( 0.000000000000000000, 0.000000000000000000, 1.000000000000000000 ) ) ;
#2232 = DIRECTION ( 'NONE',  ( 0.000000000000000000, 0.000000000000000000, 1.000000000000000000 ) ) ;
#2233 = DIRECTION ( 'NONE',  ( -0.9848077530122085754, -0.1736481776669278887, 2.264004526240949282E-16 ) ) ;
#2234 = ORIENTED_EDGE ( 'NONE', *, *, #5931, .T. ) ;
#2235 = ORIENTED_EDGE ( 'NONE', *, *, #8246, .T. ) ;
#2236 = CARTESIAN_POINT ( 'NONE',  ( 27.42488872379060538, -10.86855457214541687, 8.000000000000000000 ) ) ;
#2237 = ADVANCED_FACE ( 'NONE', ( #8820 ), #3180, .F. ) ;
#2238 = ADVANCED_FACE ( 'NONE', ( #2763 ), #6344, .T. ) ;
#2239 = CIRCLE ( 'NONE', #1928, 2.249999999999998668 ) ;
#2240 = LINE ( 'NONE', #4922, #5594 ) ;
#2241 = EDGE_CURVE ( 'NONE', #1521, #1145, #1942, .T. ) ;
#2242 = CYLINDRICAL_SURFACE ( 'NONE', #7451, 2.000000000000000000 ) ;
#2243 = DIRECTION ( 'NONE',  ( 1.000000000000000000, 0.000000000000000000, 0.000000000000000000 ) ) ;
#2244 = CARTESIAN_POINT ( 'NONE',  ( -5.545534904594551229, -26.42436456420330515, 0.4999999999999831246 ) ) ;
#2245 = DIRECTION ( 'NONE',  ( 1.000000000000000000, 0.000000000000000000, 0.000000000000000000 ) ) ;
#2246 = DIRECTION ( 'NONE',  ( -0.4999999999999916733, -0.8660254037844437036, 0.000000000000000000 ) ) ;
#2247 = LINE ( 'NONE', #5824, #7062 ) ;
#2248 = EDGE_CURVE ( 'NONE', #2274, #4073, #7702, .T. ) ;
#2249 = DIRECTION ( 'NONE',  ( 1.000000000000000000, 0.000000000000000000, 0.000000000000000000 ) ) ;
#2250 = DIRECTION ( 'NONE',  ( 5.569525272319630567E-16, -1.000000000000000000, 0.000000000000000000 ) ) ;
#2251 = CARTESIAN_POINT ( 'NONE',  ( 17.32050807568882078, 9.999999999999916511, 0.4999999999999831246 ) ) ;
#2252 = DIRECTION ( 'NONE',  ( 0.7071067811865549002, 6.133173666733638547E-16, 0.7071067811865401342 ) ) ;
#2253 = CONICAL_SURFACE ( 'NONE', #7450, 1.500000000000008216, 0.7853981633974473908 ) ;
#2254 = AXIS2_PLACEMENT_3D ( 'NONE', #3901, #8836, #6780 ) ;
#2255 = CARTESIAN_POINT ( 'NONE',  ( -6.161705449549503832, -29.36040507133701283, 8.000000000000000000 ) ) ;
#2256 = EDGE_LOOP ( 'NONE', ( #6000, #7906, #7461, #3205 ) ) ;
#2257 = ORIENTED_EDGE ( 'NONE', *, *, #766, .T. ) ;
#2258 = EDGE_LOOP ( 'NONE', ( #2455, #726, #4160, #8284 ) ) ;
#2259 = CARTESIAN_POINT ( 'NONE',  ( -5.691129494026053059, 30.26555462483367620, 0.5099308714242491991 ) ) ;
#2260 = CARTESIAN_POINT ( 'NONE',  ( -24.05961359711026049, -8.117321694993467673, 3.000000000000000000 ) ) ;
#2261 = DIRECTION ( 'NONE',  ( 1.000000000000000000, 0.000000000000000000, 0.000000000000000000 ) ) ;
#2262 = DIRECTION ( 'NONE',  ( 0.000000000000000000, 0.000000000000000000, -1.000000000000000000 ) ) ;
#2263 = CARTESIAN_POINT ( 'NONE',  ( -3.902599166848421230, 29.74521963050309381, 6.506466155803734885 ) ) ;
#2264 = CARTESIAN_POINT ( 'NONE',  ( 17.14259752787363311, 19.19432130080187804, -0.0009999999999992653654 ) ) ;
#2265 = ORIENTED_EDGE ( 'NONE', *, *, #7405, .T. ) ;
#2266 = ORIENTED_EDGE ( 'NONE', *, *, #7139, .F. ) ;
#2267 = CARTESIAN_POINT ( 'NONE',  ( -28.50770938195415027, -9.344009085721356911, 7.500000000000009770 ) ) ;
#2268 = CARTESIAN_POINT ( 'NONE',  ( -17.44427368066886785, -9.209631683944826008, 5.762741699796959161 ) ) ;
#2269 = LINE ( 'NONE', #8544, #7355 ) ;
#2270 = CARTESIAN_POINT ( 'NONE',  ( -4.988769333364487579, 29.91688524963158002, 0.5065996218199808609 ) ) ;
#2271 = EDGE_LOOP ( 'NONE', ( #5247, #6065, #348, #3590 ) ) ;
#2272 = EDGE_CURVE ( 'NONE', #4780, #1338, #1427, .T. ) ;
#2273 = CARTESIAN_POINT ( 'NONE',  ( 23.99999999999999289, 3.780293665983592177, -0.0009999999999992653654 ) ) ;
#2274 = VERTEX_POINT ( 'NONE', #3502 ) ;
#2275 = ORIENTED_EDGE ( 'NONE', *, *, #7675, .F. ) ;
#2276 = DIRECTION ( 'NONE',  ( -0.3128606445978930894, -0.9497990403563223438, 0.000000000000000000 ) ) ;
#2277 = CARTESIAN_POINT ( 'NONE',  ( -8.051471090958095544, -24.44308559639190648, 7.500000000000009770 ) ) ;
#2278 = VERTEX_POINT ( 'NONE', #8301 ) ;
#2279 = FACE_OUTER_BOUND ( 'NONE', #6712, .T. ) ;
#2280 = DIRECTION ( 'NONE',  ( 0.2039542541120011598, 0.9789804197376049677, 0.000000000000000000 ) ) ;
#2281 = DIRECTION ( 'NONE',  ( 1.000000000000000000, 0.000000000000000000, 0.000000000000000000 ) ) ;
#2282 = EDGE_CURVE ( 'NONE', #2423, #8328, #7098, .T. ) ;
#2283 = VECTOR ( 'NONE', #4884, 1000.000000000000000 ) ;
#2284 = CARTESIAN_POINT ( 'NONE',  ( 25.65693844375873311, -8.409608177149218378, 8.000000000000000000 ) ) ;
#2285 = AXIS2_PLACEMENT_3D ( 'NONE', #6033, #3140, #306 ) ;
#2286 = ORIENTED_EDGE ( 'NONE', *, *, #470, .F. ) ;
#2287 = EDGE_CURVE ( 'NONE', #6012, #5527, #2490, .T. ) ;
#2288 = EDGE_CURVE ( 'NONE', #1941, #1749, #4909, .T. ) ;
#2289 = DIRECTION ( 'NONE',  ( 1.000000000000000000, 0.000000000000000000, 0.000000000000000000 ) ) ;
#2290 = EDGE_CURVE ( 'NONE', #1747, #7190, #2078, .T. ) ;
#2291 = ORIENTED_EDGE ( 'NONE', *, *, #4565, .F. ) ;
#2292 = ORIENTED_EDGE ( 'NONE', *, *, #2206, .F. ) ;
#2293 = VECTOR ( 'NONE', #8749, 1000.000000000000000 ) ;
#2294 = CYLINDRICAL_SURFACE ( 'NONE', #5734, 3.000000000000000888 ) ;
#2295 = AXIS2_PLACEMENT_3D ( 'NONE', #1101, #3943, #7802 ) ;
#2296 = CARTESIAN_POINT ( 'NONE',  ( 0.000000000000000000, 0.000000000000000000, 0.000000000000000000 ) ) ;
#2297 = CARTESIAN_POINT ( 'NONE',  ( 4.299999999999990052, 24.50000000000000000, 8.000000000000000000 ) ) ;
#2298 = EDGE_CURVE ( 'NONE', #4203, #3395, #3824, .T. ) ;
#2299 = VECTOR ( 'NONE', #7462, 999.9999999999998863 ) ;
#2300 = AXIS2_PLACEMENT_3D ( 'NONE', #5035, #2107, #2938 ) ;
#2301 = LINE ( 'NONE', #151, #5561 ) ;
#2302 = ORIENTED_EDGE ( 'NONE', *, *, #2170, .F. ) ;
#2303 = EDGE_LOOP ( 'NONE', ( #2163, #3874, #1770, #1563 ) ) ;
#2304 = AXIS2_PLACEMENT_3D ( 'NONE', #6339, #2805, #5647 ) ;
#2305 = CARTESIAN_POINT ( 'NONE',  ( -5.548592406652805842, 30.17541378613263348, 0.5092648151617792385 ) ) ;
#2306 = VECTOR ( 'NONE', #3862, 1000.000000000000000 ) ;
#2307 = VERTEX_POINT ( 'NONE', #6842 ) ;
#2308 = AXIS2_PLACEMENT_3D ( 'NONE', #5044, #7182, #23 ) ;
#2309 = FACE_OUTER_BOUND ( 'NONE', #6662, .T. ) ;
#2310 = DIRECTION ( 'NONE',  ( -0.3535533905932697341, 0.6123724356957948034, 0.7071067811865492381 ) ) ;
#2311 = AXIS2_PLACEMENT_3D ( 'NONE', #5725, #3530, #8503 ) ;
#2312 = CARTESIAN_POINT ( 'NONE',  ( -8.726169651492591939, -22.67475652381839524, 0.4999999999999831246 ) ) ;
#2313 = ORIENTED_EDGE ( 'NONE', *, *, #1792, .F. ) ;
#2314 = CONICAL_SURFACE ( 'NONE', #8968, 1.500000000000008216, 0.7853981633974473908 ) ;
#2315 = DIRECTION ( 'NONE',  ( 0.1729873939250868853, -0.9810602621904069842, -0.08715574274766180185 ) ) ;
#2316 = ORIENTED_EDGE ( 'NONE', *, *, #8903, .F. ) ;
#2317 = EDGE_LOOP ( 'NONE', ( #3786, #2764, #1991, #3561 ) ) ;
#2318 = ORIENTED_EDGE ( 'NONE', *, *, #1443, .F. ) ;
#2319 = DIRECTION ( 'NONE',  ( 0.4999999999999923395, -0.8660254037844431485, -0.000000000000000000 ) ) ;
#2320 = FACE_OUTER_BOUND ( 'NONE', #3213, .T. ) ;
#2321 = AXIS2_PLACEMENT_3D ( 'NONE', #8102, #2375, #1020 ) ;
#2322 = CYLINDRICAL_SURFACE ( 'NONE', #7757, 2.249999999999998668 ) ;
#2323 = VERTEX_POINT ( 'NONE', #573 ) ;
#2324 = ORIENTED_EDGE ( 'NONE', *, *, #3518, .F. ) ;
#2325 = ORIENTED_EDGE ( 'NONE', *, *, #160, .T. ) ;
#2326 = CARTESIAN_POINT ( 'NONE',  ( 19.31762239271878556, 15.54089653438082408, 7.500000000000007105 ) ) ;
#2327 = DIRECTION ( 'NONE',  ( -0.000000000000000000, -0.000000000000000000, -1.000000000000000000 ) ) ;
#2328 = CARTESIAN_POINT ( 'NONE',  ( 21.27852007099593479, 5.587896168346640380, 8.000000000000000000 ) ) ;
#2329 = DIRECTION ( 'NONE',  ( 1.000000000000000000, 0.000000000000000000, 0.000000000000000000 ) ) ;
#2330 = CARTESIAN_POINT ( 'NONE',  ( -17.32050807568853301, -9.999999999999973355, 0.000000000000000000 ) ) ;
#2331 = VECTOR ( 'NONE', #8501, 1000.000000000000000 ) ;
#2332 = DIRECTION ( 'NONE',  ( 1.000000000000000000, -2.312964634635724517E-15, 0.000000000000000000 ) ) ;
#2333 = ORIENTED_EDGE ( 'NONE', *, *, #8186, .T. ) ;
#2334 = EDGE_CURVE ( 'NONE', #6332, #5041, #616, .T. ) ;
#2335 = PLANE ( 'NONE',  #5930 ) ;
#2336 = ADVANCED_FACE ( 'NONE', ( #9176 ), #6949, .F. ) ;
#2337 = AXIS2_PLACEMENT_3D ( 'NONE', #5574, #632, #6081 ) ;
#2338 = CARTESIAN_POINT ( 'NONE',  ( 19.94485768961681771, -1.487776011523034514, 5.694269896091439520 ) ) ;
#2339 = EDGE_CURVE ( 'NONE', #2995, #8394, #2208, .T. ) ;
#2340 = EDGE_CURVE ( 'NONE', #9035, #1530, #8392, .T. ) ;
#2341 = CARTESIAN_POINT ( 'NONE',  ( -22.86679327408264228, -8.583347098777874606, 3.000000000000000000 ) ) ;
#2342 = ORIENTED_EDGE ( 'NONE', *, *, #5113, .T. ) ;
#2343 = EDGE_CURVE ( 'NONE', #1997, #8092, #2782, .T. ) ;
#2344 = EDGE_CURVE ( 'NONE', #2200, #8385, #8881, .T. ) ;
#2345 = ORIENTED_EDGE ( 'NONE', *, *, #2959, .F. ) ;
#2346 = AXIS2_PLACEMENT_3D ( 'NONE', #6487, #4305, #7938 ) ;
#2347 = CARTESIAN_POINT ( 'NONE',  ( -5.701675044821445049, 29.68716993173949348, 0.000000000000000000 ) ) ;
#2348 = VERTEX_POINT ( 'NONE', #5839 ) ;
#2349 = DIRECTION ( 'NONE',  ( 1.000000000000000000, 0.000000000000000000, 0.000000000000000000 ) ) ;
#2350 = CARTESIAN_POINT ( 'NONE',  ( -7.920032505485367302, -25.64221295270856871, 0.000000000000000000 ) ) ;
#2351 = ORIENTED_EDGE ( 'NONE', *, *, #7725, .F. ) ;
#2352 = VECTOR ( 'NONE', #8755, 1000.000000000000000 ) ;
#2353 = CIRCLE ( 'NONE', #1775, 2.000000000000000000 ) ;
#2354 = ORIENTED_EDGE ( 'NONE', *, *, #6403, .T. ) ;
#2355 = DIRECTION ( 'NONE',  ( -0.000000000000000000, -0.000000000000000000, 1.000000000000000000 ) ) ;
#2356 = ORIENTED_EDGE ( 'NONE', *, *, #725, .T. ) ;
#2357 = VERTEX_POINT ( 'NONE', #857 ) ;
#2358 = CARTESIAN_POINT ( 'NONE',  ( -21.27852007099597387, -5.587896168346493830, 3.500000000000000444 ) ) ;
#2359 = CARTESIAN_POINT ( 'NONE',  ( -16.02383034850701193, -20.19350096351154278, -0.0009999999999992653654 ) ) ;
#2360 = CIRCLE ( 'NONE', #4591, 2.000000000000001776 ) ;
#2361 = LINE ( 'NONE', #5198, #220 ) ;
#2362 = DIRECTION ( 'NONE',  ( 1.000000000000000000, 5.204170427930416550E-15, 0.000000000000000000 ) ) ;
#2363 = ORIENTED_EDGE ( 'NONE', *, *, #1355, .T. ) ;
#2364 = CARTESIAN_POINT ( 'NONE',  ( 1.896428571428559584, -29.43898025872251978, 3.500000000000000444 ) ) ;
#2365 = ORIENTED_EDGE ( 'NONE', *, *, #2101, .T. ) ;
#2366 = DIRECTION ( 'NONE',  ( -0.3535533905932696230, 0.6123724356957999104, 0.7071067811865450192 ) ) ;
#2367 = AXIS2_PLACEMENT_3D ( 'NONE', #7064, #2190, #2968 ) ;
#2368 = ORIENTED_EDGE ( 'NONE', *, *, #7157, .F. ) ;
#2369 = DIRECTION ( 'NONE',  ( 0.1729873939250869685, -0.9810602621904072063, -0.08715574274766210716 ) ) ;
#2370 = CARTESIAN_POINT ( 'NONE',  ( 1.800000000000004263, -27.94208295743178638, 8.000000000000000000 ) ) ;
#2371 = CARTESIAN_POINT ( 'NONE',  ( 24.96273608120150556, -16.63916486306570874, 0.4999999999999831246 ) ) ;
#2372 = DIRECTION ( 'NONE',  ( 1.000000000000000000, 4.625929269271485322E-15, 0.000000000000000000 ) ) ;
#2373 = CARTESIAN_POINT ( 'NONE',  ( -10.44670740485510763, 31.45963614081155768, -17.29820896870639757 ) ) ;
#2374 = AXIS2_PLACEMENT_3D ( 'NONE', #2936, #2840, #4140 ) ;
#2375 = DIRECTION ( 'NONE',  ( -0.000000000000000000, -0.000000000000000000, -1.000000000000000000 ) ) ;
#2376 = CARTESIAN_POINT ( 'NONE',  ( 0.000000000000000000, 0.000000000000000000, 0.000000000000000000 ) ) ;
#2377 = CARTESIAN_POINT ( 'NONE',  ( 1.800000000000004263, -27.94208295743178638, 2.999999999999746869 ) ) ;
#2378 = DIRECTION ( 'NONE',  ( 1.000000000000000000, 0.000000000000000000, 0.000000000000000000 ) ) ;
#2379 = DIRECTION ( 'NONE',  ( -0.9848077530122085754, -0.1736481776669278887, 1.138912752316164939E-16 ) ) ;
#2380 = ORIENTED_EDGE ( 'NONE', *, *, #3741, .F. ) ;
#2381 = EDGE_CURVE ( 'NONE', #2437, #4715, #5093, .T. ) ;
#2382 = DIRECTION ( 'NONE',  ( 0.000000000000000000, 0.000000000000000000, 1.000000000000000000 ) ) ;
#2383 = ORIENTED_EDGE ( 'NONE', *, *, #6020, .T. ) ;
#2384 = FACE_OUTER_BOUND ( 'NONE', #2166, .T. ) ;
#2385 = VECTOR ( 'NONE', #8538, 1000.000000000000114 ) ;
#2386 = CARTESIAN_POINT ( 'NONE',  ( -9.476169651492579504, -23.97379462949506745, 0.4999999999999831246 ) ) ;
#2387 = ADVANCED_FACE ( 'NONE', ( #5003 ), #7894, .F. ) ;
#2388 = ADVANCED_FACE ( 'NONE', ( #7142 ), #2223, .T. ) ;
#2389 = ADVANCED_FACE ( 'NONE', ( #3552 ), #8532, .T. ) ;
#2390 = CARTESIAN_POINT ( 'NONE',  ( 27.67149588207851707, -11.58828355055664971, -35.76116903151876159 ) ) ;
#2391 = ORIENTED_EDGE ( 'NONE', *, *, #8873, .F. ) ;
#2392 = DIRECTION ( 'NONE',  ( -1.000000000000000000, 0.000000000000000000, 0.000000000000000000 ) ) ;
#2393 = ORIENTED_EDGE ( 'NONE', *, *, #8923, .T. ) ;
#2394 = ORIENTED_EDGE ( 'NONE', *, *, #5316, .T. ) ;
#2395 = LINE ( 'NONE', #6018, #8670 ) ;
#2396 = ORIENTED_EDGE ( 'NONE', *, *, #3468, .T. ) ;
#2397 = CYLINDRICAL_SURFACE ( 'NONE', #6130, 2.999999999999999112 ) ;
#2398 = DIRECTION ( 'NONE',  ( 0.000000000000000000, 0.000000000000000000, 1.000000000000000000 ) ) ;
#2399 = CARTESIAN_POINT ( 'NONE',  ( 14.07138188272359969, 14.21253713840558852, 7.500000000000007105 ) ) ;
#2400 = CARTESIAN_POINT ( 'NONE',  ( -5.586961938328937727, 30.19877225897667827, 0.5094445389320175765 ) ) ;
#2401 = EDGE_LOOP ( 'NONE', ( #1973, #1994 ) ) ;
#2402 = EDGE_CURVE ( 'NONE', #1914, #3259, #3038, .T. ) ;
#2403 = DIRECTION ( 'NONE',  ( -0.000000000000000000, -0.000000000000000000, -1.000000000000000000 ) ) ;
#2404 = ORIENTED_EDGE ( 'NONE', *, *, #2442, .F. ) ;
#2405 = ORIENTED_EDGE ( 'NONE', *, *, #8811, .F. ) ;
#2406 = CARTESIAN_POINT ( 'NONE',  ( -8.051471090958095544, -24.44308559639190648, 7.500000000000009770 ) ) ;
#2407 = ORIENTED_EDGE ( 'NONE', *, *, #724, .T. ) ;
#2408 = CARTESIAN_POINT ( 'NONE',  ( 5.545534904594735082, 26.42436456420327318, 7.500000000000007105 ) ) ;
#2409 = FACE_OUTER_BOUND ( 'NONE', #3496, .T. ) ;
#2410 = DIRECTION ( 'NONE',  ( 1.000000000000000000, 0.000000000000000000, 0.000000000000000000 ) ) ;
#2411 = DIRECTION ( 'NONE',  ( 1.000000000000000000, -3.552713678800500929E-15, 0.000000000000000000 ) ) ;
#2412 = AXIS2_PLACEMENT_3D ( 'NONE', #5898, #5197, #8044 ) ;
#2413 = VERTEX_POINT ( 'NONE', #6389 ) ;
#2414 = DIRECTION ( 'NONE',  ( 0.1729873939250869685, -0.9810602621904072063, -0.08715574274766210716 ) ) ;
#2415 = FACE_OUTER_BOUND ( 'NONE', #6231, .T. ) ;
#2416 = CARTESIAN_POINT ( 'NONE',  ( -22.92560119578286759, 33.13378233987197774, -3.574313338690692454 ) ) ;
#2417 = VECTOR ( 'NONE', #5072, 1000.000000000000114 ) ;
#2418 = VECTOR ( 'NONE', #6718, 1000.000000000000000 ) ;
#2419 = CARTESIAN_POINT ( 'NONE',  ( -25.50000000000000000, -3.780293665983593066, 7.500000000000009770 ) ) ;
#2420 = AXIS2_PLACEMENT_3D ( 'NONE', #1533, #8593, #7951 ) ;
#2421 = CIRCLE ( 'NONE', #51, 30.00000000000000000 ) ;
#2422 = DIRECTION ( 'NONE',  ( -0.5273919060659932878, 0.4710178100837429938, 0.7071067811865427988 ) ) ;
#2423 = VERTEX_POINT ( 'NONE', #761 ) ;
#2424 = ORIENTED_EDGE ( 'NONE', *, *, #3742, .F. ) ;
#2425 = ADVANCED_FACE ( 'NONE', ( #1621 ), #26, .F. ) ;
#2426 = DIRECTION ( 'NONE',  ( -0.000000000000000000, -0.000000000000000000, 1.000000000000000000 ) ) ;
#2427 = EDGE_LOOP ( 'NONE', ( #1102, #6533, #5953, #7508 ) ) ;
#2428 = AXIS2_PLACEMENT_3D ( 'NONE', #3406, #6064, #6243 ) ;
#2429 = AXIS2_PLACEMENT_3D ( 'NONE', #2118, #7841, #7699 ) ;
#2430 = CIRCLE ( 'NONE', #2300, 1.000000000000000888 ) ;
#2431 = ORIENTED_EDGE ( 'NONE', *, *, #6982, .F. ) ;
#2432 = DIRECTION ( 'NONE',  ( 1.000000000000000000, -5.329070518200752183E-15, 0.000000000000000000 ) ) ;
#2433 = EDGE_LOOP ( 'NONE', ( #4708, #6427, #8204, #212 ) ) ;
#2434 = CIRCLE ( 'NONE', #6137, 2.999999999999999112 ) ;
#2435 = CARTESIAN_POINT ( 'NONE',  ( -21.27852007099597387, -5.587896168346493830, -0.0009999999999992653654 ) ) ;
#2436 = EDGE_LOOP ( 'NONE', ( #3592, #4795, #7478, #4467 ) ) ;
#2437 = VERTEX_POINT ( 'NONE', #5890 ) ;
#2438 = DIRECTION ( 'NONE',  ( 0.000000000000000000, 0.000000000000000000, 1.000000000000000000 ) ) ;
#2439 = EDGE_CURVE ( 'NONE', #3753, #1312, #3204, .T. ) ;
#2440 = EDGE_CURVE ( 'NONE', #8888, #8628, #1526, .T. ) ;
#2441 = CARTESIAN_POINT ( 'NONE',  ( 19.71320343559646204, 16.57757573283802799, 3.000000000000000000 ) ) ;
#2442 = EDGE_CURVE ( 'NONE', #3411, #7708, #4346, .T. ) ;
#2443 = ADVANCED_FACE ( 'NONE', ( #198 ), #7112, .F. ) ;
#2444 = CARTESIAN_POINT ( 'NONE',  ( -23.99999999999999289, -3.780293665983592177, 0.4999999999999831246 ) ) ;
#2445 = VECTOR ( 'NONE', #4655, 1000.000000000000114 ) ;
#2446 = CARTESIAN_POINT ( 'NONE',  ( -11.51825675803572224, -16.35154397516047453, 5.382365989591963995 ) ) ;
#2447 = DIRECTION ( 'NONE',  ( 0.000000000000000000, 0.000000000000000000, 1.000000000000000000 ) ) ;
#2448 = LINE ( 'NONE', #5900, #3462 ) ;
#2449 = ORIENTED_EDGE ( 'NONE', *, *, #3709, .T. ) ;
#2450 = VECTOR ( 'NONE', #3511, 1000.000000000000000 ) ;
#2451 = AXIS2_PLACEMENT_3D ( 'NONE', #8651, #3012, #5861 ) ;
#2452 = DIRECTION ( 'NONE',  ( 0.000000000000000000, 0.000000000000000000, -1.000000000000000000 ) ) ;
#2453 = ORIENTED_EDGE ( 'NONE', *, *, #7039, .F. ) ;
#2454 = ORIENTED_EDGE ( 'NONE', *, *, #2707, .T. ) ;
#2455 = ORIENTED_EDGE ( 'NONE', *, *, #5168, .F. ) ;
#2456 = VECTOR ( 'NONE', #8440, 1000.000000000000000 ) ;
#2457 = DIRECTION ( 'NONE',  ( 0.000000000000000000, 0.000000000000000000, 1.000000000000000000 ) ) ;
#2458 = ORIENTED_EDGE ( 'NONE', *, *, #5089, .T. ) ;
#2459 = AXIS2_PLACEMENT_3D ( 'NONE', #2935, #7971, #744 ) ;
#2460 = DIRECTION ( 'NONE',  ( -0.000000000000000000, -0.000000000000000000, -1.000000000000000000 ) ) ;
#2461 = CYLINDRICAL_SURFACE ( 'NONE', #8725, 0.4000000000000010214 ) ;
#2462 = ADVANCED_FACE ( 'NONE', ( #6094 ), #1704, .F. ) ;
#2463 = CARTESIAN_POINT ( 'NONE',  ( -4.488545804618726542, 29.70871555118267793, 7.506874147683423537 ) ) ;
#2464 = EDGE_CURVE ( 'NONE', #5599, #8927, #5448, .T. ) ;
#2465 = AXIS2_PLACEMENT_3D ( 'NONE', #8769, #5892, #2952 ) ;
#2466 = DIRECTION ( 'NONE',  ( 0.1729873939250869685, -0.9810602621904072063, -0.08715574274766210716 ) ) ;
#2467 = VECTOR ( 'NONE', #116, 1000.000000000000000 ) ;
#2468 = CARTESIAN_POINT ( 'NONE',  ( -16.47852007099605132, -13.90174004467715108, 7.500000000000007105 ) ) ;
#2469 = CARTESIAN_POINT ( 'NONE',  ( -3.799999999999982059, -29.75836016987465271, -35.76116903151876159 ) ) ;
#2470 = VECTOR ( 'NONE', #4033, 1000.000000000000000 ) ;
#2471 = EDGE_CURVE ( 'NONE', #8119, #3540, #5925, .T. ) ;
#2472 = EDGE_LOOP ( 'NONE', ( #8536, #9126 ) ) ;
#2473 = ORIENTED_EDGE ( 'NONE', *, *, #2290, .F. ) ;
#2474 = CARTESIAN_POINT ( 'NONE',  ( -4.582770566913544563, 29.80810024491177757, 0.5046283140788271337 ) ) ;
#2475 = ORIENTED_EDGE ( 'NONE', *, *, #7056, .F. ) ;
#2476 = CONICAL_SURFACE ( 'NONE', #1606, 20.00000000000000000, 0.7853981633974447263 ) ;
#2477 = ORIENTED_EDGE ( 'NONE', *, *, #7349, .F. ) ;
#2478 = VERTEX_POINT ( 'NONE', #6616 ) ;
#2479 = LINE ( 'NONE', #5971, #1160 ) ;
#2480 = VERTEX_POINT ( 'NONE', #5270 ) ;
#2481 = VECTOR ( 'NONE', #2716, 1000.000000000000000 ) ;
#2482 = ORIENTED_EDGE ( 'NONE', *, *, #2676, .F. ) ;
#2483 = CARTESIAN_POINT ( 'NONE',  ( 23.11762239271876851, 8.959103465619081774, 3.500000000000000444 ) ) ;
#2484 = CARTESIAN_POINT ( 'NONE',  ( -17.44427368066886785, -9.209631683944826008, 3.500000000000000444 ) ) ;
#2485 = DIRECTION ( 'NONE',  ( 1.000000000000000000, -1.734723475976805517E-15, 0.000000000000000000 ) ) ;
#2486 = DIRECTION ( 'NONE',  ( -0.000000000000000000, -0.000000000000000000, -1.000000000000000000 ) ) ;
#2487 = DIRECTION ( 'NONE',  ( 1.000000000000000000, 0.000000000000000000, 0.000000000000000000 ) ) ;
#2488 = LINE ( 'NONE', #5315, #935 ) ;
#2489 = ORIENTED_EDGE ( 'NONE', *, *, #2707, .F. ) ;
#2490 = CIRCLE ( 'NONE', #6644, 2.249999999999999556 ) ;
#2491 = ORIENTED_EDGE ( 'NONE', *, *, #8112, .T. ) ;
#2492 = EDGE_CURVE ( 'NONE', #3963, #4059, #1622, .T. ) ;
#2493 = CARTESIAN_POINT ( 'NONE',  ( -22.92408113730069275, 19.76785107312754164, 8.000000000000000000 ) ) ;
#2494 = ORIENTED_EDGE ( 'NONE', *, *, #169, .T. ) ;
#2495 = EDGE_CURVE ( 'NONE', #5334, #5228, #8200, .T. ) ;
#2496 = VERTEX_POINT ( 'NONE', #1840 ) ;
#2497 = VERTEX_POINT ( 'NONE', #8120 ) ;
#2498 = DIRECTION ( 'NONE',  ( 0.3535533905932831678, 0.6123724356957900294, 0.7071067811865466846 ) ) ;
#2499 = DIRECTION ( 'NONE',  ( -0.000000000000000000, -0.000000000000000000, 1.000000000000000000 ) ) ;
#2500 = CONICAL_SURFACE ( 'NONE', #4433, 1.500000000000008216, 0.7853981633974473908 ) ;
#2501 = DIRECTION ( 'NONE',  ( 0.000000000000000000, 0.000000000000000000, -1.000000000000000000 ) ) ;
#2502 = CARTESIAN_POINT ( 'NONE',  ( 21.27852007099589571, -5.587896168346787817, 8.000000000000000000 ) ) ;
#2503 = CARTESIAN_POINT ( 'NONE',  ( -6.279777745818845069, 30.38146949553498999, 7.530289910326199987 ) ) ;
#2504 = CARTESIAN_POINT ( 'NONE',  ( -3.629755799962426366, 29.61169786774167889, 0.3333333333333221016 ) ) ;
#2505 = ADVANCED_FACE ( 'NONE', ( #1754 ), #3833, .F. ) ;
#2506 = EDGE_CURVE ( 'NONE', #1430, #3465, #5174, .T. ) ;
#2507 = EDGE_CURVE ( 'NONE', #5610, #3921, #374, .T. ) ;
#2508 = ORIENTED_EDGE ( 'NONE', *, *, #2777, .F. ) ;
#2509 = CARTESIAN_POINT ( 'NONE',  ( -23.55961359711019298, -8.983347098777866080, 3.000000000000000000 ) ) ;
#2510 = DIRECTION ( 'NONE',  ( -0.7071067811865549002, 0.000000000000000000, -0.7071067811865402453 ) ) ;
#2511 = LINE ( 'NONE', #492, #6690 ) ;
#2512 = AXIS2_PLACEMENT_3D ( 'NONE', #7537, #8316, #402 ) ;
#2513 = DIRECTION ( 'NONE',  ( -0.8660254037844398178, -0.4999999999999980571, 0.000000000000000000 ) ) ;
#2514 = EDGE_CURVE ( 'NONE', #8716, #2071, #5777, .T. ) ;
#2515 = CARTESIAN_POINT ( 'NONE',  ( 18.31001060738577024, 9.219192565372527071, 0.000000000000000000 ) ) ;
#2516 = ORIENTED_EDGE ( 'NONE', *, *, #789, .T. ) ;
#2517 = ORIENTED_EDGE ( 'NONE', *, *, #326, .T. ) ;
#2518 = VECTOR ( 'NONE', #8184, 1000.000000000000000 ) ;
#2519 = DIRECTION ( 'NONE',  ( 0.8660254037844410391, 0.4999999999999958367, -0.000000000000000000 ) ) ;
#2520 = ORIENTED_EDGE ( 'NONE', *, *, #4714, .T. ) ;
#2521 = ORIENTED_EDGE ( 'NONE', *, *, #737, .F. ) ;
#2522 = DIRECTION ( 'NONE',  ( 0.9848077530122086864, 0.1736481776669271115, 0.000000000000000000 ) ) ;
#2523 = CARTESIAN_POINT ( 'NONE',  ( -5.028478355132861566, 29.60472246619015735, 2.809755021747856407 ) ) ;
#2524 = DIRECTION ( 'NONE',  ( -0.000000000000000000, -0.000000000000000000, 1.000000000000000000 ) ) ;
#2525 = VERTEX_POINT ( 'NONE', #4492 ) ;
#2526 = ORIENTED_EDGE ( 'NONE', *, *, #8828, .T. ) ;
#2527 = ORIENTED_EDGE ( 'NONE', *, *, #4515, .T. ) ;
#2528 = CARTESIAN_POINT ( 'NONE',  ( 19.99832990621943196, -0.2960242422190131339, 1.764710757704846644 ) ) ;
#2529 = EDGE_CURVE ( 'NONE', #2567, #9058, #1042, .T. ) ;
#2530 = CARTESIAN_POINT ( 'NONE',  ( -5.272727272727273373, 19.29244274599351883, 7.500000000000007105 ) ) ;
#2531 = VERTEX_POINT ( 'NONE', #8766 ) ;
#2532 = CARTESIAN_POINT ( 'NONE',  ( -5.799999999999999822, -21.22168702059287071, 8.000000000000000000 ) ) ;
#2533 = ORIENTED_EDGE ( 'NONE', *, *, #8922, .F. ) ;
#2534 = AXIS2_PLACEMENT_3D ( 'NONE', #3045, #6494, #123 ) ;
#2535 = ORIENTED_EDGE ( 'NONE', *, *, #2850, .T. ) ;
#2536 = ORIENTED_EDGE ( 'NONE', *, *, #7918, .T. ) ;
#2537 = CARTESIAN_POINT ( 'NONE',  ( -16.02383034850701193, -20.19350096351154278, 7.500000000000009770 ) ) ;
#2538 = ORIENTED_EDGE ( 'NONE', *, *, #8036, .T. ) ;
#2539 = CARTESIAN_POINT ( 'NONE',  ( -32.59477381617514880, 42.32959617377373007, 7.309971936318526708 ) ) ;
#2540 = CARTESIAN_POINT ( 'NONE',  ( -5.545534904594551229, -26.42436456420330515, 7.500000000000009770 ) ) ;
#2541 = DIRECTION ( 'NONE',  ( 0.9848077530122084644, 0.1736481776669282218, 0.000000000000000000 ) ) ;
#2542 = EDGE_CURVE ( 'NONE', #2994, #5048, #3083, .T. ) ;
#2543 = CARTESIAN_POINT ( 'NONE',  ( -23.36762239271864772, 8.526090763727193433, 8.000000000000000000 ) ) ;
#2544 = EDGE_LOOP ( 'NONE', ( #8941, #5227, #6236, #4010 ) ) ;
#2545 = DIRECTION ( 'NONE',  ( -1.000000000000000000, 0.000000000000000000, 0.000000000000000000 ) ) ;
#2546 = CARTESIAN_POINT ( 'NONE',  ( -4.299999999999993605, 24.50000000000000000, 8.000000000000000000 ) ) ;
#2547 = CARTESIAN_POINT ( 'NONE',  ( 0.000000000000000000, 0.000000000000000000, 0.000000000000000000 ) ) ;
#2548 = CARTESIAN_POINT ( 'NONE',  ( 20.49999999999999289, 0.000000000000000000, 8.000000000000000000 ) ) ;
#2549 = EDGE_CURVE ( 'NONE', #4715, #7003, #2479, .T. ) ;
#2550 = EDGE_CURVE ( 'NONE', #4830, #4685, #6354, .T. ) ;
#2551 = DIRECTION ( 'NONE',  ( 1.000000000000000000, 0.000000000000000000, 0.000000000000000000 ) ) ;
#2552 = VECTOR ( 'NONE', #39, 1000.000000000000000 ) ;
#2553 = DIRECTION ( 'NONE',  ( 0.9848077530122085754, 0.1736481776669278609, -0.000000000000000000 ) ) ;
#2554 = EDGE_LOOP ( 'NONE', ( #5425, #366, #6611, #2977 ) ) ;
#2555 = ADVANCED_FACE ( 'NONE', ( #6013, #8849 ), #5307, .T. ) ;
#2556 = ORIENTED_EDGE ( 'NONE', *, *, #4614, .F. ) ;
#2557 = CONICAL_SURFACE ( 'NONE', #1076, 2.500000000000002220, 0.7853981633974552734 ) ;
#2558 = CIRCLE ( 'NONE', #3152, 1.999999999999998224 ) ;
#2559 = ORIENTED_EDGE ( 'NONE', *, *, #1492, .T. ) ;
#2560 = CARTESIAN_POINT ( 'NONE',  ( -6.091093297688217056, 30.55008306523976103, 1.585144672163672608 ) ) ;
#2561 = CARTESIAN_POINT ( 'NONE',  ( 0.000000000000000000, 0.000000000000000000, 8.000000000000000000 ) ) ;
#2562 = ORIENTED_EDGE ( 'NONE', *, *, #3898, .F. ) ;
#2563 = VERTEX_POINT ( 'NONE', #2801 ) ;
#2564 = AXIS2_PLACEMENT_3D ( 'NONE', #4357, #7201, #6499 ) ;
#2565 = CIRCLE ( 'NONE', #7631, 30.00000000000000000 ) ;
#2566 = CIRCLE ( 'NONE', #7366, 2.500000000000009326 ) ;
#2567 = VERTEX_POINT ( 'NONE', #4101 ) ;
#2568 = DIRECTION ( 'NONE',  ( -1.000000000000000000, 0.000000000000000000, 0.000000000000000000 ) ) ;
#2569 = CARTESIAN_POINT ( 'NONE',  ( -8.043327881108975674, -18.31168105325814111, 4.593083986437230593 ) ) ;
#2570 = FACE_OUTER_BOUND ( 'NONE', #8047, .T. ) ;
#2571 = DIRECTION ( 'NONE',  ( -0.5813922219943354897, 0.4024712215854552855, -0.7071067811865479058 ) ) ;
#2572 = AXIS2_PLACEMENT_3D ( 'NONE', #6745, #372, #2522 ) ;
#2573 = ORIENTED_EDGE ( 'NONE', *, *, #738, .T. ) ;
#2574 = CARTESIAN_POINT ( 'NONE',  ( -21.27852007099586018, 5.587896168346938808, 8.000000000000000000 ) ) ;
#2575 = ORIENTED_EDGE ( 'NONE', *, *, #2381, .T. ) ;
#2576 = LINE ( 'NONE', #7530, #741 ) ;
#2577 = DIRECTION ( 'NONE',  ( 0.000000000000000000, 0.000000000000000000, -1.000000000000000000 ) ) ;
#2578 = CIRCLE ( 'NONE', #7498, 3.000000000000000888 ) ;
#2579 = AXIS2_PLACEMENT_3D ( 'NONE', #9078, #5362, #2719 ) ;
#2580 = LINE ( 'NONE', #1903, #2134 ) ;
#2581 = ORIENTED_EDGE ( 'NONE', *, *, #8662, .T. ) ;
#2582 = AXIS2_PLACEMENT_3D ( 'NONE', #4014, #2447, #6758 ) ;
#2583 = LINE ( 'NONE', #539, #8756 ) ;
#2584 = CONICAL_SURFACE ( 'NONE', #3334, 1.500000000000001332, 0.7853981633974513876 ) ;
#2585 = DIRECTION ( 'NONE',  ( -0.000000000000000000, -0.000000000000000000, -1.000000000000000000 ) ) ;
#2586 = CARTESIAN_POINT ( 'NONE',  ( 20.11140353916389145, 18.01475638705407789, 8.000000000000000000 ) ) ;
#2587 = DIRECTION ( 'NONE',  ( -1.000000000000000000, 0.000000000000000000, 0.000000000000000000 ) ) ;
#2588 = AXIS2_PLACEMENT_3D ( 'NONE', #7, #4980, #2834 ) ;
#2589 = LINE ( 'NONE', #6221, #8663 ) ;
#2590 = ORIENTED_EDGE ( 'NONE', *, *, #7866, .T. ) ;
#2591 = CIRCLE ( 'NONE', #8391, 20.00000000000000000 ) ;
#2592 = DIRECTION ( 'NONE',  ( 1.000000000000000000, 0.000000000000000000, 0.000000000000000000 ) ) ;
#2593 = CARTESIAN_POINT ( 'NONE',  ( 9.476169651492748258, 23.97379462949500351, 0.000000000000000000 ) ) ;
#2594 = EDGE_LOOP ( 'NONE', ( #5891, #1751, #1323, #6488, #3793, #298, #1527, #4618, #8687, #1615, #391 ) ) ;
#2595 = EDGE_CURVE ( 'NONE', #1850, #3037, #2353, .T. ) ;
#2596 = EDGE_CURVE ( 'NONE', #4339, #7235, #6232, .T. ) ;
#2597 = ADVANCED_FACE ( 'NONE', ( #8245 ), #1217, .F. ) ;
#2598 = AXIS2_PLACEMENT_3D ( 'NONE', #7596, #331, #519 ) ;
#2599 = LINE ( 'NONE', #1962, #4390 ) ;
#2600 = LINE ( 'NONE', #2061, #379 ) ;
#2601 = DIRECTION ( 'NONE',  ( 1.000000000000000000, 0.000000000000000000, 0.000000000000000000 ) ) ;
#2602 = CARTESIAN_POINT ( 'NONE',  ( 11.25921680415699022, 16.53000716386264202, 2.303810620186163671 ) ) ;
#2603 = AXIS2_PLACEMENT_3D ( 'NONE', #4132, #8415, #2053 ) ;
#2604 = EDGE_CURVE ( 'NONE', #2191, #3370, #7545, .T. ) ;
#2605 = DIRECTION ( 'NONE',  ( 0.000000000000000000, 0.000000000000000000, 1.000000000000000000 ) ) ;
#2606 = ADVANCED_FACE ( 'NONE', ( #6334 ), #8886, .T. ) ;
#2607 = ADVANCED_FACE ( 'NONE', ( #2697 ), #866, .T. ) ;
#2608 = LINE ( 'NONE', #4240, #3082 ) ;
#2609 = LINE ( 'NONE', #3877, #6754 ) ;
#2610 = ORIENTED_EDGE ( 'NONE', *, *, #8655, .T. ) ;
#2611 = VERTEX_POINT ( 'NONE', #1324 ) ;
#2612 = ORIENTED_EDGE ( 'NONE', *, *, #1030, .T. ) ;
#2613 = VECTOR ( 'NONE', #792, 1000.000000000000341 ) ;
#2614 = FACE_OUTER_BOUND ( 'NONE', #6849, .T. ) ;
#2615 = VERTEX_POINT ( 'NONE', #516 ) ;
#2616 = CARTESIAN_POINT ( 'NONE',  ( 19.88578205896238060, -2.135155682414939804, 3.275191850779667124 ) ) ;
#2617 = CARTESIAN_POINT ( 'NONE',  ( -1.650000000000017009, -2.857883832488644860, 0.000000000000000000 ) ) ;
#2618 = LINE ( 'NONE', #5404, #3025 ) ;
#2619 = CIRCLE ( 'NONE', #3513, 2.999999999999999112 ) ;
#2620 = ORIENTED_EDGE ( 'NONE', *, *, #6941, .F. ) ;
#2621 = EDGE_CURVE ( 'NONE', #6053, #2994, #3871, .T. ) ;
#2622 = ORIENTED_EDGE ( 'NONE', *, *, #7582, .F. ) ;
#2623 = ORIENTED_EDGE ( 'NONE', *, *, #8244, .T. ) ;
#2624 = ORIENTED_EDGE ( 'NONE', *, *, #3338, .T. ) ;
#2625 = PLANE ( 'NONE',  #2143 ) ;
#2626 = CARTESIAN_POINT ( 'NONE',  ( 7.976169651492746482, 23.97379462949500351, 0.4999999999999831246 ) ) ;
#2627 = DIRECTION ( 'NONE',  ( -0.000000000000000000, -0.000000000000000000, -1.000000000000000000 ) ) ;
#2628 = DIRECTION ( 'NONE',  ( 0.1729873939250869408, -0.9810602621904072063, -0.08715574274766206553 ) ) ;
#2629 = DIRECTION ( 'NONE',  ( -0.4999999999999916733, -0.8660254037844437036, 0.000000000000000000 ) ) ;
#2630 = AXIS2_PLACEMENT_3D ( 'NONE', #4864, #2176, #6532 ) ;
#2631 = DIRECTION ( 'NONE',  ( 0.8660254037844413721, 0.4999999999999952816, 0.000000000000000000 ) ) ;
#2632 = EDGE_LOOP ( 'NONE', ( #4903, #5456, #3887, #3622 ) ) ;
#2633 = AXIS2_PLACEMENT_3D ( 'NONE', #6647, #6688, #7973 ) ;
#2634 = ORIENTED_EDGE ( 'NONE', *, *, #7510, .F. ) ;
#2635 = DIRECTION ( 'NONE',  ( -0.7071067811865524577, 0.000000000000000000, 0.7071067811865426878 ) ) ;
#2636 = CIRCLE ( 'NONE', #8011, 1.199999999999995959 ) ;
#2637 = CARTESIAN_POINT ( 'NONE',  ( 25.50000000000000355, -3.780293665983593066, 8.000000000000000000 ) ) ;
#2638 = CARTESIAN_POINT ( 'NONE',  ( -23.86679327408269558, -6.851296291209027167, 3.000000000000000000 ) ) ;
#2639 = CARTESIAN_POINT ( 'NONE',  ( -5.420937252050078925, 29.89368187802531196, 7.519233948712900961 ) ) ;
#2640 = CARTESIAN_POINT ( 'NONE',  ( -8.726169651492593715, -22.67475652381839879, 0.4999999999999831246 ) ) ;
#2641 = CARTESIAN_POINT ( 'NONE',  ( 15.02383034850715937, 18.46145015594255412, 0.000000000000000000 ) ) ;
#2642 = ORIENTED_EDGE ( 'NONE', *, *, #1603, .F. ) ;
#2643 = CARTESIAN_POINT ( 'NONE',  ( 18.71320343559646204, 16.57757573283802799, 3.000000000000000000 ) ) ;
#2644 = VECTOR ( 'NONE', #5643, 1000.000000000000000 ) ;
#2645 = CARTESIAN_POINT ( 'NONE',  ( 20.15529868040778183, 34.91000135619301403, 3.999999999999999112 ) ) ;
#2646 = CARTESIAN_POINT ( 'NONE',  ( -19.97562048727148110, -0.9965874413083660732, 6.022636576788520379 ) ) ;
#2647 = ORIENTED_EDGE ( 'NONE', *, *, #4322, .T. ) ;
#2648 = CARTESIAN_POINT ( 'NONE',  ( -17.86342498281534574, -8.994334210119651729, 0.4999999999999830136 ) ) ;
#2649 = CARTESIAN_POINT ( 'NONE',  ( -16.38661371934865230, -10.75355247408290360, 0.000000000000000000 ) ) ;
#2650 = ORIENTED_EDGE ( 'NONE', *, *, #5089, .F. ) ;
#2651 = CARTESIAN_POINT ( 'NONE',  ( 11.87316350660971764, 16.09437255571044290, 3.703869528544307954 ) ) ;
#2652 = EDGE_CURVE ( 'NONE', #5699, #666, #5489, .T. ) ;
#2653 = ADVANCED_FACE ( 'NONE', ( #9112 ), #9022, .F. ) ;
#2654 = VERTEX_POINT ( 'NONE', #2655 ) ;
#2655 = CARTESIAN_POINT ( 'NONE',  ( -21.97357053353078626, -19.68278938585553917, 8.000000000000000000 ) ) ;
#2656 = AXIS2_PLACEMENT_3D ( 'NONE', #2328, #827, #5248 ) ;
#2657 = CYLINDRICAL_SURFACE ( 'NONE', #4282, 1.199999999999995959 ) ;
#2658 = ORIENTED_EDGE ( 'NONE', *, *, #8405, .T. ) ;
#2659 = ORIENTED_EDGE ( 'NONE', *, *, #8342, .T. ) ;
#2660 = DIRECTION ( 'NONE',  ( 0.000000000000000000, 0.000000000000000000, 1.000000000000000000 ) ) ;
#2661 = ORIENTED_EDGE ( 'NONE', *, *, #4446, .F. ) ;
#2662 = EDGE_CURVE ( 'NONE', #6424, #4780, #3532, .T. ) ;
#2663 = PRESENTATION_STYLE_ASSIGNMENT (( #7601 ) ) ;
#2664 = EDGE_CURVE ( 'NONE', #7042, #6513, #4727, .T. ) ;
#2665 = CARTESIAN_POINT ( 'NONE',  ( -9.009344198810321558, -17.85627986864097849, 5.953620755937948594 ) ) ;
#2666 = CARTESIAN_POINT ( 'NONE',  ( -8.045534904594555670, -26.42436456420330515, 8.000000000000000000 ) ) ;
#2667 = UNCERTAINTY_MEASURE_WITH_UNIT (LENGTH_MEASURE( 1.000000000000000082E-05 ), #567, 'distance_accuracy_value', 'NONE');
#2668 = CARTESIAN_POINT ( 'NONE',  ( 5.272727272727273373, 19.29244274599351883, 7.500000000000007105 ) ) ;
#2669 = VERTEX_POINT ( 'NONE', #4801 ) ;
#2670 = ORIENTED_EDGE ( 'NONE', *, *, #4256, .T. ) ;
#2671 = ORIENTED_EDGE ( 'NONE', *, *, #5232, .T. ) ;
#2672 = DIRECTION ( 'NONE',  ( 0.8660254037844434816, -0.4999999999999915623, 0.000000000000000000 ) ) ;
#2673 = DIRECTION ( 'NONE',  ( 0.000000000000000000, 0.000000000000000000, 1.000000000000000000 ) ) ;
#2674 = CARTESIAN_POINT ( 'NONE',  ( -17.32050807568853301, -9.999999999999973355, 3.500000000000000444 ) ) ;
#2675 = CARTESIAN_POINT ( 'NONE',  ( 21.21762239271877704, 12.24999999999995381, 3.500000000000000444 ) ) ;
#2676 = EDGE_CURVE ( 'NONE', #3102, #414, #4756, .T. ) ;
#2677 = CARTESIAN_POINT ( 'NONE',  ( -17.14259752787349811, -19.19432130080199528, -0.0009999999999992653654 ) ) ;
#2678 = DIRECTION ( 'NONE',  ( 0.7071067811865517916, 0.000000000000000000, 0.7071067811865432429 ) ) ;
#2679 = EDGE_LOOP ( 'NONE', ( #615, #6003, #8215, #4770 ) ) ;
#2680 = CIRCLE ( 'NONE', #149, 29.50000000000000711 ) ;
#2681 = ORIENTED_EDGE ( 'NONE', *, *, #442, .F. ) ;
#2682 = CARTESIAN_POINT ( 'NONE',  ( 23.99999999999999645, -3.780293665983593066, 7.500000000000007105 ) ) ;
#2683 = CARTESIAN_POINT ( 'NONE',  ( 5.545534904594735082, 26.42436456420327318, 0.000000000000000000 ) ) ;
#2684 = CARTESIAN_POINT ( 'NONE',  ( 19.31762239271878556, 15.54089653438082408, 3.500000000000000444 ) ) ;
#2685 = DIRECTION ( 'NONE',  ( -1.000000000000000000, 0.000000000000000000, 0.000000000000000000 ) ) ;
#2686 = DIRECTION ( 'NONE',  ( -0.7071067811865414665, -3.244813344487963653E-16, 0.7071067811865536790 ) ) ;
#2687 = DIRECTION ( 'NONE',  ( 1.000000000000000000, 0.000000000000000000, 0.000000000000000000 ) ) ;
#2688 = ORIENTED_EDGE ( 'NONE', *, *, #8640, .T. ) ;
#2689 = CARTESIAN_POINT ( 'NONE',  ( -23.11762239271882535, -8.959103465618918349, 7.500000000000007105 ) ) ;
#2690 = CARTESIAN_POINT ( 'NONE',  ( -21.21762239271885875, -12.24999999999980460, 3.500000000000000444 ) ) ;
#2691 = VERTEX_POINT ( 'NONE', #6937 ) ;
#2692 = CARTESIAN_POINT ( 'NONE',  ( 6.161705449549705449, 29.36040507133697020, 7.500000000000007105 ) ) ;
#2693 = CARTESIAN_POINT ( 'NONE',  ( -19.92015718057509233, -1.797407608045415994, 5.384858111591644736 ) ) ;
#2694 = FACE_OUTER_BOUND ( 'NONE', #1073, .T. ) ;
#2695 = CARTESIAN_POINT ( 'NONE',  ( 8.043327881109101796, 18.31168105325808426, 4.593083986437233257 ) ) ;
#2696 = VECTOR ( 'NONE', #953, 1000.000000000000000 ) ;
#2697 = FACE_OUTER_BOUND ( 'NONE', #8114, .T. ) ;
#2698 = DIRECTION ( 'NONE',  ( 0.1729873939250869408, -0.9810602621904069842, -0.08715574274766209328 ) ) ;
#2699 = ORIENTED_EDGE ( 'NONE', *, *, #8225, .T. ) ;
#2700 = ORIENTED_EDGE ( 'NONE', *, *, #5802, .F. ) ;
#2701 = CYLINDRICAL_SURFACE ( 'NONE', #636, 0.7999999999999986011 ) ;
#2702 = ORIENTED_EDGE ( 'NONE', *, *, #8354, .T. ) ;
#2703 = AXIS2_PLACEMENT_3D ( 'NONE', #8956, #5476, #8320 ) ;
#2704 = CONICAL_SURFACE ( 'NONE', #8070, 0.8999999999999910294, 0.7853981633974552734 ) ;
#2705 = CARTESIAN_POINT ( 'NONE',  ( -2.249999999999998224, -24.50000000000000000, 0.000000000000000000 ) ) ;
#2706 = CARTESIAN_POINT ( 'NONE',  ( -10.96158960988832298, -16.72897283179945660, 5.952053928631704238 ) ) ;
#2707 = EDGE_CURVE ( 'NONE', #3430, #2496, #1468, .T. ) ;
#2708 = CARTESIAN_POINT ( 'NONE',  ( -3.799999999999999378, -29.25423046330196186, 3.500000000000000444 ) ) ;
#2709 = ORIENTED_EDGE ( 'NONE', *, *, #521, .T. ) ;
#2710 = VECTOR ( 'NONE', #8774, 1000.000000000000114 ) ;
#2711 = ADVANCED_FACE ( 'NONE', ( #7028 ), #2500, .T. ) ;
#2712 = ADVANCED_FACE ( 'NONE', ( #5444 ), #560, .F. ) ;
#2713 = EDGE_CURVE ( 'NONE', #477, #3259, #6381, .T. ) ;
#2714 = ORIENTED_EDGE ( 'NONE', *, *, #7624, .F. ) ;
#2715 = DIRECTION ( 'NONE',  ( 0.000000000000000000, 0.000000000000000000, -1.000000000000000000 ) ) ;
#2716 = DIRECTION ( 'NONE',  ( -0.8660254037844330455, 0.5000000000000097700, 0.000000000000000000 ) ) ;
#2717 = VERTEX_POINT ( 'NONE', #7980 ) ;
#2718 = CARTESIAN_POINT ( 'NONE',  ( -28.65693844375873311, -8.409608177149221930, 0.4999999999999831246 ) ) ;
#2719 = DIRECTION ( 'NONE',  ( -0.4999999999999947820, 0.8660254037844417052, 0.000000000000000000 ) ) ;
#2720 = DIRECTION ( 'NONE',  ( 1.000000000000000000, 0.000000000000000000, 0.000000000000000000 ) ) ;
#2721 = EDGE_LOOP ( 'NONE', ( #9083, #1219, #4920, #1155, #1884, #4443, #4814, #2365 ) ) ;
#2722 = CONICAL_SURFACE ( 'NONE', #7940, 1.000000000000000888, 0.7853981633974642662 ) ;
#2723 = CARTESIAN_POINT ( 'NONE',  ( 16.52050807568882007, 9.999999999999916511, 3.500000000000000444 ) ) ;
#2724 = CARTESIAN_POINT ( 'NONE',  ( -4.817217913436421917, 29.23408581648244464, 7.999999999999998224 ) ) ;
#2725 = EDGE_LOOP ( 'NONE', ( #7239, #6367 ) ) ;
#2726 = AXIS2_PLACEMENT_3D ( 'NONE', #7831, #8566, #2982 ) ;
#2727 = VERTEX_POINT ( 'NONE', #4437 ) ;
#2728 = LINE ( 'NONE', #2682, #5936 ) ;
#2729 = EDGE_CURVE ( 'NONE', #2200, #1895, #1462, .T. ) ;
#2730 = CIRCLE ( 'NONE', #4529, 20.00000000000000000 ) ;
#2731 = CARTESIAN_POINT ( 'NONE',  ( -19.96975807736139785, -1.132340183916434651, 2.033735400249740977 ) ) ;
#2732 = EDGE_CURVE ( 'NONE', #7529, #4455, #8432, .T. ) ;
#2733 = CARTESIAN_POINT ( 'NONE',  ( -10.25488313423534059, -17.17143601418591459, 1.764608646242187273 ) ) ;
#2734 = CARTESIAN_POINT ( 'NONE',  ( -5.679584713800457152, 30.00144922756610910, 7.522608913622521598 ) ) ;
#2735 = CIRCLE ( 'NONE', #7648, 2.249999999999998668 ) ;
#2736 = FACE_OUTER_BOUND ( 'NONE', #7180, .T. ) ;
#2737 = CARTESIAN_POINT ( 'NONE',  ( 23.99999999999999289, 3.780293665983592177, 0.4999999999999831246 ) ) ;
#2738 = ORIENTED_EDGE ( 'NONE', *, *, #42, .T. ) ;
#2739 = DIRECTION ( 'NONE',  ( 0.000000000000000000, 0.000000000000000000, -1.000000000000000000 ) ) ;
#2740 = VECTOR ( 'NONE', #4313, 1000.000000000000114 ) ;
#2741 = DIRECTION ( 'NONE',  ( -0.05785419118799033783, 0.7047360446025019431, 0.7071067811865502373 ) ) ;
#2742 = CARTESIAN_POINT ( 'NONE',  ( -1.360023205165817945E-15, 24.50000000000000000, 3.500000000000000444 ) ) ;
#2743 = CARTESIAN_POINT ( 'NONE',  ( -17.32050807568853301, -9.999999999999973355, 0.000000000000000000 ) ) ;
#2744 = DIRECTION ( 'NONE',  ( -1.000000000000000000, 0.000000000000000000, 0.000000000000000000 ) ) ;
#2745 = DIRECTION ( 'NONE',  ( 0.7071067811865517916, 0.000000000000000000, 0.7071067811865432429 ) ) ;
#2746 = VECTOR ( 'NONE', #6950, 999.9999999999998863 ) ;
#2747 = CARTESIAN_POINT ( 'NONE',  ( -25.09209149177599940, -5.738254505458791677, 0.000000000000000000 ) ) ;
#2748 = DIRECTION ( 'NONE',  ( -0.7071067811865433539, -3.938249088047040145E-16, 0.7071067811865517916 ) ) ;
#2749 = VECTOR ( 'NONE', #1311, 1000.000000000000000 ) ;
#2750 = CARTESIAN_POINT ( 'NONE',  ( -5.404545454545451655, -19.77475381464334703, 8.000000000000000000 ) ) ;
#2751 = AXIS2_PLACEMENT_3D ( 'NONE', #8896, #2524, #1218 ) ;
#2752 = DIRECTION ( 'NONE',  ( 0.000000000000000000, 0.000000000000000000, 1.000000000000000000 ) ) ;
#2753 = DIRECTION ( 'NONE',  ( -1.000000000000000000, 0.000000000000000000, 0.000000000000000000 ) ) ;
#2754 = DIRECTION ( 'NONE',  ( -0.000000000000000000, 0.000000000000000000, 1.000000000000000000 ) ) ;
#2755 = ORIENTED_EDGE ( 'NONE', *, *, #1709, .F. ) ;
#2756 = ORIENTED_EDGE ( 'NONE', *, *, #3634, .F. ) ;
#2757 = CARTESIAN_POINT ( 'NONE',  ( 17.08868083885758793, -14.25401652825130228, 2.999999999999961808 ) ) ;
#2758 = CARTESIAN_POINT ( 'NONE',  ( 19.87303449400720012, 2.250000000000009326, 3.999999999999999112 ) ) ;
#2759 = AXIS2_PLACEMENT_3D ( 'NONE', #5452, #8299, #1889 ) ;
#2760 = CARTESIAN_POINT ( 'NONE',  ( 1.360023205165817945E-15, -24.50000000000000000, 3.500000000000000444 ) ) ;
#2761 = CARTESIAN_POINT ( 'NONE',  ( -9.476169651492579504, -23.97379462949506745, -0.0009999999999992653654 ) ) ;
#2762 = ORIENTED_EDGE ( 'NONE', *, *, #8778, .F. ) ;
#2763 = FACE_OUTER_BOUND ( 'NONE', #4664, .T. ) ;
#2764 = ORIENTED_EDGE ( 'NONE', *, *, #7522, .F. ) ;
#2765 = AXIS2_PLACEMENT_3D ( 'NONE', #6415, #47, #3728 ) ;
#2766 = DIRECTION ( 'NONE',  ( 0.000000000000000000, 0.000000000000000000, 1.000000000000000000 ) ) ;
#2767 = VECTOR ( 'NONE', #1868, 1000.000000000000000 ) ;
#2768 = ORIENTED_EDGE ( 'NONE', *, *, #8701, .T. ) ;
#2769 = FACE_BOUND ( 'NONE', #8984, .T. ) ;
#2770 = LINE ( 'NONE', #9182, #5651 ) ;
#2771 = FACE_OUTER_BOUND ( 'NONE', #1469, .T. ) ;
#2772 = CARTESIAN_POINT ( 'NONE',  ( -25.19406861883199511, -5.248764295590000017, 7.500000000000009770 ) ) ;
#2773 = VECTOR ( 'NONE', #172, 1000.000000000000114 ) ;
#2774 = CARTESIAN_POINT ( 'NONE',  ( -1.360023205165817945E-15, 24.50000000000000000, 3.500000000000000444 ) ) ;
#2775 = CARTESIAN_POINT ( 'NONE',  ( -32.98010520917516430, 37.12321786125893652, 0.5000000000000004441 ) ) ;
#2776 = ORIENTED_EDGE ( 'NONE', *, *, #3077, .T. ) ;
#2777 = EDGE_CURVE ( 'NONE', #9035, #2191, #8615, .T. ) ;
#2778 = EDGE_CURVE ( 'NONE', #1592, #8340, #3224, .T. ) ;
#2779 = ORIENTED_EDGE ( 'NONE', *, *, #55, .F. ) ;
#2780 = CARTESIAN_POINT ( 'NONE',  ( 17.41320343559645423, 16.57757573283802799, 0.000000000000000000 ) ) ;
#2781 = DIRECTION ( 'NONE',  ( 1.000000000000000000, 0.000000000000000000, 0.000000000000000000 ) ) ;
#2782 = CIRCLE ( 'NONE', #2630, 20.00000000000000000 ) ;
#2783 = CARTESIAN_POINT ( 'NONE',  ( -10.62090229280222076, -16.94741991204675102, 1.864654433867217964 ) ) ;
#2784 = DIRECTION ( 'NONE',  ( 1.000000000000000000, 0.000000000000000000, 0.000000000000000000 ) ) ;
#2785 = CARTESIAN_POINT ( 'NONE',  ( -21.35322048454213828, 29.69020270911398640, -19.02808290795733370 ) ) ;
#2786 = CARTESIAN_POINT ( 'NONE',  ( -25.19406861883199511, -5.248764295590000017, -0.0009999999999992653654 ) ) ;
#2787 = VERTEX_POINT ( 'NONE', #8191 ) ;
#2788 = EDGE_CURVE ( 'NONE', #8933, #4576, #9015, .T. ) ;
#2789 = ADVANCED_FACE ( 'NONE', ( #1745 ), #4574, .F. ) ;
#2790 = CARTESIAN_POINT ( 'NONE',  ( 22.34600393240432581, 20.01639598561564881, 8.000000000000000000 ) ) ;
#2791 = VECTOR ( 'NONE', #1368, 1000.000000000000000 ) ;
#2792 = AXIS2_PLACEMENT_3D ( 'NONE', #1970, #6983, #462 ) ;
#2793 = CARTESIAN_POINT ( 'NONE',  ( -20.11140353916377066, -18.01475638705422000, 8.000000000000000000 ) ) ;
#2794 = DIRECTION ( 'NONE',  ( 0.5267003637674828598, 0.4717909778781347319, 0.7071067811865435759 ) ) ;
#2795 = DIRECTION ( 'NONE',  ( 0.7364628317436137106, 0.07008449252423004650, 0.6728377674951064868 ) ) ;
#2796 = LINE ( 'NONE', #5588, #8993 ) ;
#2797 = CARTESIAN_POINT ( 'NONE',  ( 3.299999999999999378, 1.837943339865477752E-15, 0.000000000000000000 ) ) ;
#2798 = EDGE_CURVE ( 'NONE', #6653, #3598, #4705, .T. ) ;
#2799 = LINE ( 'NONE', #1559, #4807 ) ;
#2800 = DIRECTION ( 'NONE',  ( -0.000000000000000000, -0.000000000000000000, -1.000000000000000000 ) ) ;
#2801 = CARTESIAN_POINT ( 'NONE',  ( 14.07138188272359969, 14.21253713840558852, 3.500000000000000444 ) ) ;
#2802 = ORIENTED_EDGE ( 'NONE', *, *, #1781, .T. ) ;
#2803 = VERTEX_POINT ( 'NONE', #8322 ) ;
#2804 = ORIENTED_EDGE ( 'NONE', *, *, #1611, .F. ) ;
#2805 = DIRECTION ( 'NONE',  ( -0.7071067811865414665, -3.244813344487963653E-16, 0.7071067811865536790 ) ) ;
#2806 = DIRECTION ( 'NONE',  ( -0.000000000000000000, -0.000000000000000000, 1.000000000000000000 ) ) ;
#2807 = DIRECTION ( 'NONE',  ( 1.000000000000000000, 0.000000000000000000, 0.000000000000000000 ) ) ;
#2808 = LINE ( 'NONE', #2075, #6707 ) ;
#2809 = CIRCLE ( 'NONE', #400, 1.199999999999996625 ) ;
#2810 = LINE ( 'NONE', #2219, #830 ) ;
#2811 = FACE_OUTER_BOUND ( 'NONE', #133, .T. ) ;
#2812 = ORIENTED_EDGE ( 'NONE', *, *, #5943, .F. ) ;
#2813 = ORIENTED_EDGE ( 'NONE', *, *, #7960, .F. ) ;
#2814 = DIRECTION ( 'NONE',  ( 1.000000000000000000, 0.000000000000000000, 0.000000000000000000 ) ) ;
#2815 = ORIENTED_EDGE ( 'NONE', *, *, #5969, .F. ) ;
#2816 = ORIENTED_EDGE ( 'NONE', *, *, #2464, .F. ) ;
#2817 = DIRECTION ( 'NONE',  ( -0.000000000000000000, -0.000000000000000000, -1.000000000000000000 ) ) ;
#2818 = DIRECTION ( 'NONE',  ( 1.000000000000000000, 0.000000000000000000, 0.000000000000000000 ) ) ;
#2819 = CARTESIAN_POINT ( 'NONE',  ( -5.814612548920996105, 30.07120436105906691, 7.524358027056166520 ) ) ;
#2820 = EDGE_CURVE ( 'NONE', #5349, #3257, #3346, .T. ) ;
#2821 = CARTESIAN_POINT ( 'NONE',  ( -21.21762239271860651, 12.25000000000024691, 0.000000000000000000 ) ) ;
#2822 = LINE ( 'NONE', #7807, #4971 ) ;
#2823 = CARTESIAN_POINT ( 'NONE',  ( -4.321913315020299962, 29.77048518973467850, 0.5033467457387612587 ) ) ;
#2824 = EDGE_LOOP ( 'NONE', ( #7835, #1602, #3266, #378 ) ) ;
#2825 = ORIENTED_EDGE ( 'NONE', *, *, #7299, .F. ) ;
#2826 = DIRECTION ( 'NONE',  ( 1.000000000000000000, 0.000000000000000000, 0.000000000000000000 ) ) ;
#2827 = EDGE_CURVE ( 'NONE', #7408, #3341, #2636, .T. ) ;
#2828 = CARTESIAN_POINT ( 'NONE',  ( -10.12649588481000507, -17.24748258748187268, 1.749946537827020254 ) ) ;
#2829 = DIRECTION ( 'NONE',  ( 1.000000000000000000, 0.000000000000000000, 0.000000000000000000 ) ) ;
#2830 = CARTESIAN_POINT ( 'NONE',  ( -4.862324550855795735, 29.24138152042856831, 8.000000000000001776 ) ) ;
#2831 = FACE_OUTER_BOUND ( 'NONE', #7706, .T. ) ;
#2832 = CYLINDRICAL_SURFACE ( 'NONE', #8258, 2.249999999999999556 ) ;
#2833 = ORIENTED_EDGE ( 'NONE', *, *, #8512, .F. ) ;
#2834 = DIRECTION ( 'NONE',  ( 1.000000000000000000, 0.000000000000000000, 0.000000000000000000 ) ) ;
#2835 = EDGE_LOOP ( 'NONE', ( #3320, #3314, #3158, #6628 ) ) ;
#2836 = EDGE_CURVE ( 'NONE', #2137, #3966, #3977, .T. ) ;
#2837 = CARTESIAN_POINT ( 'NONE',  ( -21.27852007099597387, -5.587896168346493830, 7.500000000000007105 ) ) ;
#2838 = DIRECTION ( 'NONE',  ( 1.000000000000000000, 0.000000000000000000, 0.000000000000000000 ) ) ;
#2839 = EDGE_CURVE ( 'NONE', #6, #8865, #6204, .T. ) ;
#2840 = DIRECTION ( 'NONE',  ( -0.000000000000000000, -0.000000000000000000, 1.000000000000000000 ) ) ;
#2841 = EDGE_CURVE ( 'NONE', #1590, #484, #7970, .T. ) ;
#2842 = CARTESIAN_POINT ( 'NONE',  ( -8.476169651492600821, -22.24174382192618538, 0.000000000000000000 ) ) ;
#2843 = EDGE_CURVE ( 'NONE', #4486, #7738, #640, .T. ) ;
#2844 = EDGE_CURVE ( 'NONE', #3300, #1850, #4286, .T. ) ;
#2845 = CARTESIAN_POINT ( 'NONE',  ( -15.27383034850702082, -18.89446285783487056, 0.4999999999999830136 ) ) ;
#2846 = DIRECTION ( 'NONE',  ( 0.000000000000000000, 0.000000000000000000, -1.000000000000000000 ) ) ;
#2847 = DIRECTION ( 'NONE',  ( -0.000000000000000000, -0.000000000000000000, 1.000000000000000000 ) ) ;
#2848 = ORIENTED_EDGE ( 'NONE', *, *, #1244, .T. ) ;
#2849 = ORIENTED_EDGE ( 'NONE', *, *, #6356, .T. ) ;
#2850 = EDGE_CURVE ( 'NONE', #9150, #467, #7015, .T. ) ;
#2851 = EDGE_LOOP ( 'NONE', ( #4392, #4908, #2394, #7350 ) ) ;
#2852 = CARTESIAN_POINT ( 'NONE',  ( -4.445454009586936373, 29.28043353473125521, 0.000000000000000000 ) ) ;
#2853 = DIRECTION ( 'NONE',  ( 1.000000000000000000, 3.552713678800500929E-15, 0.000000000000000000 ) ) ;
#2854 = VECTOR ( 'NONE', #7790, 1000.000000000000000 ) ;
#2855 = DIRECTION ( 'NONE',  ( 0.000000000000000000, 0.000000000000000000, -1.000000000000000000 ) ) ;
#2856 = VERTEX_POINT ( 'NONE', #9152 ) ;
#2857 = DIRECTION ( 'NONE',  ( -0.3535533905932694565, 0.6123724356957955806, 0.7071067811865486830 ) ) ;
#2858 = EDGE_LOOP ( 'NONE', ( #1440, #5366, #8573, #8161, #4025, #5318, #8692, #592 ) ) ;
#2859 = DIRECTION ( 'NONE',  ( 0.000000000000000000, 0.000000000000000000, 1.000000000000000000 ) ) ;
#2860 = ORIENTED_EDGE ( 'NONE', *, *, #8133, .T. ) ;
#2861 = ORIENTED_EDGE ( 'NONE', *, *, #7113, .T. ) ;
#2862 = AXIS2_PLACEMENT_3D ( 'NONE', #3527, #6406, #6365 ) ;
#2863 = LINE ( 'NONE', #5706, #2385 ) ;
#2864 = CARTESIAN_POINT ( 'NONE',  ( -1.360023205165817945E-15, 24.50000000000000000, -0.001000000000000132727 ) ) ;
#2865 = CARTESIAN_POINT ( 'NONE',  ( 5.272727272727273373, 19.29244274599351883, 7.500000000000007105 ) ) ;
#2866 = EDGE_LOOP ( 'NONE', ( #6600, #4465, #1095, #1228 ) ) ;
#2867 = AXIS2_PLACEMENT_3D ( 'NONE', #8313, #1241, #4072 ) ;
#2868 = AXIS2_PLACEMENT_3D ( 'NONE', #3160, #2426, #4620 ) ;
#2869 = EDGE_CURVE ( 'NONE', #2654, #1052, #408, .T. ) ;
#2870 = VERTEX_POINT ( 'NONE', #8458 ) ;
#2871 = DIRECTION ( 'NONE',  ( -0.000000000000000000, -0.000000000000000000, -1.000000000000000000 ) ) ;
#2872 = CARTESIAN_POINT ( 'NONE',  ( 3.299999999999986500, -21.92623998774071481, 3.500000000000000444 ) ) ;
#2873 = DIRECTION ( 'NONE',  ( -1.000000000000000000, 0.000000000000000000, 0.000000000000000000 ) ) ;
#2874 = DIRECTION ( 'NONE',  ( -0.9789804197376049677, 0.2039542541120011598, 0.000000000000000000 ) ) ;
#2875 = LINE ( 'NONE', #6551, #6457 ) ;
#2876 = CONICAL_SURFACE ( 'NONE', #3156, 30.00000000000000000, 0.7853981633974517207 ) ;
#2877 = LINE ( 'NONE', #7265, #8068 ) ;
#2878 = CARTESIAN_POINT ( 'NONE',  ( -16.72103440749862457, -10.97301272865602684, 0.4999999999999830136 ) ) ;
#2879 = ORIENTED_EDGE ( 'NONE', *, *, #4790, .T. ) ;
#2880 = FACE_OUTER_BOUND ( 'NONE', #7305, .T. ) ;
#2881 = EDGE_CURVE ( 'NONE', #2080, #5084, #4930, .T. ) ;
#2882 = AXIS2_PLACEMENT_3D ( 'NONE', #7613, #437, #6164 ) ;
#2883 = CARTESIAN_POINT ( 'NONE',  ( 16.47852007099595895, 13.90174004467726832, 7.500000000000007105 ) ) ;
#2884 = FACE_BOUND ( 'NONE', #8293, .T. ) ;
#2885 = CYLINDRICAL_SURFACE ( 'NONE', #5194, 3.000000000000000000 ) ;
#2886 = DIRECTION ( 'NONE',  ( 0.000000000000000000, 0.000000000000000000, 1.000000000000000000 ) ) ;
#2887 = AXIS2_PLACEMENT_3D ( 'NONE', #5208, #1017, #3855 ) ;
#2888 = CARTESIAN_POINT ( 'NONE',  ( 10.50193423692804195, 17.02145905354468880, 6.177774292516981625 ) ) ;
#2889 = EDGE_CURVE ( 'NONE', #2691, #4853, #7076, .T. ) ;
#2890 = EDGE_CURVE ( 'NONE', #255, #8888, #2360, .T. ) ;
#2891 = EDGE_CURVE ( 'NONE', #4824, #4926, #5179, .T. ) ;
#2892 = EDGE_CURVE ( 'NONE', #5838, #5915, #712, .T. ) ;
#2893 = CARTESIAN_POINT ( 'NONE',  ( 0.000000000000000000, 0.000000000000000000, 7.500000000000007105 ) ) ;
#2894 = EDGE_LOOP ( 'NONE', ( #6292, #465, #4730, #2082 ) ) ;
#2895 = EDGE_LOOP ( 'NONE', ( #682, #3295, #2756, #6343 ) ) ;
#2896 = CONICAL_SURFACE ( 'NONE', #7365, 20.00000000000000000, 0.7853981633974482790 ) ;
#2897 = ORIENTED_EDGE ( 'NONE', *, *, #738, .F. ) ;
#2898 = CARTESIAN_POINT ( 'NONE',  ( -6.289452040621992701, 30.79633251890263068, 0.5126424032767737948 ) ) ;
#2899 = CARTESIAN_POINT ( 'NONE',  ( 19.88582367318507593, 2.134770902516120117, 3.274044291768970716 ) ) ;
#2900 = DIRECTION ( 'NONE',  ( 0.000000000000000000, 1.000000000000000000, 0.000000000000000000 ) ) ;
#2901 = AXIS2_PLACEMENT_3D ( 'NONE', #464, #3305, #3256 ) ;
#2902 = DIRECTION ( 'NONE',  ( -1.000000000000000000, 0.000000000000000000, 0.000000000000000000 ) ) ;
#2903 = LINE ( 'NONE', #993, #3308 ) ;
#2904 = EDGE_CURVE ( 'NONE', #4824, #1456, #7268, .T. ) ;
#2905 = CIRCLE ( 'NONE', #2459, 1.500000000000008216 ) ;
#2906 = EDGE_CURVE ( 'NONE', #8847, #1767, #1787, .T. ) ;
#2907 = ORIENTED_EDGE ( 'NONE', *, *, #8711, .F. ) ;
#2908 = DIRECTION ( 'NONE',  ( 0.01513443590133919242, -0.08583165117743513095, 0.9961946980917452121 ) ) ;
#2909 = VERTEX_POINT ( 'NONE', #5335 ) ;
#2910 = DIRECTION ( 'NONE',  ( -0.000000000000000000, -0.000000000000000000, -1.000000000000000000 ) ) ;
#2911 = ORIENTED_EDGE ( 'NONE', *, *, #3569, .F. ) ;
#2912 = ORIENTED_EDGE ( 'NONE', *, *, #1492, .F. ) ;
#2913 = CIRCLE ( 'NONE', #7228, 1.500000000000001332 ) ;
#2914 = ORIENTED_EDGE ( 'NONE', *, *, #8903, .T. ) ;
#2915 = DIRECTION ( 'NONE',  ( 0.000000000000000000, 0.000000000000000000, -1.000000000000000000 ) ) ;
#2916 = DIRECTION ( 'NONE',  ( 1.000000000000000000, 0.000000000000000000, 0.000000000000000000 ) ) ;
#2917 = EDGE_CURVE ( 'NONE', #8192, #1590, #7446, .T. ) ;
#2918 = CARTESIAN_POINT ( 'NONE',  ( -9.476169651492579504, -23.97379462949506745, 8.000000000000000000 ) ) ;
#2919 = CARTESIAN_POINT ( 'NONE',  ( -3.811717126750602702, 29.75730745285232715, 0.5008133924936881698 ) ) ;
#2920 = ADVANCED_FACE ( 'NONE', ( #1739 ), #2335, .T. ) ;
#2921 = AXIS2_PLACEMENT_3D ( 'NONE', #1964, #7684, #4041 ) ;
#2922 = DIRECTION ( 'NONE',  ( -0.000000000000000000, -0.000000000000000000, -1.000000000000000000 ) ) ;
#2923 = VERTEX_POINT ( 'NONE', #1024 ) ;
#2924 = CARTESIAN_POINT ( 'NONE',  ( -18.24679157355295089, -19.68005582490346228, 0.000000000000000000 ) ) ;
#2925 = DIRECTION ( 'NONE',  ( 0.000000000000000000, 0.000000000000000000, -1.000000000000000000 ) ) ;
#2926 = CARTESIAN_POINT ( 'NONE',  ( 3.799999999999999378, 17.50000000000000000, 3.500000000000000444 ) ) ;
#2927 = CARTESIAN_POINT ( 'NONE',  ( 19.98730789598984714, 0.7253242615184406494, 6.134977015477161011 ) ) ;
#2928 = CARTESIAN_POINT ( 'NONE',  ( -6.280491009402355829, 29.76663873468325150, 7.999999999999998224 ) ) ;
#2929 = CIRCLE ( 'NONE', #3202, 0.4000000000000010214 ) ;
#2930 = VECTOR ( 'NONE', #3335, 1000.000000000000114 ) ;
#2931 = CARTESIAN_POINT ( 'NONE',  ( -16.52050807568853230, -9.999999999999973355, 0.4999999999999831246 ) ) ;
#2932 = CARTESIAN_POINT ( 'NONE',  ( -11.99999999999979572, -20.78460969082663823, 3.999999999999999112 ) ) ;
#2933 = ORIENTED_EDGE ( 'NONE', *, *, #2664, .T. ) ;
#2934 = DIRECTION ( 'NONE',  ( -0.000000000000000000, -0.000000000000000000, -1.000000000000000000 ) ) ;
#2935 = CARTESIAN_POINT ( 'NONE',  ( -5.800000000000000711, 21.22168702059287071, 8.000000000000000000 ) ) ;
#2936 = CARTESIAN_POINT ( 'NONE',  ( 0.000000000000000000, 0.000000000000000000, 0.4999999999999831246 ) ) ;
#2937 = CARTESIAN_POINT ( 'NONE',  ( -4.525534774558676254, -19.67598927641302353, 3.189443203934541060 ) ) ;
#2938 = DIRECTION ( 'NONE',  ( 1.000000000000000000, 5.204170427930416550E-15, 0.000000000000000000 ) ) ;
#2939 = AXIS2_PLACEMENT_3D ( 'NONE', #6102, #2403, #1768 ) ;
#2940 = CARTESIAN_POINT ( 'NONE',  ( -1.360023205165817945E-15, 24.50000000000000000, -0.001000000000000132727 ) ) ;
#2941 = ORIENTED_EDGE ( 'NONE', *, *, #8148, .T. ) ;
#2942 = EDGE_LOOP ( 'NONE', ( #3168, #6086, #2318, #203 ) ) ;
#2943 = AXIS2_PLACEMENT_3D ( 'NONE', #4898, #7644, #8379 ) ;
#2944 = ORIENTED_EDGE ( 'NONE', *, *, #6412, .T. ) ;
#2945 = EDGE_CURVE ( 'NONE', #107, #3963, #3900, .T. ) ;
#2946 = CARTESIAN_POINT ( 'NONE',  ( -6.153523255382088664, 30.64812587144610490, 0.5120421533004271275 ) ) ;
#2947 = CARTESIAN_POINT ( 'NONE',  ( 0.000000000000000000, 0.000000000000000000, 7.500000000000007105 ) ) ;
#2948 = CARTESIAN_POINT ( 'NONE',  ( -15.47852007099574045, 15.63379085224636178, 8.000000000000000000 ) ) ;
#2949 = CARTESIAN_POINT ( 'NONE',  ( 1.800000000000004263, -27.94208295743178638, 0.4999999999999831246 ) ) ;
#2950 = CONICAL_SURFACE ( 'NONE', #1638, 1.500000000000003109, 0.7853981633974570498 ) ;
#2951 = CARTESIAN_POINT ( 'NONE',  ( -3.892561323654016636, 29.74651756350819909, 6.335040008992240068 ) ) ;
#2952 = DIRECTION ( 'NONE',  ( 1.000000000000000000, 0.000000000000000000, 0.000000000000000000 ) ) ;
#2953 = ORIENTED_EDGE ( 'NONE', *, *, #4183, .F. ) ;
#2954 = EDGE_LOOP ( 'NONE', ( #825, #2688, #5504, #520, #6936 ) ) ;
#2955 = ORIENTED_EDGE ( 'NONE', *, *, #1912, .F. ) ;
#2956 = EDGE_CURVE ( 'NONE', #2307, #8361, #1915, .T. ) ;
#2957 = CIRCLE ( 'NONE', #7562, 2.500000000000011102 ) ;
#2958 = CARTESIAN_POINT ( 'NONE',  ( -8.051471090958095544, -24.44308559639190648, 0.4999999999999831246 ) ) ;
#2959 = EDGE_CURVE ( 'NONE', #6573, #7608, #8183, .T. ) ;
#2960 = DIRECTION ( 'NONE',  ( 0.000000000000000000, 0.000000000000000000, -1.000000000000000000 ) ) ;
#2961 = EDGE_CURVE ( 'NONE', #4403, #6797, #5871, .T. ) ;
#2962 = ADVANCED_FACE ( 'NONE', ( #314 ), #5622, .T. ) ;
#2963 = CARTESIAN_POINT ( 'NONE',  ( -20.27852007099599163, -7.319946975915382126, 3.500000000000000444 ) ) ;
#2964 = CARTESIAN_POINT ( 'NONE',  ( -4.326073841821225230, 29.77091289253288409, 0.5033673283810092824 ) ) ;
#2965 = DIRECTION ( 'NONE',  ( 0.000000000000000000, 0.000000000000000000, 1.000000000000000000 ) ) ;
#2966 = VERTEX_POINT ( 'NONE', #3066 ) ;
#2967 = EDGE_LOOP ( 'NONE', ( #5982, #2024, #8076, #8998 ) ) ;
#2968 = DIRECTION ( 'NONE',  ( 1.000000000000000000, 0.000000000000000000, 0.000000000000000000 ) ) ;
#2969 = VERTEX_POINT ( 'NONE', #3725 ) ;
#2970 = CONICAL_SURFACE ( 'NONE', #1341, 2.500000000000002220, 0.7853981633974552734 ) ;
#2971 = CARTESIAN_POINT ( 'NONE',  ( 21.21762239271869532, -12.25000000000009948, 3.500000000000000444 ) ) ;
#2972 = FACE_OUTER_BOUND ( 'NONE', #4365, .T. ) ;
#2973 = CARTESIAN_POINT ( 'NONE',  ( -23.11762239271882535, -8.959103465618918349, 7.500000000000007105 ) ) ;
#2974 = ADVANCED_FACE ( 'NONE', ( #6556 ), #8019, .F. ) ;
#2975 = DIRECTION ( 'NONE',  ( -1.000000000000000000, 0.000000000000000000, 0.000000000000000000 ) ) ;
#2976 = CARTESIAN_POINT ( 'NONE',  ( 27.92149588207851707, -11.15527084866443985, 8.000000000000000000 ) ) ;
#2977 = ORIENTED_EDGE ( 'NONE', *, *, #5129, .F. ) ;
#2978 = ORIENTED_EDGE ( 'NONE', *, *, #9079, .T. ) ;
#2979 = DIRECTION ( 'NONE',  ( -1.000000000000000000, 0.000000000000000000, 0.000000000000000000 ) ) ;
#2980 = DIRECTION ( 'NONE',  ( 0.9848077530122081313, 0.1736481776669298871, 0.000000000000000000 ) ) ;
#2981 = LINE ( 'NONE', #4429, #7082 ) ;
#2982 = DIRECTION ( 'NONE',  ( 1.000000000000000000, 0.000000000000000000, 0.000000000000000000 ) ) ;
#2983 = DIRECTION ( 'NONE',  ( 0.8660254037844413721, 0.4999999999999952816, 0.000000000000000000 ) ) ;
#2984 = ORIENTED_EDGE ( 'NONE', *, *, #6755, .F. ) ;
#2985 = ORIENTED_EDGE ( 'NONE', *, *, #5455, .F. ) ;
#2986 = CARTESIAN_POINT ( 'NONE',  ( 1.636363636363637131, -19.93294544340065499, 2.999999999999746869 ) ) ;
#2987 = CARTESIAN_POINT ( 'NONE',  ( -6.008340354521370053, 30.51043554280509795, 0.5113891090636077941 ) ) ;
#2988 = DIRECTION ( 'NONE',  ( 0.000000000000000000, 0.000000000000000000, -1.000000000000000000 ) ) ;
#2989 = DIRECTION ( 'NONE',  ( 0.9848077530122085754, 0.1736481776669278332, -2.333574715602623676E-16 ) ) ;
#2990 = ORIENTED_EDGE ( 'NONE', *, *, #5761, .T. ) ;
#2991 = DIRECTION ( 'NONE',  ( 0.000000000000000000, 0.000000000000000000, -1.000000000000000000 ) ) ;
#2992 = ORIENTED_EDGE ( 'NONE', *, *, #7705, .F. ) ;
#2993 = FACE_OUTER_BOUND ( 'NONE', #2180, .T. ) ;
#2994 = VERTEX_POINT ( 'NONE', #1649 ) ;
#2995 = VERTEX_POINT ( 'NONE', #6601 ) ;
#2996 = CARTESIAN_POINT ( 'NONE',  ( -19.31762239271888859, -15.54089653438068908, 3.500000000000000444 ) ) ;
#2997 = DIRECTION ( 'NONE',  ( 1.000000000000000000, 0.000000000000000000, 0.000000000000000000 ) ) ;
#2998 = CARTESIAN_POINT ( 'NONE',  ( 18.71320343559646204, 16.57757573283802799, 0.000000000000000000 ) ) ;
#2999 = DIRECTION ( 'NONE',  ( 0.000000000000000000, 0.000000000000000000, -1.000000000000000000 ) ) ;
#3000 = ORIENTED_EDGE ( 'NONE', *, *, #7773, .F. ) ;
#3001 = ADVANCED_FACE ( 'NONE', ( #5918 ), #9023, .T. ) ;
#3002 = EDGE_CURVE ( 'NONE', #1172, #7490, #3093, .T. ) ;
#3003 = CARTESIAN_POINT ( 'NONE',  ( -2.250000000000000888, 24.50000000000000000, 0.000000000000000000 ) ) ;
#3004 = ORIENTED_EDGE ( 'NONE', *, *, #4722, .T. ) ;
#3005 = ADVANCED_FACE ( 'NONE', ( #980, #3815 ), #6643, .T. ) ;
#3006 = EDGE_LOOP ( 'NONE', ( #7939, #2661, #812, #2380 ) ) ;
#3007 = CARTESIAN_POINT ( 'NONE',  ( -10.44670740485510763, 31.45963614081155768, -17.29820896870639757 ) ) ;
#3008 = ORIENTED_EDGE ( 'NONE', *, *, #3002, .T. ) ;
#3009 = CARTESIAN_POINT ( 'NONE',  ( -23.82600492594736963, 21.26785107312752743, 7.500000000000009770 ) ) ;
#3010 = CARTESIAN_POINT ( 'NONE',  ( 20.00000000000000000, 3.054587754151540862E-23, 1.749999999999998668 ) ) ;
#3011 = DIRECTION ( 'NONE',  ( 1.000000000000000000, 0.000000000000000000, 0.000000000000000000 ) ) ;
#3012 = DIRECTION ( 'NONE',  ( -0.4999999999999983347, 0.8660254037844395958, 0.000000000000000000 ) ) ;
#3013 = DIRECTION ( 'NONE',  ( -1.000000000000000000, 0.000000000000000000, 0.000000000000000000 ) ) ;
#3014 = CIRCLE ( 'NONE', #3447, 20.00000000000000000 ) ;
#3015 = ORIENTED_EDGE ( 'NONE', *, *, #8752, .F. ) ;
#3016 = DIRECTION ( 'NONE',  ( 1.000000000000000000, 0.000000000000000000, 0.000000000000000000 ) ) ;
#3017 = EDGE_CURVE ( 'NONE', #3341, #7408, #3841, .T. ) ;
#3018 = DIRECTION ( 'NONE',  ( 0.3535533905932749521, 0.6123724356957896964, 0.7071067811865511255 ) ) ;
#3019 = AXIS2_PLACEMENT_3D ( 'NONE', #7002, #1952, #6166 ) ;
#3020 = CARTESIAN_POINT ( 'NONE',  ( -5.545534904594551229, -26.42436456420330515, 8.000000000000000000 ) ) ;
#3021 = AXIS2_PLACEMENT_3D ( 'NONE', #3092, #3708, #8812 ) ;
#3022 = DIRECTION ( 'NONE',  ( 0.1729873939250869685, -0.9810602621904072063, -0.08715574274766210716 ) ) ;
#3023 = CARTESIAN_POINT ( 'NONE',  ( 8.476169651492753587, 22.24174382192612853, 0.000000000000000000 ) ) ;
#3024 = DIRECTION ( 'NONE',  ( 0.000000000000000000, 0.000000000000000000, 1.000000000000000000 ) ) ;
#3025 = VECTOR ( 'NONE', #8255, 1000.000000000000227 ) ;
#3026 = FACE_OUTER_BOUND ( 'NONE', #5296, .T. ) ;
#3027 = FACE_OUTER_BOUND ( 'NONE', #6535, .T. ) ;
#3028 = ORIENTED_EDGE ( 'NONE', *, *, #7675, .T. ) ;
#3029 = ORIENTED_EDGE ( 'NONE', *, *, #6650, .T. ) ;
#3030 = CIRCLE ( 'NONE', #8101, 2.000000000000001776 ) ;
#3031 = CARTESIAN_POINT ( 'NONE',  ( -4.907583831866836555, 29.36943042459414599, 0.000000000000000000 ) ) ;
#3032 = ORIENTED_EDGE ( 'NONE', *, *, #1673, .F. ) ;
#3033 = CIRCLE ( 'NONE', #4976, 20.00000000000000000 ) ;
#3034 = DIRECTION ( 'NONE',  ( 1.000000000000000000, 0.000000000000000000, 0.000000000000000000 ) ) ;
#3035 = CARTESIAN_POINT ( 'NONE',  ( -23.62152707728395384, 17.67126080779583575, 8.000000000000000000 ) ) ;
#3036 = VECTOR ( 'NONE', #1718, 1000.000000000000000 ) ;
#3037 = VERTEX_POINT ( 'NONE', #4567 ) ;
#3038 = LINE ( 'NONE', #7097, #8274 ) ;
#3039 = ORIENTED_EDGE ( 'NONE', *, *, #4767, .T. ) ;
#3040 = VECTOR ( 'NONE', #3418, 1000.000000000000114 ) ;
#3041 = DIRECTION ( 'NONE',  ( 1.000000000000000000, 0.000000000000000000, 0.000000000000000000 ) ) ;
#3042 = ORIENTED_EDGE ( 'NONE', *, *, #2713, .F. ) ;
#3043 = ORIENTED_EDGE ( 'NONE', *, *, #7056, .T. ) ;
#3044 = ORIENTED_EDGE ( 'NONE', *, *, #9139, .F. ) ;
#3045 = CARTESIAN_POINT ( 'NONE',  ( -21.27852007099586018, 5.587896168346938808, -0.0009999999999992653654 ) ) ;
#3046 = B_SPLINE_CURVE_WITH_KNOTS ( 'NONE', 3,
 ( #6150, #1089, #3931, #4676 ),
 .UNSPECIFIED., .F., .F.,
 ( 4, 4 ),
 ( 0.000000000000000000, 1.000000000000000000 ),
 .UNSPECIFIED. ) ;
#3047 = DIRECTION ( 'NONE',  ( 1.000000000000000000, 0.000000000000000000, 0.000000000000000000 ) ) ;
#3048 = AXIS2_PLACEMENT_3D ( 'NONE', #6514, #4518, #7357 ) ;
#3049 = CARTESIAN_POINT ( 'NONE',  ( -21.21762239271860651, 12.25000000000024691, -0.001000000000000132727 ) ) ;
#3050 = AXIS2_PLACEMENT_3D ( 'NONE', #181, #4331, #2838 ) ;
#3051 = CARTESIAN_POINT ( 'NONE',  ( -5.564057939907179673, 30.18484604083669609, 0.5093370681573226033 ) ) ;
#3052 = ORIENTED_EDGE ( 'NONE', *, *, #2662, .F. ) ;
#3053 = DIRECTION ( 'NONE',  ( 0.7071067811865447972, 0.000000000000000000, 0.7071067811865502373 ) ) ;
#3054 = ORIENTED_EDGE ( 'NONE', *, *, #748, .T. ) ;
#3055 = VECTOR ( 'NONE', #860, 1000.000000000000114 ) ;
#3056 = ORIENTED_EDGE ( 'NONE', *, *, #3175, .T. ) ;
#3057 = FACE_OUTER_BOUND ( 'NONE', #4636, .T. ) ;
#3058 = ORIENTED_EDGE ( 'NONE', *, *, #3387, .T. ) ;
#3059 = CARTESIAN_POINT ( 'NONE',  ( -25.50000000000000355, 3.780293665983593066, 0.4999999999999831246 ) ) ;
#3060 = DIRECTION ( 'NONE',  ( 0.000000000000000000, 0.000000000000000000, 1.000000000000000000 ) ) ;
#3061 = DIRECTION ( 'NONE',  ( 1.000000000000000000, 0.000000000000000000, 0.000000000000000000 ) ) ;
#3062 = DIRECTION ( 'NONE',  ( 0.000000000000000000, 0.000000000000000000, -1.000000000000000000 ) ) ;
#3063 = ADVANCED_FACE ( 'NONE', ( #3993 ), #2950, .F. ) ;
#3064 = VECTOR ( 'NONE', #5235, 1000.000000000000114 ) ;
#3065 = DIRECTION ( 'NONE',  ( 1.000000000000000000, 1.387778780781439759E-15, 0.000000000000000000 ) ) ;
#3066 = CARTESIAN_POINT ( 'NONE',  ( 23.99999999999999645, 3.780293665983591733, 7.500000000000007105 ) ) ;
#3067 = AXIS2_PLACEMENT_3D ( 'NONE', #1304, #634, #6117 ) ;
#3068 = DIRECTION ( 'NONE',  ( 1.000000000000000000, 0.000000000000000000, 0.000000000000000000 ) ) ;
#3069 = AXIS2_PLACEMENT_3D ( 'NONE', #1729, #2327, #5291 ) ;
#3070 = CARTESIAN_POINT ( 'NONE',  ( -3.644412315432464577, -0.9218825307330826835, 3.143624502952866884 ) ) ;
#3071 = ADVANCED_FACE ( 'NONE', ( #9088 ), #8158, .T. ) ;
#3072 = EDGE_CURVE ( 'NONE', #8796, #3716, #5516, .T. ) ;
#3073 = ADVANCED_FACE ( 'NONE', ( #1822 ), #4600, .T. ) ;
#3074 = LINE ( 'NONE', #2468, #4972 ) ;
#3075 = ORIENTED_EDGE ( 'NONE', *, *, #3173, .F. ) ;
#3076 = ORIENTED_EDGE ( 'NONE', *, *, #5384, .T. ) ;
#3077 = EDGE_CURVE ( 'NONE', #2727, #773, #2728, .T. ) ;
#3078 = DIRECTION ( 'NONE',  ( -0.000000000000000000, -0.000000000000000000, 1.000000000000000000 ) ) ;
#3079 = ADVANCED_FACE ( 'NONE', ( #5572 ), #4697, .F. ) ;
#3080 = CARTESIAN_POINT ( 'NONE',  ( -5.545534904594551229, -26.42436456420330515, 8.000000000000000000 ) ) ;
#3081 = LINE ( 'NONE', #2350, #6874 ) ;
#3082 = VECTOR ( 'NONE', #7085, 1000.000000000000000 ) ;
#3083 = LINE ( 'NONE', #2390, #1014 ) ;
#3084 = AXIS2_PLACEMENT_3D ( 'NONE', #1927, #3437, #7594 ) ;
#3085 = ORIENTED_EDGE ( 'NONE', *, *, #7232, .T. ) ;
#3086 = DIRECTION ( 'NONE',  ( 0.1729873939250868853, -0.9810602621904069842, -0.08715574274766180185 ) ) ;
#3087 = ORIENTED_EDGE ( 'NONE', *, *, #5370, .F. ) ;
#3088 = VERTEX_POINT ( 'NONE', #3951 ) ;
#3089 = DIRECTION ( 'NONE',  ( -1.000000000000000000, -4.588859039144120192E-16, -0.000000000000000000 ) ) ;
#3090 = DIRECTION ( 'NONE',  ( 0.000000000000000000, 0.000000000000000000, -1.000000000000000000 ) ) ;
#3091 = CARTESIAN_POINT ( 'NONE',  ( 8.094096366256907871, 18.28903581716024362, 3.274209572485242692 ) ) ;
#3092 = CARTESIAN_POINT ( 'NONE',  ( 21.21762239271877704, 12.24999999999995381, 7.500000000000007105 ) ) ;
#3093 = CIRCLE ( 'NONE', #8287, 20.49999999999999289 ) ;
#3094 = CARTESIAN_POINT ( 'NONE',  ( -8.726169651492591939, -22.67475652381839524, -0.0009999999999992653654 ) ) ;
#3095 = CARTESIAN_POINT ( 'NONE',  ( -17.36692017755615680, -9.703611881479288215, 0.000000000000000000 ) ) ;
#3096 = ORIENTED_EDGE ( 'NONE', *, *, #6396, .F. ) ;
#3097 = ORIENTED_EDGE ( 'NONE', *, *, #3819, .T. ) ;
#3098 = EDGE_LOOP ( 'NONE', ( #2363, #6451, #6750, #3181 ) ) ;
#3099 = ORIENTED_EDGE ( 'NONE', *, *, #4098, .F. ) ;
#3100 = CYLINDRICAL_SURFACE ( 'NONE', #719, 2.249999999999998668 ) ;
#3101 = CIRCLE ( 'NONE', #8296, 1.199999999999996625 ) ;
#3102 = VERTEX_POINT ( 'NONE', #4030 ) ;
#3103 = DIRECTION ( 'NONE',  ( -0.000000000000000000, -0.000000000000000000, -1.000000000000000000 ) ) ;
#3104 = CARTESIAN_POINT ( 'NONE',  ( -25.65693844375873311, 8.409608177149218378, 8.000000000000000000 ) ) ;
#3105 = CARTESIAN_POINT ( 'NONE',  ( 1.928571428571433488, -29.93794602581977671, 0.4999999999999831246 ) ) ;
#3106 = PRODUCT_CONTEXT ( 'NONE', #3344, 'mechanical' ) ;
#3107 = FACE_OUTER_BOUND ( 'NONE', #4306, .T. ) ;
#3108 = FACE_OUTER_BOUND ( 'NONE', #1722, .T. ) ;
#3109 = VECTOR ( 'NONE', #6454, 1000.000000000000000 ) ;
#3110 = ADVANCED_FACE ( 'NONE', ( #1998 ), #7669, .F. ) ;
#3111 = DIRECTION ( 'NONE',  ( 0.000000000000000000, -0.000000000000000000, 1.000000000000000000 ) ) ;
#3112 = DIRECTION ( 'NONE',  ( -1.000000000000000000, -5.569525272319630567E-16, 0.000000000000000000 ) ) ;
#3113 = CARTESIAN_POINT ( 'NONE',  ( -18.96762239271860651, 12.25000000000024691, 0.000000000000000000 ) ) ;
#3114 = EDGE_CURVE ( 'NONE', #8628, #5965, #5631, .T. ) ;
#3115 = ADVANCED_FACE ( 'NONE', ( #5368 ), #587, .F. ) ;
#3116 = ADVANCED_FACE ( 'NONE', ( #6217 ), #1249, .F. ) ;
#3117 = ORIENTED_EDGE ( 'NONE', *, *, #5568, .T. ) ;
#3118 = ORIENTED_EDGE ( 'NONE', *, *, #2155, .T. ) ;
#3119 = CARTESIAN_POINT ( 'NONE',  ( 23.29855367578807090, -15.52988720552799329, 3.500000000000000444 ) ) ;
#3120 = EDGE_LOOP ( 'NONE', ( #8540, #1033, #5503, #6788 ) ) ;
#3121 = DIRECTION ( 'NONE',  ( 1.000000000000000000, 0.000000000000000000, 0.000000000000000000 ) ) ;
#3122 = AXIS2_PLACEMENT_3D ( 'NONE', #5911, #1732, #5771 ) ;
#3123 = VERTEX_POINT ( 'NONE', #6080 ) ;
#3124 = DIRECTION ( 'NONE',  ( -0.000000000000000000, -0.000000000000000000, 1.000000000000000000 ) ) ;
#3125 = ORIENTED_EDGE ( 'NONE', *, *, #5329, .F. ) ;
#3126 = EDGE_CURVE ( 'NONE', #847, #4508, #4078, .T. ) ;
#3127 = EDGE_CURVE ( 'NONE', #9072, #8007, #444, .T. ) ;
#3128 = DIRECTION ( 'NONE',  ( 0.4999999999999976130, 0.8660254037844400399, -0.000000000000000000 ) ) ;
#3129 = VERTEX_POINT ( 'NONE', #5472 ) ;
#3130 = VERTEX_POINT ( 'NONE', #8950 ) ;
#3131 = DIRECTION ( 'NONE',  ( -1.000000000000000000, -3.717264591378873190E-16, 0.000000000000000000 ) ) ;
#3132 = CARTESIAN_POINT ( 'NONE',  ( 9.476169651492748258, 23.97379462949500351, 8.000000000000000000 ) ) ;
#3133 = DIRECTION ( 'NONE',  ( -0.000000000000000000, -0.000000000000000000, 1.000000000000000000 ) ) ;
#3134 = CARTESIAN_POINT ( 'NONE',  ( -11.88507440551843786, -16.08555272209477494, 4.293739341134277687 ) ) ;
#3135 = CARTESIAN_POINT ( 'NONE',  ( -18.96762239271886230, -12.24999999999980460, 0.000000000000000000 ) ) ;
#3136 = CARTESIAN_POINT ( 'NONE',  ( 0.000000000000000000, 0.000000000000000000, 8.000000000000000000 ) ) ;
#3137 = ORIENTED_EDGE ( 'NONE', *, *, #3970, .T. ) ;
#3138 = ORIENTED_EDGE ( 'NONE', *, *, #6485, .T. ) ;
#3139 = ORIENTED_EDGE ( 'NONE', *, *, #9077, .T. ) ;
#3140 = DIRECTION ( 'NONE',  ( 0.000000000000000000, 0.000000000000000000, 1.000000000000000000 ) ) ;
#3141 = FACE_OUTER_BOUND ( 'NONE', #2942, .T. ) ;
#3142 = DIRECTION ( 'NONE',  ( -1.000000000000000000, 0.000000000000000000, 0.000000000000000000 ) ) ;
#3143 = DIRECTION ( 'NONE',  ( -0.000000000000000000, -0.000000000000000000, -1.000000000000000000 ) ) ;
#3144 = DIRECTION ( 'NONE',  ( -0.000000000000000000, -0.000000000000000000, 1.000000000000000000 ) ) ;
#3145 = DIRECTION ( 'NONE',  ( -0.000000000000000000, -0.000000000000000000, -1.000000000000000000 ) ) ;
#3146 = DIRECTION ( 'NONE',  ( 0.7071067811865513475, 0.000000000000000000, 0.7071067811865435759 ) ) ;
#3147 = VECTOR ( 'NONE', #7282, 1000.000000000000114 ) ;
#3148 = CARTESIAN_POINT ( 'NONE',  ( -20.17145118092749101, 29.89858052231429753, -19.02808290795733370 ) ) ;
#3149 = CARTESIAN_POINT ( 'NONE',  ( -26.58092659050054962, 31.25845566942134823, 10.28000334725077280 ) ) ;
#3150 = LINE ( 'NONE', #8108, #5614 ) ;
#3151 = CONICAL_SURFACE ( 'NONE', #7016, 1.500000000000008216, 0.7853981633974466137 ) ;
#3152 = AXIS2_PLACEMENT_3D ( 'NONE', #2064, #8967, #2601 ) ;
#3153 = DIRECTION ( 'NONE',  ( 1.000000000000000000, 0.000000000000000000, 0.000000000000000000 ) ) ;
#3154 = CARTESIAN_POINT ( 'NONE',  ( 0.000000000000000000, 0.000000000000000000, 0.4999999999999831246 ) ) ;
#3155 = CONICAL_SURFACE ( 'NONE', #473, 2.500000000000002220, 0.7853981633974517207 ) ;
#3156 = AXIS2_PLACEMENT_3D ( 'NONE', #2083, #2127, #9073 ) ;
#3157 = DIRECTION ( 'NONE',  ( 0.1442174361344395750, 0.6922436934453095603, 0.7071067811865512365 ) ) ;
#3158 = ORIENTED_EDGE ( 'NONE', *, *, #8603, .F. ) ;
#3159 = EDGE_LOOP ( 'NONE', ( #2620, #3178, #1668, #8934 ) ) ;
#3160 = CARTESIAN_POINT ( 'NONE',  ( -25.50000000000000000, -3.780293665983593066, -0.0009999999999992653654 ) ) ;
#3161 = ORIENTED_EDGE ( 'NONE', *, *, #6982, .T. ) ;
#3162 = CIRCLE ( 'NONE', #5389, 1.000000000000000888 ) ;
#3163 = EDGE_CURVE ( 'NONE', #5334, #7206, #2583, .T. ) ;
#3164 = CIRCLE ( 'NONE', #7788, 2.249999999999999556 ) ;
#3165 = ORIENTED_EDGE ( 'NONE', *, *, #8416, .T. ) ;
#3166 = ORIENTED_EDGE ( 'NONE', *, *, #8186, .F. ) ;
#3167 = DIRECTION ( 'NONE',  ( 1.000000000000000000, 0.000000000000000000, 0.000000000000000000 ) ) ;
#3168 = ORIENTED_EDGE ( 'NONE', *, *, #3408, .T. ) ;
#3169 = VECTOR ( 'NONE', #4561, 1000.000000000000114 ) ;
#3170 = VERTEX_POINT ( 'NONE', #3380 ) ;
#3171 = CARTESIAN_POINT ( 'NONE',  ( -22.86679327408264228, -8.583347098777874606, 0.2999999999999947153 ) ) ;
#3172 = DIRECTION ( 'NONE',  ( 0.000000000000000000, 0.000000000000000000, -1.000000000000000000 ) ) ;
#3173 = EDGE_CURVE ( 'NONE', #7241, #2072, #8268, .T. ) ;
#3174 = DIRECTION ( 'NONE',  ( 0.000000000000000000, 0.000000000000000000, 1.000000000000000000 ) ) ;
#3175 = EDGE_CURVE ( 'NONE', #2357, #8336, #6861, .T. ) ;
#3176 = DIRECTION ( 'NONE',  ( 1.000000000000000000, 0.000000000000000000, 0.000000000000000000 ) ) ;
#3177 = DIRECTION ( 'NONE',  ( 1.000000000000000000, 0.000000000000000000, 0.000000000000000000 ) ) ;
#3178 = ORIENTED_EDGE ( 'NONE', *, *, #6180, .F. ) ;
#3179 = CIRCLE ( 'NONE', #69, 30.00000000000000000 ) ;
#3180 = PLANE ( 'NONE',  #398 ) ;
#3181 = ORIENTED_EDGE ( 'NONE', *, *, #160, .F. ) ;
#3182 = ORIENTED_EDGE ( 'NONE', *, *, #6182, .T. ) ;
#3183 = AXIS2_PLACEMENT_3D ( 'NONE', #9127, #2766, #72 ) ;
#3184 = LINE ( 'NONE', #8871, #7620 ) ;
#3185 = DIRECTION ( 'NONE',  ( 0.000000000000000000, 0.000000000000000000, 1.000000000000000000 ) ) ;
#3186 = CARTESIAN_POINT ( 'NONE',  ( -20.17145118092749101, 29.89858052231429753, -19.02808290795733370 ) ) ;
#3187 = VECTOR ( 'NONE', #7636, 1000.000000000000341 ) ;
#3188 = FACE_OUTER_BOUND ( 'NONE', #5974, .T. ) ;
#3189 = APPLICATION_PROTOCOL_DEFINITION ( 'draft international standard', 'automotive_design', 1998, #3344 ) ;
#3190 = CARTESIAN_POINT ( 'NONE',  ( -17.14259752787349811, -19.19432130080199528, -0.0009999999999992653654 ) ) ;
#3191 = CARTESIAN_POINT ( 'NONE',  ( -3.609477834599507773, 29.44626938803362748, 0.1666666666666610230 ) ) ;
#3192 = EDGE_CURVE ( 'NONE', #5048, #8291, #1550, .T. ) ;
#3193 = LINE ( 'NONE', #5914, #2293 ) ;
#3194 = AXIS2_PLACEMENT_3D ( 'NONE', #6966, #6366, #1306 ) ;
#3195 = VERTEX_POINT ( 'NONE', #1956 ) ;
#3196 = DIRECTION ( 'NONE',  ( -0.000000000000000000, -0.000000000000000000, -1.000000000000000000 ) ) ;
#3197 = FACE_OUTER_BOUND ( 'NONE', #7256, .T. ) ;
#3198 = DIRECTION ( 'NONE',  ( -0.000000000000000000, -0.000000000000000000, -1.000000000000000000 ) ) ;
#3199 = EDGE_CURVE ( 'NONE', #8868, #5048, #8022, .T. ) ;
#3200 = VECTOR ( 'NONE', #1353, 1000.000000000000000 ) ;
#3201 = DIRECTION ( 'NONE',  ( 0.000000000000000000, 0.000000000000000000, 1.000000000000000000 ) ) ;
#3202 = AXIS2_PLACEMENT_3D ( 'NONE', #3296, #5481, #6132 ) ;
#3203 = CIRCLE ( 'NONE', #6775, 2.500000000000012434 ) ;
#3204 = B_SPLINE_CURVE_WITH_KNOTS ( 'NONE', 3,
 ( #4451, #7287, #8627, #7240, #2951, #6433 ),
 .UNSPECIFIED., .F., .F.,
 ( 4, 2, 4 ),
 ( 0.0005001537573208414888, 0.004004267297622787249, 0.007508380837924733334 ),
 .UNSPECIFIED. ) ;
#3205 = ORIENTED_EDGE ( 'NONE', *, *, #2844, .F. ) ;
#3206 = EDGE_CURVE ( 'NONE', #4746, #3258, #134, .T. ) ;
#3207 = ORIENTED_EDGE ( 'NONE', *, *, #1610, .T. ) ;
#3208 = CARTESIAN_POINT ( 'NONE',  ( 11.74999999999994849, 20.35159698893434665, 0.000000000000000000 ) ) ;
#3209 = VERTEX_POINT ( 'NONE', #6359 ) ;
#3210 = VECTOR ( 'NONE', #1396, 1000.000000000000000 ) ;
#3211 = ORIENTED_EDGE ( 'NONE', *, *, #3692, .F. ) ;
#3212 = CARTESIAN_POINT ( 'NONE',  ( 25.51762239271876709, 12.24999999999995381, 8.000000000000000000 ) ) ;
#3213 = EDGE_LOOP ( 'NONE', ( #122, #6477, #784, #1393, #6113 ) ) ;
#3214 = CARTESIAN_POINT ( 'NONE',  ( -3.648872484698048702, 29.77726867243557862, 0.4569341441126913983 ) ) ;
#3215 = CARTESIAN_POINT ( 'NONE',  ( -6.161705449549502944, -29.36040507133700928, 7.500000000000009770 ) ) ;
#3216 = VERTEX_POINT ( 'NONE', #1538 ) ;
#3217 = EDGE_CURVE ( 'NONE', #5816, #3088, #3991, .T. ) ;
#3218 = CIRCLE ( 'NONE', #2939, 2.000000000000000000 ) ;
#3219 = ORIENTED_EDGE ( 'NONE', *, *, #7621, .T. ) ;
#3220 = ORIENTED_EDGE ( 'NONE', *, *, #3206, .T. ) ;
#3221 = CARTESIAN_POINT ( 'NONE',  ( 19.90469634900435025, -1.951858502816563146, 2.871191386538414658 ) ) ;
#3222 = CYLINDRICAL_SURFACE ( 'NONE', #2025, 20.00000000000000000 ) ;
#3223 = CARTESIAN_POINT ( 'NONE',  ( 16.85536169075370339, -11.66819533063592473, 3.500000000000000444 ) ) ;
#3224 = CIRCLE ( 'NONE', #4283, 2.250000000000000888 ) ;
#3225 = EDGE_LOOP ( 'NONE', ( #4721, #3042, #4827, #6028 ) ) ;
#3226 = CARTESIAN_POINT ( 'NONE',  ( -17.14259752787349811, -19.19432130080199528, 0.4999999999999831246 ) ) ;
#3227 = VERTEX_POINT ( 'NONE', #2780 ) ;
#3228 = EDGE_LOOP ( 'NONE', ( #3404, #4495, #5135, #5843, #4133, #4798, #5042, #5957 ) ) ;
#3229 = ADVANCED_FACE ( 'NONE', ( #3613 ), #1790, .T. ) ;
#3230 = EDGE_CURVE ( 'NONE', #1759, #7206, #3541, .T. ) ;
#3231 = ORIENTED_EDGE ( 'NONE', *, *, #5393, .F. ) ;
#3232 = FACE_OUTER_BOUND ( 'NONE', #7151, .T. ) ;
#3233 = VERTEX_POINT ( 'NONE', #8408 ) ;
#3234 = VECTOR ( 'NONE', #5297, 1000.000000000000114 ) ;
#3235 = DIRECTION ( 'NONE',  ( 1.000000000000000000, 0.000000000000000000, 0.000000000000000000 ) ) ;
#3236 = DIRECTION ( 'NONE',  ( 1.000000000000000000, 0.000000000000000000, 0.000000000000000000 ) ) ;
#3237 = CARTESIAN_POINT ( 'NONE',  ( 19.27762372661872803, -5.686852927164457228, 3.098649623961143629 ) ) ;
#3238 = DIRECTION ( 'NONE',  ( 1.000000000000000000, -1.734723475976807094E-15, 0.000000000000000000 ) ) ;
#3239 = ORIENTED_EDGE ( 'NONE', *, *, #977, .F. ) ;
#3240 = DIRECTION ( 'NONE',  ( 1.000000000000000000, 0.000000000000000000, 0.000000000000000000 ) ) ;
#3241 = EDGE_CURVE ( 'NONE', #5742, #1877, #9181, .T. ) ;
#3242 = CARTESIAN_POINT ( 'NONE',  ( 16.72103440749877379, 10.97301272865580302, 0.4999999999999831246 ) ) ;
#3243 = DIRECTION ( 'NONE',  ( -1.000000000000000000, 0.000000000000000000, 0.000000000000000000 ) ) ;
#3244 = FACE_OUTER_BOUND ( 'NONE', #8639, .T. ) ;
#3245 = CARTESIAN_POINT ( 'NONE',  ( -9.476169651492579504, -23.97379462949506745, 8.000000000000000000 ) ) ;
#3246 = ORIENTED_EDGE ( 'NONE', *, *, #4553, .T. ) ;
#3247 = VECTOR ( 'NONE', #5718, 1000.000000000000341 ) ;
#3248 = DIRECTION ( 'NONE',  ( 1.000000000000000000, 0.000000000000000000, 0.000000000000000000 ) ) ;
#3249 = ORIENTED_EDGE ( 'NONE', *, *, #8474, .T. ) ;
#3250 = EDGE_LOOP ( 'NONE', ( #1093, #6694, #3935, #5264 ) ) ;
#3251 = ORIENTED_EDGE ( 'NONE', *, *, #8799, .T. ) ;
#3252 = ORIENTED_EDGE ( 'NONE', *, *, #5510, .T. ) ;
#3253 = FACE_OUTER_BOUND ( 'NONE', #819, .T. ) ;
#3254 = VECTOR ( 'NONE', #1776, 1000.000000000000000 ) ;
#3255 = CARTESIAN_POINT ( 'NONE',  ( 17.05544456622769189, 5.459103465619095097, 3.500000000000000444 ) ) ;
#3256 = DIRECTION ( 'NONE',  ( 1.000000000000000000, 0.000000000000000000, 0.000000000000000000 ) ) ;
#3257 = VERTEX_POINT ( 'NONE', #728 ) ;
#3258 = VERTEX_POINT ( 'NONE', #2924 ) ;
#3259 = VERTEX_POINT ( 'NONE', #5715 ) ;
#3260 = AXIS2_PLACEMENT_3D ( 'NONE', #4963, #5658, #3416 ) ;
#3261 = FACE_OUTER_BOUND ( 'NONE', #476, .T. ) ;
#3262 = CARTESIAN_POINT ( 'NONE',  ( -7.987960088488438970, -18.33555272209473941, 4.297508658907938539 ) ) ;
#3263 = DIRECTION ( 'NONE',  ( -0.01513443590133966773, 0.08583165117743718486, -0.9961946980917449901 ) ) ;
#3264 = EDGE_CURVE ( 'NONE', #4116, #2278, #2957, .T. ) ;
#3265 = DIRECTION ( 'NONE',  ( -0.6839175379916033748, -0.1796017851456415959, 0.7071067811865492381 ) ) ;
#3266 = ORIENTED_EDGE ( 'NONE', *, *, #5674, .F. ) ;
#3267 = AXIS2_PLACEMENT_3D ( 'NONE', #7611, #6299, #9133 ) ;
#3268 = ORIENTED_EDGE ( 'NONE', *, *, #5442, .T. ) ;
#3269 = VERTEX_POINT ( 'NONE', #7865 ) ;
#3270 = CARTESIAN_POINT ( 'NONE',  ( -20.27852007099584242, 7.319946975915806675, 7.500000000000007105 ) ) ;
#3271 = FACE_OUTER_BOUND ( 'NONE', #8674, .T. ) ;
#3272 = DIRECTION ( 'NONE',  ( -1.000000000000000000, 0.000000000000000000, 0.000000000000000000 ) ) ;
#3273 = DIRECTION ( 'NONE',  ( -1.000000000000000000, 0.000000000000000000, 0.000000000000000000 ) ) ;
#3274 = CARTESIAN_POINT ( 'NONE',  ( 16.69791183812880675, 10.50236831605509380, 0.4999999999999831246 ) ) ;
#3275 = VERTEX_POINT ( 'NONE', #4879 ) ;
#3276 = ADVANCED_FACE ( 'NONE', ( #4170, #7717, #1348 ), #4364, .F. ) ;
#3277 = ADVANCED_FACE ( 'NONE', ( #1495 ), #5621, .T. ) ;
#3278 = ADVANCED_FACE ( 'NONE', ( #824 ), #6505, .T. ) ;
#3279 = EDGE_CURVE ( 'NONE', #4411, #4203, #774, .T. ) ;
#3280 = ORIENTED_EDGE ( 'NONE', *, *, #685, .T. ) ;
#3281 = CARTESIAN_POINT ( 'NONE',  ( -25.05961359711026049, -8.117321694993467673, 0.2999999999999947153 ) ) ;
#3282 = CARTESIAN_POINT ( 'NONE',  ( 0.000000000000000000, 0.000000000000000000, 3.500000000000000444 ) ) ;
#3283 = CYLINDRICAL_SURFACE ( 'NONE', #2254, 1.199999999999995959 ) ;
#3284 = CARTESIAN_POINT ( 'NONE',  ( -24.05961359711026049, -8.117321694993467673, 3.000000000000000000 ) ) ;
#3285 = AXIS2_PLACEMENT_3D ( 'NONE', #7742, #4197, #7040 ) ;
#3286 = CARTESIAN_POINT ( 'NONE',  ( -4.299999999999990941, -29.18492761683674175, 8.000000000000000000 ) ) ;
#3287 = EDGE_CURVE ( 'NONE', #5713, #1122, #4220, .T. ) ;
#3288 = ADVANCED_FACE ( 'NONE', ( #5667 ), #2138, .T. ) ;
#3289 = PLANE ( 'NONE',  #2160 ) ;
#3290 = ADVANCED_FACE ( 'NONE', ( #6401 ), #1593, .T. ) ;
#3291 = DIRECTION ( 'NONE',  ( -0.8660254037844400399, 0.4999999999999976130, 0.000000000000000000 ) ) ;
#3292 = ORIENTED_EDGE ( 'NONE', *, *, #4198, .T. ) ;
#3293 = VECTOR ( 'NONE', #1164, 1000.000000000000000 ) ;
#3294 = DIRECTION ( 'NONE',  ( -0.000000000000000000, -0.000000000000000000, -1.000000000000000000 ) ) ;
#3295 = ORIENTED_EDGE ( 'NONE', *, *, #7499, .T. ) ;
#3296 = CARTESIAN_POINT ( 'NONE',  ( -17.50615648315903528, -8.814447525917257664, 3.500000000000000444 ) ) ;
#3297 = CARTESIAN_POINT ( 'NONE',  ( -16.22852007099575999, 14.33475274656970555, 8.000000000000000000 ) ) ;
#3298 = DIRECTION ( 'NONE',  ( -0.000000000000000000, -0.000000000000000000, -1.000000000000000000 ) ) ;
#3299 = ORIENTED_EDGE ( 'NONE', *, *, #7755, .F. ) ;
#3300 = VERTEX_POINT ( 'NONE', #2326 ) ;
#3301 = CARTESIAN_POINT ( 'NONE',  ( 10.50170671308327641, 17.02160389030619925, 1.822117911531337953 ) ) ;
#3302 = AXIS2_PLACEMENT_3D ( 'NONE', #975, #8913, #5165 ) ;
#3303 = CARTESIAN_POINT ( 'NONE',  ( -28.03258089225492355, -9.188275600959338263, 0.000000000000000000 ) ) ;
#3304 = CARTESIAN_POINT ( 'NONE',  ( 16.85536169075366075, -11.66819533063589631, 0.000000000000000000 ) ) ;
#3305 = DIRECTION ( 'NONE',  ( 0.000000000000000000, 0.000000000000000000, 1.000000000000000000 ) ) ;
#3306 = ORIENTED_EDGE ( 'NONE', *, *, #7510, .T. ) ;
#3307 = ORIENTED_EDGE ( 'NONE', *, *, #2506, .F. ) ;
#3308 = VECTOR ( 'NONE', #5935, 1000.000000000000000 ) ;
#3309 = VECTOR ( 'NONE', #208, 1000.000000000000000 ) ;
#3310 = CIRCLE ( 'NONE', #4524, 2.000000000000000000 ) ;
#3311 = VERTEX_POINT ( 'NONE', #8823 ) ;
#3312 = DIRECTION ( 'NONE',  ( -0.000000000000000000, -0.000000000000000000, 1.000000000000000000 ) ) ;
#3313 = CIRCLE ( 'NONE', #8522, 2.000000000000000000 ) ;
#3314 = ORIENTED_EDGE ( 'NONE', *, *, #8584, .F. ) ;
#3315 = CIRCLE ( 'NONE', #2726, 30.00000000000000000 ) ;
#3316 = ORIENTED_EDGE ( 'NONE', *, *, #5818, .F. ) ;
#3317 = ORIENTED_EDGE ( 'NONE', *, *, #2961, .T. ) ;
#3318 = VERTEX_POINT ( 'NONE', #3847 ) ;
#3319 = DIRECTION ( 'NONE',  ( 0.000000000000000000, 0.000000000000000000, 1.000000000000000000 ) ) ;
#3320 = ORIENTED_EDGE ( 'NONE', *, *, #9066, .T. ) ;
#3321 = CARTESIAN_POINT ( 'NONE',  ( -9.476169651492579504, -23.97379462949506745, -0.0009999999999992653654 ) ) ;
#3322 = CARTESIAN_POINT ( 'NONE',  ( -0.4748995201781291420, 0.1564303222989396613, 0.000000000000000000 ) ) ;
#3323 = CYLINDRICAL_SURFACE ( 'NONE', #2882, 2.249999999999999112 ) ;
#3324 = AXIS2_PLACEMENT_3D ( 'NONE', #1402, #4888, #4177 ) ;
#3325 = CARTESIAN_POINT ( 'NONE',  ( 17.50615648315908857, 8.814447525917151083, 3.500000000000000444 ) ) ;
#3326 = AXIS2_PLACEMENT_3D ( 'NONE', #2772, #7057, #4262 ) ;
#3327 = CONICAL_SURFACE ( 'NONE', #7046, 0.3000000000000120348, 0.7853981633974538301 ) ;
#3328 = CARTESIAN_POINT ( 'NONE',  ( -5.042592085241444089, 29.26979085639239742, 8.000000000000000000 ) ) ;
#3329 = ORIENTED_EDGE ( 'NONE', *, *, #5330, .T. ) ;
#3330 = CONICAL_SURFACE ( 'NONE', #3324, 1.500000000000001332, 0.7853981633974548293 ) ;
#3331 = ORIENTED_EDGE ( 'NONE', *, *, #2596, .T. ) ;
#3332 = CARTESIAN_POINT ( 'NONE',  ( 19.77852007099588860, -5.587896168346787817, 8.000000000000000000 ) ) ;
#3333 = VECTOR ( 'NONE', #5177, 1000.000000000000000 ) ;
#3334 = AXIS2_PLACEMENT_3D ( 'NONE', #4355, #2231, #5707 ) ;
#3335 = DIRECTION ( 'NONE',  ( 0.9789804197376049677, -0.2039542541120011598, 0.000000000000000000 ) ) ;
#3336 = ADVANCED_FACE ( 'NONE', ( #3057 ), #7306, .F. ) ;
#3337 = CARTESIAN_POINT ( 'NONE',  ( -5.066243211196516327, 29.78710381168192711, 7.514561549926685124 ) ) ;
#3338 = EDGE_CURVE ( 'NONE', #3465, #9116, #7875, .T. ) ;
#3339 = AXIS2_PLACEMENT_3D ( 'NONE', #2031, #4866, #7703 ) ;
#3340 = DIRECTION ( 'NONE',  ( 1.000000000000000000, 0.000000000000000000, 0.000000000000000000 ) ) ;
#3341 = VERTEX_POINT ( 'NONE', #6675 ) ;
#3342 = AXIS2_PLACEMENT_3D ( 'NONE', #8561, #44, #5827 ) ;
#3343 = CARTESIAN_POINT ( 'NONE',  ( 0.000000000000000000, 0.000000000000000000, 8.000000000000000000 ) ) ;
#3344 = APPLICATION_CONTEXT ( 'automotive_design' ) ;
#3345 = EDGE_LOOP ( 'NONE', ( #6570, #1480, #1232, #3371 ) ) ;
#3346 = LINE ( 'NONE', #5381, #6652 ) ;
#3347 = VECTOR ( 'NONE', #375, 1000.000000000000000 ) ;
#3348 = LINE ( 'NONE', #6824, #1587 ) ;
#3349 = ADVANCED_FACE ( 'NONE', ( #4007 ), #3100, .F. ) ;
#3350 = FACE_OUTER_BOUND ( 'NONE', #5812, .T. ) ;
#3351 = EDGE_CURVE ( 'NONE', #4073, #5884, #3101, .T. ) ;
#3352 = CARTESIAN_POINT ( 'NONE',  ( -19.99198306831035055, 0.5842123112809246566, 6.177774292516985177 ) ) ;
#3353 = CYLINDRICAL_SURFACE ( 'NONE', #4517, 2.000000000000000000 ) ;
#3354 = CARTESIAN_POINT ( 'NONE',  ( 11.64259657956814920, 16.26212283282320570, 2.870952745790310789 ) ) ;
#3355 = AXIS2_PLACEMENT_3D ( 'NONE', #6388, #7094, #4949 ) ;
#3356 = CARTESIAN_POINT ( 'NONE',  ( 27.67149588207851707, -11.58828355055664971, 2.999999999999960920 ) ) ;
#3357 = CARTESIAN_POINT ( 'NONE',  ( -19.34410915545078069, 5.079905607588125704, 7.500000000000007105 ) ) ;
#3358 = CARTESIAN_POINT ( 'NONE',  ( -28.50770938195415027, -9.344009085721356911, 8.000000000000000000 ) ) ;
#3359 = VERTEX_POINT ( 'NONE', #1176 ) ;
#3360 = EDGE_CURVE ( 'NONE', #2615, #529, #4293, .T. ) ;
#3361 = ORIENTED_EDGE ( 'NONE', *, *, #4284, .T. ) ;
#3362 = VECTOR ( 'NONE', #7921, 1000.000000000000114 ) ;
#3363 = CIRCLE ( 'NONE', #5430, 20.00000000000000000 ) ;
#3364 = CARTESIAN_POINT ( 'NONE',  ( -23.86679327408269558, -6.851296291209027167, 3.000000000000000000 ) ) ;
#3365 = EDGE_LOOP ( 'NONE', ( #3317, #5600, #2034, #917 ) ) ;
#3366 = CARTESIAN_POINT ( 'NONE',  ( 19.91999321168739812, -1.789010566601738850, 2.627629170584819374 ) ) ;
#3367 = CARTESIAN_POINT ( 'NONE',  ( -9.476169651492579504, -23.97379462949506745, 0.000000000000000000 ) ) ;
#3368 = CIRCLE ( 'NONE', #9000, 1.500000000000008216 ) ;
#3369 = DIRECTION ( 'NONE',  ( 0.000000000000000000, 0.000000000000000000, 1.000000000000000000 ) ) ;
#3370 = VERTEX_POINT ( 'NONE', #5907 ) ;
#3371 = ORIENTED_EDGE ( 'NONE', *, *, #1785, .F. ) ;
#3372 = DIRECTION ( 'NONE',  ( 1.000000000000000000, 0.000000000000000000, 0.000000000000000000 ) ) ;
#3373 = DIRECTION ( 'NONE',  ( 5.569525272319630567E-16, -1.000000000000000000, 0.000000000000000000 ) ) ;
#3374 = PLANE ( 'NONE',  #2304 ) ;
#3375 = CARTESIAN_POINT ( 'NONE',  ( -15.47852007099606553, -15.63379085224603848, 8.000000000000000000 ) ) ;
#3376 = VECTOR ( 'NONE', #4412, 1000.000000000000227 ) ;
#3377 = LINE ( 'NONE', #8350, #7334 ) ;
#3378 = EDGE_LOOP ( 'NONE', ( #5672, #2405, #6017, #5356 ) ) ;
#3379 = AXIS2_PLACEMENT_3D ( 'NONE', #7595, #9114, #2753 ) ;
#3380 = CARTESIAN_POINT ( 'NONE',  ( 19.31762239271878556, 15.54089653438082408, 3.500000000000000444 ) ) ;
#3381 = AXIS2_PLACEMENT_3D ( 'NONE', #3923, #5346, #5392 ) ;
#3382 = LINE ( 'NONE', #2546, #6333 ) ;
#3383 = DIRECTION ( 'NONE',  ( 1.000000000000000000, 0.000000000000000000, 0.000000000000000000 ) ) ;
#3384 = CARTESIAN_POINT ( 'NONE',  ( -5.390747628500629496, 29.88278009643397581, 7.518838282908827608 ) ) ;
#3385 = FACE_OUTER_BOUND ( 'NONE', #7217, .T. ) ;
#3386 = LINE ( 'NONE', #5522, #1878 ) ;
#3387 = EDGE_CURVE ( 'NONE', #6016, #4159, #5813, .T. ) ;
#3388 = DIRECTION ( 'NONE',  ( 1.000000000000000000, 0.000000000000000000, 0.000000000000000000 ) ) ;
#3389 = FACE_OUTER_BOUND ( 'NONE', #2895, .T. ) ;
#3390 = AXIS2_PLACEMENT_3D ( 'NONE', #1442, #4271, #3564 ) ;
#3391 = DIRECTION ( 'NONE',  ( 0.5273919060659915115, -0.4710178100837413284, 0.7071067811865453523 ) ) ;
#3392 = CARTESIAN_POINT ( 'NONE',  ( -19.99836553220373858, -0.2933990065869765962, 6.235604263866442842 ) ) ;
#3393 = LINE ( 'NONE', #5638, #6119 ) ;
#3394 = ADVANCED_FACE ( 'NONE', ( #8783 ), #8739, .T. ) ;
#3395 = VERTEX_POINT ( 'NONE', #1723 ) ;
#3396 = EDGE_CURVE ( 'NONE', #3959, #8926, #7394, .T. ) ;
#3397 = EDGE_CURVE ( 'NONE', #1590, #753, #966, .T. ) ;
#3398 = EDGE_CURVE ( 'NONE', #7801, #2437, #8288, .T. ) ;
#3399 = DIRECTION ( 'NONE',  ( 1.000000000000000000, 0.000000000000000000, 0.000000000000000000 ) ) ;
#3400 = AXIS2_PLACEMENT_3D ( 'NONE', #1541, #3060, #8649 ) ;
#3401 = CARTESIAN_POINT ( 'NONE',  ( 17.05544456622769189, 5.459103465619095097, 3.500000000000000444 ) ) ;
#3402 = ORIENTED_EDGE ( 'NONE', *, *, #7733, .F. ) ;
#3403 = CYLINDRICAL_SURFACE ( 'NONE', #1710, 0.4000000000000010214 ) ;
#3404 = ORIENTED_EDGE ( 'NONE', *, *, #2402, .T. ) ;
#3405 = DIRECTION ( 'NONE',  ( 1.000000000000000000, 0.000000000000000000, 0.000000000000000000 ) ) ;
#3406 = CARTESIAN_POINT ( 'NONE',  ( -24.05961359711026049, -8.117321694993467673, 0.2999999999999947153 ) ) ;
#3407 = ADVANCED_FACE ( 'NONE', ( #4900 ), #1029, .F. ) ;
#3408 = EDGE_CURVE ( 'NONE', #6437, #2995, #1929, .T. ) ;
#3409 = DIRECTION ( 'NONE',  ( -0.000000000000000000, -0.000000000000000000, -1.000000000000000000 ) ) ;
#3410 = CARTESIAN_POINT ( 'NONE',  ( 16.52050807568882007, 9.999999999999916511, 0.4999999999999831246 ) ) ;
#3411 = VERTEX_POINT ( 'NONE', #6233 ) ;
#3412 = ORIENTED_EDGE ( 'NONE', *, *, #2732, .T. ) ;
#3413 = LINE ( 'NONE', #4063, #1231 ) ;
#3414 = AXIS2_PLACEMENT_3D ( 'NONE', #1339, #2673, #2818 ) ;
#3415 = ORIENTED_EDGE ( 'NONE', *, *, #4759, .F. ) ;
#3416 = DIRECTION ( 'NONE',  ( -0.5000000000000038858, -0.8660254037844363761, 0.000000000000000000 ) ) ;
#3417 = CARTESIAN_POINT ( 'NONE',  ( 19.34410915545085174, 5.079905607587855698, 7.500000000000007105 ) ) ;
#3418 = DIRECTION ( 'NONE',  ( -0.9789804197376049677, 0.2039542541120011598, 0.000000000000000000 ) ) ;
#3419 = DIRECTION ( 'NONE',  ( 0.1442174361344396583, -0.6922436934453175539, 0.7071067811865433539 ) ) ;
#3420 = CIRCLE ( 'NONE', #1196, 1.500000000000001332 ) ;
#3421 = ORIENTED_EDGE ( 'NONE', *, *, #8147, .F. ) ;
#3422 = CARTESIAN_POINT ( 'NONE',  ( 1.360023205165817945E-15, -24.50000000000000000, -0.001000000000000132727 ) ) ;
#3423 = DIRECTION ( 'NONE',  ( 1.000000000000000000, 0.000000000000000000, 0.000000000000000000 ) ) ;
#3424 = CARTESIAN_POINT ( 'NONE',  ( -11.16489744179640908, -16.59397383698077633, 2.210775963961925772 ) ) ;
#3425 = CARTESIAN_POINT ( 'NONE',  ( -4.943544733102720024, 29.76162024304942832, 7.512937175027778913 ) ) ;
#3426 = LINE ( 'NONE', #2052, #2283 ) ;
#3427 = CARTESIAN_POINT ( 'NONE',  ( -25.65693844375873311, 8.409608177149218378, 8.000000000000000000 ) ) ;
#3428 = DIRECTION ( 'NONE',  ( 0.4999999999999976130, 0.8660254037844400399, -0.000000000000000000 ) ) ;
#3429 = CARTESIAN_POINT ( 'NONE',  ( -3.977483501227964791, 29.73515806242602366, 7.500000000000024869 ) ) ;
#3430 = VERTEX_POINT ( 'NONE', #6984 ) ;
#3431 = PLANE ( 'NONE',  #1906 ) ;
#3432 = CARTESIAN_POINT ( 'NONE',  ( -19.94480720216477465, 1.488446487915071614, 5.693674694792234980 ) ) ;
#3433 = DIRECTION ( 'NONE',  ( 0.000000000000000000, 0.000000000000000000, 1.000000000000000000 ) ) ;
#3434 = DIRECTION ( 'NONE',  ( -0.000000000000000000, -0.000000000000000000, -1.000000000000000000 ) ) ;
#3435 = CARTESIAN_POINT ( 'NONE',  ( 9.009344198810445903, 17.85627986864091099, 5.953620755937949482 ) ) ;
#3436 = AXIS2_PLACEMENT_3D ( 'NONE', #3594, #5650, #4247 ) ;
#3437 = DIRECTION ( 'NONE',  ( -0.000000000000000000, 0.000000000000000000, 1.000000000000000000 ) ) ;
#3438 = DIRECTION ( 'NONE',  ( -0.000000000000000000, -0.000000000000000000, -1.000000000000000000 ) ) ;
#3439 = ORIENTED_EDGE ( 'NONE', *, *, #7157, .T. ) ;
#3440 = EDGE_CURVE ( 'NONE', #3102, #7301, #1174, .T. ) ;
#3441 = ORIENTED_EDGE ( 'NONE', *, *, #614, .F. ) ;
#3442 = ADVANCED_FACE ( 'NONE', ( #6277 ), #5030, .T. ) ;
#3443 = DIRECTION ( 'NONE',  ( -0.000000000000000000, -0.000000000000000000, -1.000000000000000000 ) ) ;
#3444 = ADVANCED_FACE ( 'NONE', ( #4802 ), #2657, .F. ) ;
#3445 = CIRCLE ( 'NONE', #7176, 1.499999999999743316 ) ;
#3446 = EDGE_CURVE ( 'NONE', #881, #8173, #2608, .T. ) ;
#3447 = AXIS2_PLACEMENT_3D ( 'NONE', #8261, #7396, #6073 ) ;
#3448 = LINE ( 'NONE', #6285, #925 ) ;
#3449 = CARTESIAN_POINT ( 'NONE',  ( -7.987960088488438970, -18.33555272209473941, 3.999999999999999112 ) ) ;
#3450 = CARTESIAN_POINT ( 'NONE',  ( -27.06696287193700456, 34.01490439600652138, -21.71238604893271429 ) ) ;
#3451 = CIRCLE ( 'NONE', #1845, 2.000000000000000000 ) ;
#3452 = CARTESIAN_POINT ( 'NONE',  ( -17.87386918043079476, -20.01311571247330434, -0.0009999999999992653654 ) ) ;
#3453 = ORIENTED_EDGE ( 'NONE', *, *, #3814, .T. ) ;
#3454 = VECTOR ( 'NONE', #5229, 1000.000000000000000 ) ;
#3455 = ORIENTED_EDGE ( 'NONE', *, *, #6191, .T. ) ;
#3456 = DIRECTION ( 'NONE',  ( 1.000000000000000000, 0.000000000000000000, 0.000000000000000000 ) ) ;
#3457 = EDGE_CURVE ( 'NONE', #4597, #3830, #5490, .T. ) ;
#3458 = CARTESIAN_POINT ( 'NONE',  ( -13.30887124501167484, 29.63613298244944616, -2.452965475130965523 ) ) ;
#3459 = EDGE_CURVE ( 'NONE', #7708, #8583, #518, .T. ) ;
#3460 = FACE_OUTER_BOUND ( 'NONE', #1188, .T. ) ;
#3461 = LINE ( 'NONE', #2184, #7058 ) ;
#3462 = VECTOR ( 'NONE', #8001, 1000.000000000000114 ) ;
#3463 = CARTESIAN_POINT ( 'NONE',  ( 0.1019771270559940018, -0.4894902098687689551, 0.000000000000000000 ) ) ;
#3464 = CARTESIAN_POINT ( 'NONE',  ( -4.137151238004862286, 29.20935400683986316, 7.999999999999998224 ) ) ;
#3465 = VERTEX_POINT ( 'NONE', #3357 ) ;
#3466 = VECTOR ( 'NONE', #3078, 1000.000000000000000 ) ;
#3467 = DIRECTION ( 'NONE',  ( 1.000000000000000000, -4.625929269271475856E-15, 0.000000000000000000 ) ) ;
#3468 = EDGE_CURVE ( 'NONE', #1646, #4969, #6194, .T. ) ;
#3469 = AXIS2_PLACEMENT_3D ( 'NONE', #8309, #535, #1153 ) ;
#3470 = DIRECTION ( 'NONE',  ( -0.7071067811865463515, 0.000000000000000000, 0.7071067811865487940 ) ) ;
#3471 = AXIS2_PLACEMENT_3D ( 'NONE', #3325, #5660, #1387 ) ;
#3472 = LINE ( 'NONE', #2684, #5497 ) ;
#3473 = CARTESIAN_POINT ( 'NONE',  ( -4.108937207002647085, 29.71757433393881342, 7.501775914900109754 ) ) ;
#3474 = EDGE_CURVE ( 'NONE', #6504, #3551, #9024, .T. ) ;
#3475 = CIRCLE ( 'NONE', #2887, 20.00000000000000000 ) ;
#3476 = CARTESIAN_POINT ( 'NONE',  ( -19.34410915545078069, 5.079905607588126593, 3.500000000000000444 ) ) ;
#3477 = LINE ( 'NONE', #6317, #7525 ) ;
#3478 = LINE ( 'NONE', #41, #8103 ) ;
#3479 = AXIS2_PLACEMENT_3D ( 'NONE', #4091, #6923, #2551 ) ;
#3480 = VECTOR ( 'NONE', #5846, 1000.000000000000000 ) ;
#3481 = CARTESIAN_POINT ( 'NONE',  ( -6.114472439466722697, 30.59057692663631300, 1.082926301859303830 ) ) ;
#3482 = LINE ( 'NONE', #9010, #364 ) ;
#3483 = PLANE ( 'NONE',  #3976 ) ;
#3484 = CARTESIAN_POINT ( 'NONE',  ( -10.12939865354650948, 36.57061336808193630, -16.86267028694028269 ) ) ;
#3485 = AXIS2_PLACEMENT_3D ( 'NONE', #739, #3576, #5916 ) ;
#3486 = DIRECTION ( 'NONE',  ( 1.000000000000000000, 0.000000000000000000, 0.000000000000000000 ) ) ;
#3487 = CYLINDRICAL_SURFACE ( 'NONE', #4195, 2.249999999999998668 ) ;
#3488 = AXIS2_PLACEMENT_3D ( 'NONE', #5132, #6423, #56 ) ;
#3489 = LINE ( 'NONE', #48, #7194 ) ;
#3490 = CARTESIAN_POINT ( 'NONE',  ( 10.13023094468345597, 17.24530478700850367, 6.249889012382968900 ) ) ;
#3491 = EDGE_LOOP ( 'NONE', ( #8156, #2612, #4138, #1771 ) ) ;
#3492 = CIRCLE ( 'NONE', #983, 29.50000000000000355 ) ;
#3493 = DIRECTION ( 'NONE',  ( 0.000000000000000000, 0.000000000000000000, -1.000000000000000000 ) ) ;
#3494 = ADVANCED_FACE ( 'NONE', ( #1415 ), #4187, .F. ) ;
#3495 = DIRECTION ( 'NONE',  ( 0.4999999999999979461, -0.8660254037844397068, 0.000000000000000000 ) ) ;
#3496 = EDGE_LOOP ( 'NONE', ( #8057, #8141, #8199, #760, #1618, #7593, #933, #2424, #6717 ) ) ;
#3497 = ORIENTED_EDGE ( 'NONE', *, *, #6414, .F. ) ;
#3498 = ORIENTED_EDGE ( 'NONE', *, *, #1752, .T. ) ;
#3499 = CONICAL_SURFACE ( 'NONE', #6175, 1.500000000000008216, 0.7853981633974467247 ) ;
#3500 = FACE_OUTER_BOUND ( 'NONE', #5644, .T. ) ;
#3501 = ADVANCED_FACE ( 'NONE', ( #4941, #1277 ), #6335, .T. ) ;
#3502 = CARTESIAN_POINT ( 'NONE',  ( -12.49293726077580580, 36.15385774168130695, -16.86267028694028269 ) ) ;
#3503 = ORIENTED_EDGE ( 'NONE', *, *, #4953, .F. ) ;
#3504 = AXIS2_PLACEMENT_3D ( 'NONE', #4700, #542, #5519 ) ;
#3505 = CARTESIAN_POINT ( 'NONE',  ( 3.800000000000004263, -27.94208295743178638, 0.4999999999999831246 ) ) ;
#3506 = AXIS2_PLACEMENT_3D ( 'NONE', #5817, #686, #2781 ) ;
#3507 = ORIENTED_EDGE ( 'NONE', *, *, #4256, .F. ) ;
#3508 = DIRECTION ( 'NONE',  ( 3.717264591378873190E-16, -1.000000000000000000, 0.000000000000000000 ) ) ;
#3509 = CARTESIAN_POINT ( 'NONE',  ( -19.31762239271888859, -15.54089653438068908, 7.500000000000007105 ) ) ;
#3510 = DIRECTION ( 'NONE',  ( 0.9848077530122084644, 0.1736481776669282495, 0.000000000000000000 ) ) ;
#3511 = DIRECTION ( 'NONE',  ( -0.8660254037844400399, 0.4999999999999976130, 0.000000000000000000 ) ) ;
#3512 = DIRECTION ( 'NONE',  ( -0.6839175379915989339, 0.1796017851456564174, 0.7071067811865497932 ) ) ;
#3513 = AXIS2_PLACEMENT_3D ( 'NONE', #3762, #1016, #3011 ) ;
#3514 = CARTESIAN_POINT ( 'NONE',  ( -4.120532767514813344, 29.75611337477803531, 0.5023378776217370945 ) ) ;
#3515 = VERTEX_POINT ( 'NONE', #562 ) ;
#3516 = EDGE_CURVE ( 'NONE', #7102, #7668, #9060, .T. ) ;
#3517 = ORIENTED_EDGE ( 'NONE', *, *, #7522, .T. ) ;
#3518 = EDGE_CURVE ( 'NONE', #6740, #5742, #2019, .T. ) ;
#3519 = ADVANCED_FACE ( 'NONE', ( #7770 ), #2011, .T. ) ;
#3520 = EDGE_CURVE ( 'NONE', #5787, #940, #599, .T. ) ;
#3521 = ORIENTED_EDGE ( 'NONE', *, *, #5736, .T. ) ;
#3522 = DIRECTION ( 'NONE',  ( -0.000000000000000000, -0.000000000000000000, 1.000000000000000000 ) ) ;
#3523 = CARTESIAN_POINT ( 'NONE',  ( 0.000000000000000000, 0.000000000000000000, 7.500000000000007105 ) ) ;
#3524 = VECTOR ( 'NONE', #2857, 1000.000000000000114 ) ;
#3525 = DIRECTION ( 'NONE',  ( 0.5273919060659949531, -0.4710178100837401627, 0.7071067811865434649 ) ) ;
#3526 = CARTESIAN_POINT ( 'NONE',  ( -25.09209149177600295, 5.738254505458794341, 0.000000000000000000 ) ) ;
#3527 = CARTESIAN_POINT ( 'NONE',  ( -23.99999999999999289, -3.780293665983592177, 0.4999999999999831246 ) ) ;
#3528 = LINE ( 'NONE', #4885, #3200 ) ;
#3529 = VERTEX_POINT ( 'NONE', #7683 ) ;
#3530 = DIRECTION ( 'NONE',  ( 0.000000000000000000, 0.000000000000000000, 1.000000000000000000 ) ) ;
#3531 = AXIS2_PLACEMENT_3D ( 'NONE', #654, #6938, #3495 ) ;
#3532 = CIRCLE ( 'NONE', #2943, 1.000000000000000888 ) ;
#3533 = ADVANCED_FACE ( 'NONE', ( #1314 ), #2885, .T. ) ;
#3534 = DIRECTION ( 'NONE',  ( 1.000000000000000000, 4.588859039144120192E-16, -0.000000000000000000 ) ) ;
#3535 = CARTESIAN_POINT ( 'NONE',  ( -4.299999999999990941, -21.22168702059287071, 8.000000000000000000 ) ) ;
#3536 = LINE ( 'NONE', #5079, #3362 ) ;
#3537 = VECTOR ( 'NONE', #6372, 1000.000000000000000 ) ;
#3538 = CARTESIAN_POINT ( 'NONE',  ( 10.85326535770994738, 16.79955957463035787, 6.021234318116980511 ) ) ;
#3539 = DIRECTION ( 'NONE',  ( -0.4999999999999916178, -0.8660254037844435926, -0.000000000000000000 ) ) ;
#3540 = VERTEX_POINT ( 'NONE', #7169 ) ;
#3541 = CIRCLE ( 'NONE', #2367, 2.000000000000001776 ) ;
#3542 = CARTESIAN_POINT ( 'NONE',  ( -17.86342498281534219, -8.994334210119649953, 3.500000000000000444 ) ) ;
#3543 = DIRECTION ( 'NONE',  ( 1.000000000000000000, 0.000000000000000000, 0.000000000000000000 ) ) ;
#3544 = VERTEX_POINT ( 'NONE', #4288 ) ;
#3545 = EDGE_LOOP ( 'NONE', ( #6289, #7584, #6434, #5156 ) ) ;
#3546 = ORIENTED_EDGE ( 'NONE', *, *, #6755, .T. ) ;
#3547 = CARTESIAN_POINT ( 'NONE',  ( -5.871183191261784451, 29.78655905946986948, 0.000000000000000000 ) ) ;
#3548 = DIRECTION ( 'NONE',  ( 0.000000000000000000, 0.000000000000000000, 1.000000000000000000 ) ) ;
#3549 = CONICAL_SURFACE ( 'NONE', #4581, 1.500000000000001332, 0.7853981633974543852 ) ;
#3550 = LINE ( 'NONE', #5652, #990 ) ;
#3551 = VERTEX_POINT ( 'NONE', #4845 ) ;
#3552 = FACE_OUTER_BOUND ( 'NONE', #2189, .T. ) ;
#3553 = ORIENTED_EDGE ( 'NONE', *, *, #2008, .F. ) ;
#3554 = CYLINDRICAL_SURFACE ( 'NONE', #7967, 2.999999999999999112 ) ;
#3555 = ORIENTED_EDGE ( 'NONE', *, *, #2440, .T. ) ;
#3556 = ORIENTED_EDGE ( 'NONE', *, *, #29, .F. ) ;
#3557 = DIRECTION ( 'NONE',  ( -0.000000000000000000, -0.000000000000000000, 1.000000000000000000 ) ) ;
#3558 = CARTESIAN_POINT ( 'NONE',  ( -23.11762239271864772, 8.959103465619401518, 7.500000000000007105 ) ) ;
#3559 = ADVANCED_FACE ( 'NONE', ( #643 ), #3483, .T. ) ;
#3560 = CARTESIAN_POINT ( 'NONE',  ( -4.953932786656150000, 29.90514885974737069, 0.5064313744129534944 ) ) ;
#3561 = ORIENTED_EDGE ( 'NONE', *, *, #7311, .F. ) ;
#3562 = AXIS2_PLACEMENT_3D ( 'NONE', #6210, #4211, #8488 ) ;
#3563 = ORIENTED_EDGE ( 'NONE', *, *, #6917, .T. ) ;
#3564 = DIRECTION ( 'NONE',  ( -0.4999999999999947820, 0.8660254037844417052, 0.000000000000000000 ) ) ;
#3565 = DIRECTION ( 'NONE',  ( -0.5000000000000039968, -0.8660254037844363761, 0.000000000000000000 ) ) ;
#3566 = CARTESIAN_POINT ( 'NONE',  ( -10.50170671308315384, -17.02160389030627385, 1.822117911531337509 ) ) ;
#3567 = CARTESIAN_POINT ( 'NONE',  ( -9.476169651492579504, -23.97379462949506745, 7.500000000000009770 ) ) ;
#3568 = PLANE ( 'NONE',  #2451 ) ;
#3569 = EDGE_CURVE ( 'NONE', #1377, #1646, #6786, .T. ) ;
#3570 = EDGE_CURVE ( 'NONE', #7102, #2496, #6374, .T. ) ;
#3571 = EDGE_CURVE ( 'NONE', #5906, #6740, #8562, .T. ) ;
#3572 = VECTOR ( 'NONE', #7900, 1000.000000000000000 ) ;
#3573 = CARTESIAN_POINT ( 'NONE',  ( -8.394932025663516484, -25.48578263040962710, 7.500000000000009770 ) ) ;
#3574 = CARTESIAN_POINT ( 'NONE',  ( -23.99999999999999289, -1.057958082495168038E-14, 3.999999999999999112 ) ) ;
#3575 = ORIENTED_EDGE ( 'NONE', *, *, #4890, .F. ) ;
#3576 = DIRECTION ( 'NONE',  ( 0.000000000000000000, 0.000000000000000000, 1.000000000000000000 ) ) ;
#3577 = ORIENTED_EDGE ( 'NONE', *, *, #8025, .F. ) ;
#3578 = DIRECTION ( 'NONE',  ( -0.3535533905932769505, -0.6123724356957942483, 0.7071067811865462405 ) ) ;
#3579 = LINE ( 'NONE', #8612, #2196 ) ;
#3580 = ADVANCED_FACE ( 'NONE', ( #100 ), #4726, .T. ) ;
#3581 = EDGE_CURVE ( 'NONE', #4251, #5986, #10, .T. ) ;
#3582 = ADVANCED_FACE ( 'NONE', ( #6973, #7879 ), #3431, .F. ) ;
#3583 = DIRECTION ( 'NONE',  ( -0.000000000000000000, 0.000000000000000000, 1.000000000000000000 ) ) ;
#3584 = CARTESIAN_POINT ( 'NONE',  ( 11.51825675803584126, 16.35154397516039637, 5.382365989591965771 ) ) ;
#3585 = DIRECTION ( 'NONE',  ( 0.000000000000000000, 0.000000000000000000, 1.000000000000000000 ) ) ;
#3586 = ORIENTED_EDGE ( 'NONE', *, *, #3711, .T. ) ;
#3587 = CARTESIAN_POINT ( 'NONE',  ( -7.974579990869933965, 46.67080061544692882, 7.309971936318521379 ) ) ;
#3588 = DIRECTION ( 'NONE',  ( 0.8660254037844432595, 0.4999999999999919509, 0.000000000000000000 ) ) ;
#3589 = ORIENTED_EDGE ( 'NONE', *, *, #670, .F. ) ;
#3590 = ORIENTED_EDGE ( 'NONE', *, *, #2917, .F. ) ;
#3591 = EDGE_CURVE ( 'NONE', #8385, #6250, #9102, .T. ) ;
#3592 = ORIENTED_EDGE ( 'NONE', *, *, #6540, .T. ) ;
#3593 = CARTESIAN_POINT ( 'NONE',  ( -6.160530800052713474, 29.98744993831117611, 0.000000000000000000 ) ) ;
#3594 = CARTESIAN_POINT ( 'NONE',  ( 25.19406861883199866, -5.248764295590000017, -0.0009999999999992653654 ) ) ;
#3595 = CIRCLE ( 'NONE', #772, 1.500000000000008216 ) ;
#3596 = LINE ( 'NONE', #6342, #8714 ) ;
#3597 = ORIENTED_EDGE ( 'NONE', *, *, #4937, .F. ) ;
#3598 = VERTEX_POINT ( 'NONE', #790 ) ;
#3599 = CARTESIAN_POINT ( 'NONE',  ( 5.799999999999999822, 21.22168702059287071, 3.500000000000000444 ) ) ;
#3600 = ORIENTED_EDGE ( 'NONE', *, *, #5866, .T. ) ;
#3601 = ORIENTED_EDGE ( 'NONE', *, *, #3768, .F. ) ;
#3602 = VECTOR ( 'NONE', #7072, 1000.000000000000114 ) ;
#3603 = ORIENTED_EDGE ( 'NONE', *, *, #6853, .F. ) ;
#3604 = AXIS2_PLACEMENT_3D ( 'NONE', #4182, #3298, #7686 ) ;
#3605 = DIRECTION ( 'NONE',  ( -0.000000000000000000, -0.000000000000000000, -1.000000000000000000 ) ) ;
#3606 = DIRECTION ( 'NONE',  ( 1.000000000000000000, 0.000000000000000000, 0.000000000000000000 ) ) ;
#3607 = CARTESIAN_POINT ( 'NONE',  ( -7.976169651492576840, -23.97379462949506745, 7.500000000000009770 ) ) ;
#3608 = PLANE ( 'NONE',  #3609 ) ;
#3609 = AXIS2_PLACEMENT_3D ( 'NONE', #6446, #679, #8448 ) ;
#3610 = VECTOR ( 'NONE', #8305, 1000.000000000000114 ) ;
#3611 = DIRECTION ( 'NONE',  ( 0.9789804197376047457, 0.2039542541120019370, 0.000000000000000000 ) ) ;
#3612 = ORIENTED_EDGE ( 'NONE', *, *, #1653, .F. ) ;
#3613 = FACE_OUTER_BOUND ( 'NONE', #3740, .T. ) ;
#3614 = EDGE_LOOP ( 'NONE', ( #6383, #6868, #214, #2313, #7746 ) ) ;
#3615 = CARTESIAN_POINT ( 'NONE',  ( 3.799999999999999378, 21.22168702059287071, 7.500000000000007105 ) ) ;
#3616 = CARTESIAN_POINT ( 'NONE',  ( -3.977483501227964791, 29.73515806242602366, 7.500000000000024869 ) ) ;
#3617 = CARTESIAN_POINT ( 'NONE',  ( 3.799999999999999378, 21.22168702059287071, 7.500000000000007105 ) ) ;
#3618 = CARTESIAN_POINT ( 'NONE',  ( -6.204028104485782791, 29.71886205597150621, 7.999999999999998224 ) ) ;
#3619 = VECTOR ( 'NONE', #2989, 1000.000000000000000 ) ;
#3620 = DIRECTION ( 'NONE',  ( 0.000000000000000000, 0.000000000000000000, -1.000000000000000000 ) ) ;
#3621 = CARTESIAN_POINT ( 'NONE',  ( 0.000000000000000000, 0.000000000000000000, -0.0009999999999992653654 ) ) ;
#3622 = ORIENTED_EDGE ( 'NONE', *, *, #3814, .F. ) ;
#3623 = PLANE ( 'NONE',  #4988 ) ;
#3624 = B_SPLINE_CURVE_WITH_KNOTS ( 'NONE', 3,
 ( #7539, #3995, #6918, #2139, #8410, #4973, #1445, #7116, #5624, #731, #5518, #4275, #5575, #2828, #2733, #3566, #2783, #4223, #8356, #3424, #7816, #6219, #1303, #2001, #2193, #9046, #7671, #9194, #6260, #5024 ),
 .UNSPECIFIED., .F., .F.,
 ( 4, 2, 2, 2, 2, 2, 2, 2, 2, 2, 2, 2, 2, 2, 4 ),
 ( 0.000000000000000000, 0.0004400058219033098285, 0.0008800116438066196570, 0.001320017465709929540, 0.001760023287613239314, 0.002640034931419862115, 0.003520046575226484700, 0.003960052397129793823, 0.004400058219033103381, 0.004840064040936412071, 0.005280069862839720761, 0.005720075684743030318, 0.006160081506646339009, 0.006600087328549648566, 0.007040093150452957256 ),
 .UNSPECIFIED. ) ;
#3625 = AXIS2_PLACEMENT_3D ( 'NONE', #7785, #2628, #5363 ) ;
#3626 = ADVANCED_FACE ( 'NONE', ( #3628 ), #3831, .T. ) ;
#3627 = DIRECTION ( 'NONE',  ( 0.000000000000000000, 0.000000000000000000, 1.000000000000000000 ) ) ;
#3628 = FACE_OUTER_BOUND ( 'NONE', #5968, .T. ) ;
#3629 = CARTESIAN_POINT ( 'NONE',  ( -25.09209149177599585, -5.738254505458798782, 8.000000000000000000 ) ) ;
#3630 = AXIS2_PLACEMENT_3D ( 'NONE', #4328, #3428, #8457 ) ;
#3631 = CARTESIAN_POINT ( 'NONE',  ( -27.04340410378421211, 26.84054991737133733, 1.754839968565603980 ) ) ;
#3632 = CARTESIAN_POINT ( 'NONE',  ( 9.366610924134267435, 17.67159302880081739, 6.135406941728072994 ) ) ;
#3633 = EDGE_CURVE ( 'NONE', #5031, #7837, #8421, .T. ) ;
#3634 = EDGE_CURVE ( 'NONE', #9136, #4210, #2104, .T. ) ;
#3635 = ADVANCED_FACE ( 'NONE', ( #7728 ), #700, .F. ) ;
#3636 = AXIS2_PLACEMENT_3D ( 'NONE', #4134, #2739, #2201 ) ;
#3637 = EDGE_CURVE ( 'NONE', #1310, #6215, #232, .T. ) ;
#3638 = LINE ( 'NONE', #845, #359 ) ;
#3639 = VERTEX_POINT ( 'NONE', #5078 ) ;
#3640 = EDGE_LOOP ( 'NONE', ( #5106, #7992, #5525, #74 ) ) ;
#3641 = CIRCLE ( 'NONE', #4989, 1.500000000000003109 ) ;
#3642 = VERTEX_POINT ( 'NONE', #3817 ) ;
#3643 = CARTESIAN_POINT ( 'NONE',  ( -4.212912624408997608, 29.25952206117525023, 0.000000000000000000 ) ) ;
#3644 = VERTEX_POINT ( 'NONE', #7224 ) ;
#3645 = CARTESIAN_POINT ( 'NONE',  ( 19.88106218765296518, 2.178117567351922190, 3.417048049989562575 ) ) ;
#3646 = AXIS2_PLACEMENT_3D ( 'NONE', #9149, #7764, #2687 ) ;
#3647 = CARTESIAN_POINT ( 'NONE',  ( 17.14259752787363311, 19.19432130080187804, 7.500000000000007105 ) ) ;
#3648 = ORIENTED_EDGE ( 'NONE', *, *, #5076, .F. ) ;
#3649 = CARTESIAN_POINT ( 'NONE',  ( -5.868177865488499734, 30.16398221088193665, 6.373696199946921936 ) ) ;
#3650 = ORIENTED_EDGE ( 'NONE', *, *, #5373, .F. ) ;
#3651 = EDGE_CURVE ( 'NONE', #5610, #1419, #8431, .T. ) ;
#3652 = DIRECTION ( 'NONE',  ( -0.8660254037844362651, 0.5000000000000042188, 0.000000000000000000 ) ) ;
#3653 = EDGE_LOOP ( 'NONE', ( #1657, #6256, #6503, #1288 ) ) ;
#3654 = EDGE_LOOP ( 'NONE', ( #7027, #7303, #7030, #503 ) ) ;
#3655 = VECTOR ( 'NONE', #6709, 1000.000000000000000 ) ;
#3656 = ORIENTED_EDGE ( 'NONE', *, *, #8589, .T. ) ;
#3657 = CARTESIAN_POINT ( 'NONE',  ( 3.299999999999986500, -21.92623998774071481, 3.500000000000000444 ) ) ;
#3658 = DIRECTION ( 'NONE',  ( 0.000000000000000000, 0.000000000000000000, -1.000000000000000000 ) ) ;
#3659 = DIRECTION ( 'NONE',  ( -0.000000000000000000, -0.000000000000000000, 1.000000000000000000 ) ) ;
#3660 = FACE_OUTER_BOUND ( 'NONE', #8049, .T. ) ;
#3661 = ORIENTED_EDGE ( 'NONE', *, *, #6772, .T. ) ;
#3662 = CIRCLE ( 'NONE', #7988, 1.199999999999997735 ) ;
#3663 = LINE ( 'NONE', #6502, #4426 ) ;
#3664 = VECTOR ( 'NONE', #1773, 1000.000000000000114 ) ;
#3665 = ORIENTED_EDGE ( 'NONE', *, *, #2282, .F. ) ;
#3666 = CARTESIAN_POINT ( 'NONE',  ( -26.42408113730069275, 19.76785107312754164, 8.000000000000000000 ) ) ;
#3667 = VERTEX_POINT ( 'NONE', #4428 ) ;
#3668 = ORIENTED_EDGE ( 'NONE', *, *, #7034, .F. ) ;
#3669 = CARTESIAN_POINT ( 'NONE',  ( -3.800000000000002043, 24.50000000000000000, 3.500000000000000444 ) ) ;
#3670 = DIRECTION ( 'NONE',  ( 1.000000000000000000, 0.000000000000000000, 0.000000000000000000 ) ) ;
#3671 = CARTESIAN_POINT ( 'NONE',  ( -4.387969921874804946, 29.20647219442875908, 8.000000000000001776 ) ) ;
#3672 = AXIS2_PLACEMENT_3D ( 'NONE', #5991, #6595, #5324 ) ;
#3673 = VECTOR ( 'NONE', #2499, 1000.000000000000000 ) ;
#3674 = CARTESIAN_POINT ( 'NONE',  ( -19.31762239271856885, 15.54089653438109409, 7.500000000000007105 ) ) ;
#3675 = DIRECTION ( 'NONE',  ( -1.000000000000000000, 0.000000000000000000, 0.000000000000000000 ) ) ;
#3676 = FACE_OUTER_BOUND ( 'NONE', #7088, .T. ) ;
#3677 = ORIENTED_EDGE ( 'NONE', *, *, #6582, .F. ) ;
#3678 = EDGE_LOOP ( 'NONE', ( #2473, #609, #5302, #717 ) ) ;
#3679 = AXIS2_PLACEMENT_3D ( 'NONE', #5246, #8177, #3760 ) ;
#3680 = DIRECTION ( 'NONE',  ( -0.000000000000000000, -0.000000000000000000, -1.000000000000000000 ) ) ;
#3681 = CARTESIAN_POINT ( 'NONE',  ( 1.636363636363637131, -19.93294544340065499, -0.0009999999999992653654 ) ) ;
#3682 = DIRECTION ( 'NONE',  ( 1.000000000000000000, -5.329070518200751394E-15, 0.000000000000000000 ) ) ;
#3683 = DIRECTION ( 'NONE',  ( -0.000000000000000000, -0.000000000000000000, -1.000000000000000000 ) ) ;
#3684 = ADVANCED_FACE ( 'NONE', ( #5125 ), #5213, .T. ) ;
#3685 = VECTOR ( 'NONE', #9125, 1000.000000000000000 ) ;
#3686 = DIRECTION ( 'NONE',  ( 0.000000000000000000, 0.000000000000000000, -1.000000000000000000 ) ) ;
#3687 = LINE ( 'NONE', #3821, #4112 ) ;
#3688 = CARTESIAN_POINT ( 'NONE',  ( 17.13906026768623647, 11.24733804687219418, 0.000000000000000000 ) ) ;
#3689 = EDGE_LOOP ( 'NONE', ( #4415, #4107, #572, #5495 ) ) ;
#3690 = AXIS2_PLACEMENT_3D ( 'NONE', #1518, #4337, #105 ) ;
#3691 = ORIENTED_EDGE ( 'NONE', *, *, #7560, .F. ) ;
#3692 = EDGE_CURVE ( 'NONE', #1416, #718, #7567, .T. ) ;
#3693 = CARTESIAN_POINT ( 'NONE',  ( -3.901849820629159193, 29.25320086634377148, 0.000000000000000000 ) ) ;
#3694 = EDGE_CURVE ( 'NONE', #4696, #1997, #5921, .T. ) ;
#3695 = FACE_BOUND ( 'NONE', #8822, .T. ) ;
#3696 = ADVANCED_FACE ( 'NONE', ( #1607 ), #6558, .F. ) ;
#3697 = ADVANCED_FACE ( 'NONE', ( #316 ), #3549, .F. ) ;
#3698 = ADVANCED_FACE ( 'NONE', ( #838 ), #8794, .F. ) ;
#3699 = DIRECTION ( 'NONE',  ( -1.000000000000000000, 0.000000000000000000, 0.000000000000000000 ) ) ;
#3700 = AXIS2_PLACEMENT_3D ( 'NONE', #3148, #2466, #8149 ) ;
#3701 = DIRECTION ( 'NONE',  ( 0.3535533905932660703, 0.6123724356957949144, 0.7071067811865510144 ) ) ;
#3702 = ORIENTED_EDGE ( 'NONE', *, *, #1346, .T. ) ;
#3703 = CARTESIAN_POINT ( 'NONE',  ( 28.03258089225491645, 9.188275600959334710, 8.000000000000000000 ) ) ;
#3704 = EDGE_LOOP ( 'NONE', ( #576, #5666, #58, #4103 ) ) ;
#3705 = ORIENTED_EDGE ( 'NONE', *, *, #7331, .T. ) ;
#3706 = FACE_OUTER_BOUND ( 'NONE', #5565, .T. ) ;
#3707 = DIRECTION ( 'NONE',  ( 0.000000000000000000, 0.000000000000000000, 1.000000000000000000 ) ) ;
#3708 = DIRECTION ( 'NONE',  ( 0.000000000000000000, 0.000000000000000000, 1.000000000000000000 ) ) ;
#3709 = EDGE_CURVE ( 'NONE', #5884, #4073, #5634, .T. ) ;
#3710 = CARTESIAN_POINT ( 'NONE',  ( -8.476169651492597268, -22.24174382192617827, 8.000000000000000000 ) ) ;
#3711 = EDGE_CURVE ( 'NONE', #4717, #6098, #2809, .T. ) ;
#3712 = DIRECTION ( 'NONE',  ( 0.000000000000000000, 0.000000000000000000, 1.000000000000000000 ) ) ;
#3713 = ORIENTED_EDGE ( 'NONE', *, *, #7283, .F. ) ;
#3714 = ORIENTED_EDGE ( 'NONE', *, *, #5815, .F. ) ;
#3715 = DIRECTION ( 'NONE',  ( 1.000000000000000000, 0.000000000000000000, 0.000000000000000000 ) ) ;
#3716 = VERTEX_POINT ( 'NONE', #1651 ) ;
#3717 = CONICAL_SURFACE ( 'NONE', #4303, 1.500000000000001332, 0.7853981633974543852 ) ;
#3718 = DIRECTION ( 'NONE',  ( 1.000000000000000000, 0.000000000000000000, 0.000000000000000000 ) ) ;
#3719 = FACE_OUTER_BOUND ( 'NONE', #8805, .T. ) ;
#3720 = CARTESIAN_POINT ( 'NONE',  ( -17.87386918043079476, -20.01311571247330434, 0.4999999999999831801 ) ) ;
#3721 = CARTESIAN_POINT ( 'NONE',  ( 15.47852007099596072, 15.63379085224614684, 8.000000000000000000 ) ) ;
#3722 = ORIENTED_EDGE ( 'NONE', *, *, #4839, .T. ) ;
#3723 = CARTESIAN_POINT ( 'NONE',  ( 25.50000000000000000, 3.780293665983593066, -0.0009999999999992653654 ) ) ;
#3724 = EDGE_LOOP ( 'NONE', ( #9128, #723, #1499, #1713 ) ) ;
#3725 = CARTESIAN_POINT ( 'NONE',  ( -10.32523107072946189, 36.96692341634429368, -21.71238604893271784 ) ) ;
#3726 = FACE_OUTER_BOUND ( 'NONE', #8485, .T. ) ;
#3727 = DIRECTION ( 'NONE',  ( -0.1729873939250869963, 0.9810602621904072063, 0.08715574274766077489 ) ) ;
#3728 = DIRECTION ( 'NONE',  ( 1.000000000000000000, 0.000000000000000000, 0.000000000000000000 ) ) ;
#3729 = AXIS2_PLACEMENT_3D ( 'NONE', #2996, #2319, #5150 ) ;
#3730 = DIRECTION ( 'NONE',  ( -0.7071067811865549002, 0.000000000000000000, 0.7071067811865401342 ) ) ;
#3731 = ORIENTED_EDGE ( 'NONE', *, *, #3637, .F. ) ;
#3732 = EDGE_LOOP ( 'NONE', ( #8983, #3231, #5166, #5289, #1125 ) ) ;
#3733 = CARTESIAN_POINT ( 'NONE',  ( -6.454204924760474249, 30.24221493974559749, 0.000000000000000000 ) ) ;
#3734 = DIRECTION ( 'NONE',  ( 0.000000000000000000, -0.000000000000000000, 1.000000000000000000 ) ) ;
#3735 = DIRECTION ( 'NONE',  ( -0.9848077530122086864, -0.1736481776669273613, -8.673617379884033500E-16 ) ) ;
#3736 = ORIENTED_EDGE ( 'NONE', *, *, #8699, .F. ) ;
#3737 = DIRECTION ( 'NONE',  ( 0.1442174361344396583, -0.6922436934453175539, 0.7071067811865432429 ) ) ;
#3738 = ORIENTED_EDGE ( 'NONE', *, *, #4135, .F. ) ;
#3739 = DIRECTION ( 'NONE',  ( 1.000000000000000000, 0.000000000000000000, 0.000000000000000000 ) ) ;
#3740 = EDGE_LOOP ( 'NONE', ( #3166, #1278, #7657, #7716 ) ) ;
#3741 = EDGE_CURVE ( 'NONE', #3966, #5966, #3150, .T. ) ;
#3742 = EDGE_CURVE ( 'NONE', #3195, #5713, #6190, .T. ) ;
#3743 = ORIENTED_EDGE ( 'NONE', *, *, #1447, .F. ) ;
#3744 = CARTESIAN_POINT ( 'NONE',  ( 25.50000000000000355, -3.780293665983593066, 7.500000000000007105 ) ) ;
#3745 = DIRECTION ( 'NONE',  ( 1.000000000000000000, 0.000000000000000000, 0.000000000000000000 ) ) ;
#3746 = DIRECTION ( 'NONE',  ( -0.9789804197376047457, -0.2039542541120019370, 0.000000000000000000 ) ) ;
#3747 = DIRECTION ( 'NONE',  ( 1.000000000000000000, 0.000000000000000000, 0.000000000000000000 ) ) ;
#3748 = DIRECTION ( 'NONE',  ( 1.000000000000000000, 0.000000000000000000, 0.000000000000000000 ) ) ;
#3749 = DIRECTION ( 'NONE',  ( -1.000000000000000000, 0.000000000000000000, 0.000000000000000000 ) ) ;
#3750 = ORIENTED_EDGE ( 'NONE', *, *, #5492, .T. ) ;
#3751 = ORIENTED_EDGE ( 'NONE', *, *, #8406, .F. ) ;
#3752 = CARTESIAN_POINT ( 'NONE',  ( 28.65693844375872956, -8.409608177149218378, 0.4999999999999831246 ) ) ;
#3753 = VERTEX_POINT ( 'NONE', #8611 ) ;
#3754 = CIRCLE ( 'NONE', #8935, 1.000000000000000888 ) ;
#3755 = ORIENTED_EDGE ( 'NONE', *, *, #1821, .T. ) ;
#3756 = CARTESIAN_POINT ( 'NONE',  ( -23.99999999999999289, -1.057958082495168038E-14, 3.999999999999999112 ) ) ;
#3757 = EDGE_CURVE ( 'NONE', #7134, #7109, #929, .T. ) ;
#3758 = EDGE_CURVE ( 'NONE', #2278, #2717, #2511, .T. ) ;
#3759 = ORIENTED_EDGE ( 'NONE', *, *, #8644, .T. ) ;
#3760 = DIRECTION ( 'NONE',  ( 1.000000000000000000, 0.000000000000000000, 0.000000000000000000 ) ) ;
#3761 = FACE_OUTER_BOUND ( 'NONE', #6032, .T. ) ;
#3762 = CARTESIAN_POINT ( 'NONE',  ( -26.42408113730069275, 19.76785107312754164, 0.4999999999999831246 ) ) ;
#3763 = FACE_OUTER_BOUND ( 'NONE', #4860, .T. ) ;
#3764 = VECTOR ( 'NONE', #2631, 1000.000000000000000 ) ;
#3765 = AXIS2_PLACEMENT_3D ( 'NONE', #5958, #1011, #1728 ) ;
#3766 = DIRECTION ( 'NONE',  ( 0.000000000000000000, 0.000000000000000000, -1.000000000000000000 ) ) ;
#3767 = EDGE_LOOP ( 'NONE', ( #282, #4254, #1467, #7714, #1041, #7549, #6837, #2225, #6952, #8196, #7464, #1798, #2325, #2227, #2647, #1967, #8492, #449, #7234, #2861, #8691, #7380, #5094, #5410, #3249, #130, #1465, #2860, #8, #178, #3008, #6318, #5239, #7838, #8153, #7888, #7152, #2914, #8729, #4436, #5645, #7680, #5550, #5309, #4672, #578, #5894, #3220, #5801, #3097, #6765, #7208, #2702, #8224, #7862, #5449, #1211, #6761, #8723, #7252 ) ) ;
#3768 = EDGE_CURVE ( 'NONE', #4463, #2909, #6116, .T. ) ;
#3769 = DIRECTION ( 'NONE',  ( -1.000000000000000000, 0.000000000000000000, 0.000000000000000000 ) ) ;
#3770 = AXIS2_PLACEMENT_3D ( 'NONE', #8790, #8182, #1780 ) ;
#3771 = CARTESIAN_POINT ( 'NONE',  ( 19.71320343559646204, 16.57757573283802799, 3.000000000000000000 ) ) ;
#3772 = VECTOR ( 'NONE', #1431, 1000.000000000000114 ) ;
#3773 = CONICAL_SURFACE ( 'NONE', #7964, 30.00000000000000000, 0.7853981633974552734 ) ;
#3774 = CARTESIAN_POINT ( 'NONE',  ( -17.05544456622772742, -5.459103465618976081, 3.500000000000000444 ) ) ;
#3775 = CIRCLE ( 'NONE', #5115, 20.00000000000000000 ) ;
#3776 = EDGE_CURVE ( 'NONE', #5792, #6961, #581, .T. ) ;
#3777 = AXIS2_PLACEMENT_3D ( 'NONE', #1329, #6563, #4393 ) ;
#3778 = VERTEX_POINT ( 'NONE', #1824 ) ;
#3779 = ORIENTED_EDGE ( 'NONE', *, *, #4648, .T. ) ;
#3780 = VECTOR ( 'NONE', #4895, 1000.000000000000000 ) ;
#3781 = DIRECTION ( 'NONE',  ( 0.000000000000000000, 0.000000000000000000, 1.000000000000000000 ) ) ;
#3782 = LINE ( 'NONE', #242, #2299 ) ;
#3783 = VECTOR ( 'NONE', #9050, 1000.000000000000000 ) ;
#3784 = ORIENTED_EDGE ( 'NONE', *, *, #4850, .F. ) ;
#3785 = CARTESIAN_POINT ( 'NONE',  ( -5.065980023348473971, 29.60201293748344398, 1.604955368008882388 ) ) ;
#3786 = ORIENTED_EDGE ( 'NONE', *, *, #4953, .T. ) ;
#3787 = CIRCLE ( 'NONE', #4070, 2.250000000000000000 ) ;
#3788 = AXIS2_PLACEMENT_3D ( 'NONE', #3558, #6395, #5014 ) ;
#3789 = CYLINDRICAL_SURFACE ( 'NONE', #9121, 2.000000000000001776 ) ;
#3790 = ORIENTED_EDGE ( 'NONE', *, *, #8504, .T. ) ;
#3791 = ORIENTED_EDGE ( 'NONE', *, *, #6648, .T. ) ;
#3792 = CYLINDRICAL_SURFACE ( 'NONE', #6430, 2.250000000000000888 ) ;
#3793 = ORIENTED_EDGE ( 'NONE', *, *, #1675, .T. ) ;
#3794 = DIRECTION ( 'NONE',  ( -0.6716093422004314473, 0.2212258833615721454, 0.7071067811865444641 ) ) ;
#3795 = CARTESIAN_POINT ( 'NONE',  ( 7.987960088488567756, 18.33555272209468257, 3.999999999999998224 ) ) ;
#3796 = FACE_OUTER_BOUND ( 'NONE', #3732, .T. ) ;
#3797 = FACE_OUTER_BOUND ( 'NONE', #5015, .T. ) ;
#3798 = CARTESIAN_POINT ( 'NONE',  ( -5.987139632835027925, 30.48231859134024901, 0.5112983769125013511 ) ) ;
#3799 = ORIENTED_EDGE ( 'NONE', *, *, #29, .T. ) ;
#3800 = EDGE_CURVE ( 'NONE', #2787, #2923, #8884, .T. ) ;
#3801 = DIRECTION ( 'NONE',  ( 0.000000000000000000, 0.000000000000000000, -1.000000000000000000 ) ) ;
#3802 = ORIENTED_EDGE ( 'NONE', *, *, #6497, .T. ) ;
#3803 = EDGE_LOOP ( 'NONE', ( #6167, #4760, #5741, #5553 ) ) ;
#3804 = CARTESIAN_POINT ( 'NONE',  ( -26.26880120609473579, 5.472666917936403586, 7.500000000000009770 ) ) ;
#3805 = DIRECTION ( 'NONE',  ( -0.5662014229942111676, 0.4235751982816480798, 0.7071067811865425767 ) ) ;
#3806 = VERTEX_POINT ( 'NONE', #5337 ) ;
#3807 = FACE_BOUND ( 'NONE', #7480, .T. ) ;
#3808 = DIRECTION ( 'NONE',  ( 1.000000000000000000, 0.000000000000000000, 0.000000000000000000 ) ) ;
#3809 = CARTESIAN_POINT ( 'NONE',  ( -5.097123362521865708, 29.79453764403793770, 7.514971569140765695 ) ) ;
#3810 = AXIS2_PLACEMENT_3D ( 'NONE', #2761, #9031, #4810 ) ;
#3811 = CARTESIAN_POINT ( 'NONE',  ( -5.545534904594551229, -26.42436456420330515, 0.000000000000000000 ) ) ;
#3812 = ADVANCED_FACE ( 'NONE', ( #6173 ), #3283, .F. ) ;
#3813 = ADVANCED_FACE ( 'NONE', ( #3952 ), #1958, .T. ) ;
#3814 = EDGE_CURVE ( 'NONE', #4251, #3544, #6224, .T. ) ;
#3815 = FACE_BOUND ( 'NONE', #4876, .T. ) ;
#3816 = VECTOR ( 'NONE', #2745, 1000.000000000000000 ) ;
#3817 = CARTESIAN_POINT ( 'NONE',  ( 3.800000000000000711, -21.92623998774071481, 0.4999999999999831801 ) ) ;
#3818 = CARTESIAN_POINT ( 'NONE',  ( -17.50615648315903528, -8.814447525917257664, 0.000000000000000000 ) ) ;
#3819 = EDGE_CURVE ( 'NONE', #8962, #3102, #2680, .T. ) ;
#3820 = VECTOR ( 'NONE', #3291, 1000.000000000000000 ) ;
#3821 = CARTESIAN_POINT ( 'NONE',  ( -18.96762239271886230, -12.24999999999980460, -0.001000000000000132727 ) ) ;
#3822 = ORIENTED_EDGE ( 'NONE', *, *, #3279, .F. ) ;
#3823 = ORIENTED_EDGE ( 'NONE', *, *, #8712, .T. ) ;
#3824 = CIRCLE ( 'NONE', #7542, 3.000000000000000000 ) ;
#3825 = CARTESIAN_POINT ( 'NONE',  ( -3.650033765325332968, 29.77712634744973386, 0.4999999999989602761 ) ) ;
#3826 = ORIENTED_EDGE ( 'NONE', *, *, #8080, .T. ) ;
#3827 = APPLICATION_CONTEXT ( 'automotive_design' ) ;
#3828 = ORIENTED_EDGE ( 'NONE', *, *, #5159, .T. ) ;
#3829 = CARTESIAN_POINT ( 'NONE',  ( -9.035271980592302299, 29.65120188039876581, 5.859685873117676636 ) ) ;
#3830 = VERTEX_POINT ( 'NONE', #5474 ) ;
#3831 = CONICAL_SURFACE ( 'NONE', #6050, 1.500000000000009104, 0.7853981633974460586 ) ;
#3832 = CARTESIAN_POINT ( 'NONE',  ( -17.28661371934864377, -10.75355247408290360, 0.000000000000000000 ) ) ;
#3833 = CONICAL_SURFACE ( 'NONE', #7107, 20.00000000000000000, 0.7853981633974587151 ) ;
#3834 = VERTEX_POINT ( 'NONE', #5371 ) ;
#3835 = FACE_OUTER_BOUND ( 'NONE', #8321, .T. ) ;
#3836 = ORIENTED_EDGE ( 'NONE', *, *, #4274, .T. ) ;
#3837 = VERTEX_POINT ( 'NONE', #5998 ) ;
#3838 = LINE ( 'NONE', #7333, #788 ) ;
#3839 = CARTESIAN_POINT ( 'NONE',  ( 18.71320343559646204, 16.57757573283802799, 0.3000000000000112022 ) ) ;
#3840 = FACE_OUTER_BOUND ( 'NONE', #2721, .T. ) ;
#3841 = CIRCLE ( 'NONE', #2221, 1.199999999999995959 ) ;
#3842 = CARTESIAN_POINT ( 'NONE',  ( 17.08703448660380175, 10.18838811852061887, 0.000000000000000000 ) ) ;
#3843 = FACE_OUTER_BOUND ( 'NONE', #3159, .T. ) ;
#3844 = ORIENTED_EDGE ( 'NONE', *, *, #4939, .T. ) ;
#3845 = PLANE ( 'NONE',  #4577 ) ;
#3846 = EDGE_LOOP ( 'NONE', ( #4752, #3211, #564, #8917 ) ) ;
#3847 = CARTESIAN_POINT ( 'NONE',  ( 28.15693844375874022, -8.409608177149218378, 0.000000000000000000 ) ) ;
#3848 = VECTOR ( 'NONE', #607, 999.9999999999998863 ) ;
#3849 = ORIENTED_EDGE ( 'NONE', *, *, #8493, .F. ) ;
#3850 = DIRECTION ( 'NONE',  ( 1.000000000000000000, -1.156482317317871725E-15, 0.000000000000000000 ) ) ;
#3851 = DIRECTION ( 'NONE',  ( 0.9848077530122086864, 0.1736481776669271115, 0.000000000000000000 ) ) ;
#3852 = ADVANCED_FACE ( 'NONE', ( #8229 ), #1162, .T. ) ;
#3853 = CARTESIAN_POINT ( 'NONE',  ( 16.44425530805236235, -11.38360520062039249, -0.0009999999999992653654 ) ) ;
#3854 = LINE ( 'NONE', #8143, #1455 ) ;
#3855 = DIRECTION ( 'NONE',  ( 1.000000000000000000, 1.776356839400250465E-14, 0.000000000000000000 ) ) ;
#3856 = DIRECTION ( 'NONE',  ( 0.4999999999999977796, -0.8660254037844399289, 0.000000000000000000 ) ) ;
#3857 = CARTESIAN_POINT ( 'NONE',  ( 17.50615648315908857, 8.814447525917151083, 0.000000000000000000 ) ) ;
#3858 = DIRECTION ( 'NONE',  ( -0.9789804197376049677, 0.2039542541120011598, 0.000000000000000000 ) ) ;
#3859 = CARTESIAN_POINT ( 'NONE',  ( 18.71320343559646204, 16.57757573283802799, 3.000000000000000000 ) ) ;
#3860 = EDGE_CURVE ( 'NONE', #4244, #414, #6969, .T. ) ;
#3861 = CARTESIAN_POINT ( 'NONE',  ( -25.50000000000000000, -3.780293665983593066, 0.4999999999999831246 ) ) ;
#3862 = DIRECTION ( 'NONE',  ( -0.4999999999999948375, 0.8660254037844417052, 0.000000000000000000 ) ) ;
#3863 = CARTESIAN_POINT ( 'NONE',  ( 25.65693844375873667, 8.409608177149221930, 0.4999999999999831246 ) ) ;
#3864 = ORIENTED_EDGE ( 'NONE', *, *, #6738, .F. ) ;
#3865 = EDGE_CURVE ( 'NONE', #3830, #7738, #729, .T. ) ;
#3866 = EDGE_CURVE ( 'NONE', #3834, #167, #2239, .T. ) ;
#3867 = VERTEX_POINT ( 'NONE', #1202 ) ;
#3868 = EDGE_CURVE ( 'NONE', #4411, #4159, #7628, .T. ) ;
#3869 = CARTESIAN_POINT ( 'NONE',  ( -4.516626940932050971, 29.79616100421757707, 0.5043044597173036436 ) ) ;
#3870 = VERTEX_POINT ( 'NONE', #4699 ) ;
#3871 = B_SPLINE_CURVE_WITH_KNOTS ( 'NONE', 3,
 ( #4006, #2068, #6833, #3356 ),
 .UNSPECIFIED., .F., .F.,
 ( 4, 4 ),
 ( 0.000000000000000000, 0.0007100329295525777953 ),
 .UNSPECIFIED. ) ;
#3872 = CARTESIAN_POINT ( 'NONE',  ( -22.71679327408261884, -8.843154719913199457, 0.000000000000000000 ) ) ;
#3873 = CONICAL_SURFACE ( 'NONE', #6078, 1.500000000000001332, 0.7853981633974543852 ) ;
#3874 = ORIENTED_EDGE ( 'NONE', *, *, #888, .F. ) ;
#3875 = DIRECTION ( 'NONE',  ( -0.000000000000000000, -0.000000000000000000, -1.000000000000000000 ) ) ;
#3876 = EDGE_CURVE ( 'NONE', #7957, #4548, #3624, .T. ) ;
#3877 = CARTESIAN_POINT ( 'NONE',  ( 6.059010358723878831, 28.87106498681469446, 0.000000000000000000 ) ) ;
#3878 = ORIENTED_EDGE ( 'NONE', *, *, #4936, .F. ) ;
#3879 = ADVANCED_FACE ( 'NONE', ( #7068 ), #2970, .T. ) ;
#3880 = ORIENTED_EDGE ( 'NONE', *, *, #5286, .F. ) ;
#3881 = FACE_OUTER_BOUND ( 'NONE', #2114, .T. ) ;
#3882 = DIRECTION ( 'NONE',  ( -1.000000000000000000, 0.000000000000000000, 0.000000000000000000 ) ) ;
#3883 = CARTESIAN_POINT ( 'NONE',  ( 17.08868083885758793, -14.25401652825130228, 3.000000000000013767 ) ) ;
#3884 = CARTESIAN_POINT ( 'NONE',  ( -20.11140353916377066, -18.01475638705422000, 8.000000000000000000 ) ) ;
#3885 = CARTESIAN_POINT ( 'NONE',  ( -26.16682407903874008, 5.962157127805194357, 0.000000000000000000 ) ) ;
#3886 = CARTESIAN_POINT ( 'NONE',  ( 0.000000000000000000, 0.000000000000000000, 7.500000000000007105 ) ) ;
#3887 = ORIENTED_EDGE ( 'NONE', *, *, #1724, .F. ) ;
#3888 = ORIENTED_EDGE ( 'NONE', *, *, #7983, .F. ) ;
#3889 = CARTESIAN_POINT ( 'NONE',  ( -26.75268100318203324, 26.33700273619441035, 7.499999999999984901 ) ) ;
#3890 = ORIENTED_EDGE ( 'NONE', *, *, #3398, .F. ) ;
#3891 = ORIENTED_EDGE ( 'NONE', *, *, #1318, .F. ) ;
#3892 = LINE ( 'NONE', #7569, #2418 ) ;
#3893 = CARTESIAN_POINT ( 'NONE',  ( 20.11140353916389145, 18.01475638705407789, 0.000000000000000000 ) ) ;
#3894 =( LENGTH_UNIT ( ) NAMED_UNIT ( * ) SI_UNIT ( .MILLI., .METRE. ) );
#3895 = CARTESIAN_POINT ( 'NONE',  ( 18.96762239271869888, -12.25000000000009948, 3.500000000000000444 ) ) ;
#3896 = DIRECTION ( 'NONE',  ( 0.9848077530122081313, 0.1736481776669296373, 0.000000000000000000 ) ) ;
#3897 = AXIS2_PLACEMENT_3D ( 'NONE', #252, #2398, #8084 ) ;
#3898 = EDGE_CURVE ( 'NONE', #1747, #583, #7129, .T. ) ;
#3899 = EDGE_LOOP ( 'NONE', ( #6763, #4389, #1356, #5768 ) ) ;
#3900 = LINE ( 'NONE', #7316, #7552 ) ;
#3901 = CARTESIAN_POINT ( 'NONE',  ( -22.06114064347681492, 28.23118292580191024, -4.009852020456808219 ) ) ;
#3902 = AXIS2_PLACEMENT_3D ( 'NONE', #6965, #4173, #498 ) ;
#3903 = VECTOR ( 'NONE', #6272, 1000.000000000000000 ) ;
#3904 = CARTESIAN_POINT ( 'NONE',  ( 18.08868083885759859, -12.52196572068243086, 2.999999999999961808 ) ) ;
#3905 = FACE_OUTER_BOUND ( 'NONE', #1195, .T. ) ;
#3906 = EDGE_CURVE ( 'NONE', #8667, #5884, #9091, .T. ) ;
#3907 = CIRCLE ( 'NONE', #4956, 30.00000000000000000 ) ;
#3908 = AXIS2_PLACEMENT_3D ( 'NONE', #2359, #6543, #7338 ) ;
#3909 = ORIENTED_EDGE ( 'NONE', *, *, #1880, .F. ) ;
#3910 = ORIENTED_EDGE ( 'NONE', *, *, #2495, .F. ) ;
#3911 = FACE_OUTER_BOUND ( 'NONE', #813, .T. ) ;
#3912 = ORIENTED_EDGE ( 'NONE', *, *, #742, .F. ) ;
#3913 = CIRCLE ( 'NONE', #2142, 2.249999999999998668 ) ;
#3914 = CIRCLE ( 'NONE', #7195, 2.999999999999999112 ) ;
#3915 = VERTEX_POINT ( 'NONE', #687 ) ;
#3916 = CYLINDRICAL_SURFACE ( 'NONE', #2572, 1.199999999999995959 ) ;
#3917 = ORIENTED_EDGE ( 'NONE', *, *, #8233, .T. ) ;
#3918 = EDGE_CURVE ( 'NONE', #3170, #3300, #3472, .T. ) ;
#3919 = ADVANCED_FACE ( 'NONE', ( #1500 ), #8166, .F. ) ;
#3920 = EDGE_CURVE ( 'NONE', #5882, #5868, #4319, .T. ) ;
#3921 = VERTEX_POINT ( 'NONE', #3105 ) ;
#3922 = EDGE_CURVE ( 'NONE', #1312, #1428, #4966, .T. ) ;
#3923 = CARTESIAN_POINT ( 'NONE',  ( 9.476169651492748258, 23.97379462949500351, 7.500000000000007105 ) ) ;
#3924 = VECTOR ( 'NONE', #7685, 1000.000000000000114 ) ;
#3925 = DIRECTION ( 'NONE',  ( 1.000000000000000000, 0.000000000000000000, 0.000000000000000000 ) ) ;
#3926 = ORIENTED_EDGE ( 'NONE', *, *, #6857, .T. ) ;
#3927 = CIRCLE ( 'NONE', #5122, 0.4000000000000010214 ) ;
#3928 = CLOSED_SHELL ( 'NONE', ( #1544, #4768, #103, #2505, #8083, #8953, #6271, #7972, #3407, #3229, #5697, #3063, #5685, #1892, #7512, #5773, #4330, #559, #5443, #3635, #53, #7578, #3444, #4249, #3812, #7808, #7916, #3110, #363, #5147, #9019, #7509, #1434, #7221, #1833, #8462, #4027, #8294, #5375, #5743, #8187, #2712, #8452, #1066, #380, #277, #801, #177, #3276, #5332, #3696, #7818, #6550, #4028, #8131, #3813, #7348, #5064, #5852, #3954, #5234, #8816, #1150, #986, #3494, #128, #3501, #4552, #1765, #2597, #7297, #1366, #5220, #4434, #2555, #1740, #3698, #2111, #3005, #1365, #2336, #3116, #4782, #3349, #1872, #5494, #1582, #2065, #7618, #2653, #4068, #549, #1432, #7066, #5331, #7284, #4097, #4669, #8976, #2425, #3582, #4659, #908, #1557, #4607, #3983, #7375, #8297, #3852, #3533, #7695, #6585, #8401, #2048, #6870, #5176, #1933, #4464, #4450, #5929, #4498, #9174, #329, #3971, #4902, #4826, #4764, #6768, #2388, #4400, #1826, #7455, #7570, #8740, #7789, #6310, #3277, #2237, #855, #5724, #1444, #5814, #7279, #3115, #9184, #6693, #6087, #3684, #8236, #6230, #495, #2462, #4327, #3079, #1215, #3559, #1327, #1996, #2222, #2443, #6410, #6701, #327, #5383, #4024, #138, #4882, #5011, #4036, #7037, #6357, #7673, #8915, #1206, #7605, #6183, #6757, #1556, #1376, #427, #2081, #70, #6805, #3519, #2711, #1178, #8528, #2389, #1935, #7726, #6037, #1794, #5922, #3278, #5061, #2228, #3626, #6320, #264, #8866, #3919, #496, #4893, #5639, #7622, #6981, #5496, #3394, #1028, #7603, #2110, #3290, #2238, #7229, #1779, #8963, #5605, #7448, #2920, #3879, #6484, #6470, #941, #3985, #5869, #7457, #450, #2962, #7544, #8700, #3288, #4564, #4015, #1659, #7558, #3936, #7791, #8869, #4366, #7969, #3071, #1851, #5800, #4413, #6872, #6597, #96, #624, #5116, #8760, #2974, #5441, #7469, #6121, #7231, #1313, #7735, #4315, #3073, #1463, #4156, #1420, #4820, #6368, #3580, #2606, #3336, #1726, #2387, #2049, #5138, #2109, #512, #964, #6832, #3697, #5910, #1879, #2789, #5385, #1948, #7793, #5219, #593, #3442, #8708, #4622, #7295, #3001, #161, #6047, #2607, #377 ) ) ;
#3929 = ORIENTED_EDGE ( 'NONE', *, *, #8337, .F. ) ;
#3930 = DIRECTION ( 'NONE',  ( 0.000000000000000000, 0.000000000000000000, 1.000000000000000000 ) ) ;
#3931 = CARTESIAN_POINT ( 'NONE',  ( -6.534538773245938792, 30.59582344884217520, 0.1901184115944943298 ) ) ;
#3932 = CONICAL_SURFACE ( 'NONE', #4382, 1.500000000000001332, 0.7853981633974548293 ) ;
#3933 = DIRECTION ( 'NONE',  ( -0.5503025268999004460, 0.4440350536698549067, 0.7071067811865427988 ) ) ;
#3934 = FACE_BOUND ( 'NONE', #5097, .T. ) ;
#3935 = ORIENTED_EDGE ( 'NONE', *, *, #6297, .T. ) ;
#3936 = ADVANCED_FACE ( 'NONE', ( #3719 ), #3717, .F. ) ;
#3937 = ORIENTED_EDGE ( 'NONE', *, *, #6542, .T. ) ;
#3938 = FACE_OUTER_BOUND ( 'NONE', #300, .T. ) ;
#3939 = ORIENTED_EDGE ( 'NONE', *, *, #2, .T. ) ;
#3940 = EDGE_LOOP ( 'NONE', ( #219, #2113, #5387, #2133 ) ) ;
#3941 = ORIENTED_EDGE ( 'NONE', *, *, #6019, .F. ) ;
#3942 = VECTOR ( 'NONE', #7100, 1000.000000000000114 ) ;
#3943 = DIRECTION ( 'NONE',  ( 0.000000000000000000, 0.000000000000000000, -1.000000000000000000 ) ) ;
#3944 = AXIS2_PLACEMENT_3D ( 'NONE', #8107, #6728, #7447 ) ;
#3945 = DIRECTION ( 'NONE',  ( -1.000000000000000000, 0.000000000000000000, 0.000000000000000000 ) ) ;
#3946 = DIRECTION ( 'NONE',  ( -0.000000000000000000, -0.000000000000000000, 1.000000000000000000 ) ) ;
#3947 = CARTESIAN_POINT ( 'NONE',  ( 19.29241457142193994, -5.323039836816779058, 3.012942083267434512 ) ) ;
#3948 = FACE_OUTER_BOUND ( 'NONE', #8925, .T. ) ;
#3949 = AXIS2_PLACEMENT_3D ( 'NONE', #3574, #4228, #2004 ) ;
#3950 = ORIENTED_EDGE ( 'NONE', *, *, #3918, .T. ) ;
#3951 = CARTESIAN_POINT ( 'NONE',  ( -7.976169651492576840, -23.97379462949506745, 0.4999999999999831246 ) ) ;
#3952 = FACE_OUTER_BOUND ( 'NONE', #6994, .T. ) ;
#3953 = CIRCLE ( 'NONE', #93, 1.300000000000006040 ) ;
#3954 = ADVANCED_FACE ( 'NONE', ( #5162 ), #8012, .F. ) ;
#3955 = FACE_BOUND ( 'NONE', #4410, .T. ) ;
#3956 = LINE ( 'NONE', #6177, #7055 ) ;
#3957 = AXIS2_PLACEMENT_3D ( 'NONE', #5695, #8525, #5091 ) ;
#3958 = AXIS2_PLACEMENT_3D ( 'NONE', #7411, #7362, #981 ) ;
#3959 = VERTEX_POINT ( 'NONE', #8053 ) ;
#3960 = EDGE_CURVE ( 'NONE', #422, #2691, #4472, .T. ) ;
#3961 = CARTESIAN_POINT ( 'NONE',  ( -23.86679327408269558, -6.851296291209027167, 3.000000000000000000 ) ) ;
#3962 = VERTEX_POINT ( 'NONE', #5819 ) ;
#3963 = VERTEX_POINT ( 'NONE', #7352 ) ;
#3964 = CARTESIAN_POINT ( 'NONE',  ( -15.47852007099574045, 15.63379085224636178, 3.500000000000000444 ) ) ;
#3965 = DIRECTION ( 'NONE',  ( -0.5273919060659910674, 0.4710178100837448811, 0.7071067811865432429 ) ) ;
#3966 = VERTEX_POINT ( 'NONE', #7310 ) ;
#3967 = EDGE_CURVE ( 'NONE', #8792, #4116, #7899, .T. ) ;
#3968 = CONICAL_SURFACE ( 'NONE', #8581, 1.500000000000008216, 0.7853981633974466137 ) ;
#3969 = VERTEX_POINT ( 'NONE', #3010 ) ;
#3970 = EDGE_CURVE ( 'NONE', #8865, #6, #8310, .T. ) ;
#3971 = ADVANCED_FACE ( 'NONE', ( #8746 ), #2242, .T. ) ;
#3972 = ORIENTED_EDGE ( 'NONE', *, *, #9089, .T. ) ;
#3973 = DIRECTION ( 'NONE',  ( 0.000000000000000000, 0.000000000000000000, 1.000000000000000000 ) ) ;
#3974 = CARTESIAN_POINT ( 'NONE',  ( -20.87937133986216764, 28.43956073900222492, -4.009852020456808219 ) ) ;
#3975 = PLANE ( 'NONE',  #1414 ) ;
#3976 = AXIS2_PLACEMENT_3D ( 'NONE', #8509, #4892, #7127 ) ;
#3977 = CIRCLE ( 'NONE', #7859, 1.999999999999991340 ) ;
#3978 = DIRECTION ( 'NONE',  ( 0.8660254037844330455, -0.5000000000000097700, 0.000000000000000000 ) ) ;
#3979 = ORIENTED_EDGE ( 'NONE', *, *, #8672, .F. ) ;
#3980 = ORIENTED_EDGE ( 'NONE', *, *, #4712, .F. ) ;
#3981 = ORIENTED_EDGE ( 'NONE', *, *, #273, .T. ) ;
#3982 = DIRECTION ( 'NONE',  ( 1.000000000000000000, 0.000000000000000000, 0.000000000000000000 ) ) ;
#3983 = ADVANCED_FACE ( 'NONE', ( #3807, #5859 ), #91, .F. ) ;
#3984 = DIRECTION ( 'NONE',  ( 1.000000000000000000, -1.734723475976807094E-15, 0.000000000000000000 ) ) ;
#3985 = ADVANCED_FACE ( 'NONE', ( #2279 ), #3873, .F. ) ;
#3986 = DIRECTION ( 'NONE',  ( -1.000000000000000000, 0.000000000000000000, 0.000000000000000000 ) ) ;
#3987 = DIRECTION ( 'NONE',  ( 0.5000000000000097700, 0.8660254037844329345, 0.000000000000000000 ) ) ;
#3988 = EDGE_CURVE ( 'NONE', #6632, #2870, #9054, .T. ) ;
#3989 = DIRECTION ( 'NONE',  ( 1.000000000000000000, -6.071532165918819308E-15, 0.000000000000000000 ) ) ;
#3990 = ORIENTED_EDGE ( 'NONE', *, *, #8728, .F. ) ;
#3991 = CIRCLE ( 'NONE', #7275, 1.500000000000003109 ) ;
#3992 = ORIENTED_EDGE ( 'NONE', *, *, #2604, .T. ) ;
#3993 = FACE_OUTER_BOUND ( 'NONE', #145, .T. ) ;
#3994 = LINE ( 'NONE', #6817, #7084 ) ;
#3995 = CARTESIAN_POINT ( 'NONE',  ( -7.987960088488440746, -18.33555272209474651, 3.851210412908273817 ) ) ;
#3996 = CARTESIAN_POINT ( 'NONE',  ( -4.782461625743117395, 29.73446235782862601, 7.510793670423632662 ) ) ;
#3997 = DIRECTION ( 'NONE',  ( 0.9848077530122081313, 0.1736481776669296373, 0.000000000000000000 ) ) ;
#3998 = DIRECTION ( 'NONE',  ( -0.000000000000000000, -0.000000000000000000, 1.000000000000000000 ) ) ;
#3999 = LINE ( 'NONE', #452, #3820 ) ;
#4000 = ORIENTED_EDGE ( 'NONE', *, *, #8133, .F. ) ;
#4001 = LINE ( 'NONE', #8278, #229 ) ;
#4002 = FACE_OUTER_BOUND ( 'NONE', #5665, .T. ) ;
#4003 = DIRECTION ( 'NONE',  ( 1.000000000000000000, 0.000000000000000000, 0.000000000000000000 ) ) ;
#4004 = ORIENTED_EDGE ( 'NONE', *, *, #5298, .T. ) ;
#4005 = ORIENTED_EDGE ( 'NONE', *, *, #734, .T. ) ;
#4006 = CARTESIAN_POINT ( 'NONE',  ( 27.23490674938425116, -11.33621869727034692, 3.500000000000000444 ) ) ;
#4007 = FACE_OUTER_BOUND ( 'NONE', #3491, .T. ) ;
#4008 = ORIENTED_EDGE ( 'NONE', *, *, #55, .T. ) ;
#4009 = ORIENTED_EDGE ( 'NONE', *, *, #8626, .F. ) ;
#4010 = ORIENTED_EDGE ( 'NONE', *, *, #7499, .F. ) ;
#4011 = AXIS2_PLACEMENT_3D ( 'NONE', #8681, #6441, #75 ) ;
#4012 = CARTESIAN_POINT ( 'NONE',  ( -9.400232774818045201, 31.72099739756446724, -18.16314593833186919 ) ) ;
#4013 = CARTESIAN_POINT ( 'NONE',  ( -9.492764790688578813, -17.60420755289383621, 6.178600303529425908 ) ) ;
#4014 = CARTESIAN_POINT ( 'NONE',  ( 1.360023205165817945E-15, -24.50000000000000000, 3.500000000000000444 ) ) ;
#4015 = ADVANCED_FACE ( 'NONE', ( #2972 ), #280, .T. ) ;
#4016 = DIRECTION ( 'NONE',  ( 0.5662014229942127219, -0.4235751982816467476, 0.7071067811865420216 ) ) ;
#4017 = ORIENTED_EDGE ( 'NONE', *, *, #2959, .T. ) ;
#4018 = ORIENTED_EDGE ( 'NONE', *, *, #7111, .F. ) ;
#4019 = CARTESIAN_POINT ( 'NONE',  ( -7.576571570779936593, -24.59951591869085519, 8.000000000000000000 ) ) ;
#4020 = DIRECTION ( 'NONE',  ( 1.000000000000000000, 0.000000000000000000, 0.000000000000000000 ) ) ;
#4021 = CARTESIAN_POINT ( 'NONE',  ( -25.19406861883199511, -5.248764295590000017, 0.4999999999999831246 ) ) ;
#4022 = CARTESIAN_POINT ( 'NONE',  ( 16.02383034850715404, 20.19350096351142554, 0.4999999999999831246 ) ) ;
#4023 = EDGE_LOOP ( 'NONE', ( #3165, #7550, #1972, #6449 ) ) ;
#4024 = ADVANCED_FACE ( 'NONE', ( #3761 ), #1497, .F. ) ;
#4025 = ORIENTED_EDGE ( 'NONE', *, *, #2850, .F. ) ;
#4026 = EDGE_CURVE ( 'NONE', #8547, #6390, #5477, .T. ) ;
#4027 = ADVANCED_FACE ( 'NONE', ( #8098 ), #1642, .F. ) ;
#4028 = ADVANCED_FACE ( 'NONE', ( #5990 ), #4733, .T. ) ;
#4029 = VERTEX_POINT ( 'NONE', #6809 ) ;
#4030 = CARTESIAN_POINT ( 'NONE',  ( -28.03258089225492355, -9.188275600959338263, 0.000000000000000000 ) ) ;
#4031 = CARTESIAN_POINT ( 'NONE',  ( -19.88581781151273020, -2.134824834722285569, 3.274209572485244468 ) ) ;
#4032 = DIRECTION ( 'NONE',  ( -0.000000000000000000, -0.000000000000000000, -1.000000000000000000 ) ) ;
#4033 = DIRECTION ( 'NONE',  ( 0.8660254037844361541, -0.5000000000000042188, 0.000000000000000000 ) ) ;
#4034 = CONICAL_SURFACE ( 'NONE', #5231, 20.00000000000000000, 0.7853981633974447263 ) ;
#4035 = FACE_OUTER_BOUND ( 'NONE', #7220, .T. ) ;
#4036 = ADVANCED_FACE ( 'NONE', ( #3271 ), #1191, .T. ) ;
#4037 = VERTEX_POINT ( 'NONE', #6035 ) ;
#4038 = VECTOR ( 'NONE', #7873, 1000.000000000000000 ) ;
#4039 = VECTOR ( 'NONE', #5244, 1000.000000000000114 ) ;
#4040 = CARTESIAN_POINT ( 'NONE',  ( -17.14259752787349811, -19.19432130080199528, 0.4999999999999831246 ) ) ;
#4041 = DIRECTION ( 'NONE',  ( 1.000000000000000000, 0.000000000000000000, 0.000000000000000000 ) ) ;
#4042 = LINE ( 'NONE', #2747, #647 ) ;
#4043 = CARTESIAN_POINT ( 'NONE',  ( 16.22852007099596250, 14.33475274656948173, 8.000000000000000000 ) ) ;
#4044 = ORIENTED_EDGE ( 'NONE', *, *, #6857, .F. ) ;
#4045 = VECTOR ( 'NONE', #1389, 1000.000000000000000 ) ;
#4046 = AXIS2_PLACEMENT_3D ( 'NONE', #1148, #8139, #8785 ) ;
#4047 = CARTESIAN_POINT ( 'NONE',  ( -3.799999999999999378, -17.50000000000000000, 3.500000000000000444 ) ) ;
#4048 = CARTESIAN_POINT ( 'NONE',  ( 15.27383034850715227, 18.89446285783476753, 0.4999999999999831246 ) ) ;
#4049 = ORIENTED_EDGE ( 'NONE', *, *, #852, .T. ) ;
#4050 = ORIENTED_EDGE ( 'NONE', *, *, #1248, .F. ) ;
#4051 = CIRCLE ( 'NONE', #7033, 2.000000000000001776 ) ;
#4052 = CONICAL_SURFACE ( 'NONE', #9094, 3.800000000000000711, 0.7853981633974460586 ) ;
#4053 = DIRECTION ( 'NONE',  ( 1.000000000000000000, 0.000000000000000000, 0.000000000000000000 ) ) ;
#4054 = VECTOR ( 'NONE', #840, 1000.000000000000000 ) ;
#4055 = ORIENTED_EDGE ( 'NONE', *, *, #8517, .F. ) ;
#4056 = CARTESIAN_POINT ( 'NONE',  ( -28.03258089225491645, -9.188275600959334710, 8.000000000000000000 ) ) ;
#4057 = CARTESIAN_POINT ( 'NONE',  ( -9.124740202369995501, -17.79768851898824522, 6.022636576788520379 ) ) ;
#4058 = VECTOR ( 'NONE', #9186, 1000.000000000000114 ) ;
#4059 = VERTEX_POINT ( 'NONE', #7443 ) ;
#4060 = EDGE_LOOP ( 'NONE', ( #5740, #3937, #2992, #8761 ) ) ;
#4061 = ORIENTED_EDGE ( 'NONE', *, *, #8035, .T. ) ;
#4062 = ORIENTED_EDGE ( 'NONE', *, *, #2171, .T. ) ;
#4063 = CARTESIAN_POINT ( 'NONE',  ( -26.26880120609473934, -5.472666917936406250, -0.0009999999999992653654 ) ) ;
#4064 = DIRECTION ( 'NONE',  ( 0.000000000000000000, 0.000000000000000000, 1.000000000000000000 ) ) ;
#4065 = CARTESIAN_POINT ( 'NONE',  ( 26.26880120609473934, 5.472666917936406250, 7.500000000000007105 ) ) ;
#4066 = FACE_OUTER_BOUND ( 'NONE', #7784, .T. ) ;
#4067 = AXIS2_PLACEMENT_3D ( 'NONE', #1453, #1308, #2055 ) ;
#4068 = ADVANCED_FACE ( 'NONE', ( #480 ), #1015, .T. ) ;
#4069 = LINE ( 'NONE', #8490, #6007 ) ;
#4070 = AXIS2_PLACEMENT_3D ( 'NONE', #8349, #2629, #7614 ) ;
#4071 = VECTOR ( 'NONE', #4420, 1000.000000000000114 ) ;
#4072 = DIRECTION ( 'NONE',  ( -1.000000000000000000, 0.000000000000000000, 0.000000000000000000 ) ) ;
#4073 = VERTEX_POINT ( 'NONE', #1103 ) ;
#4074 = ORIENTED_EDGE ( 'NONE', *, *, #612, .F. ) ;
#4075 = VECTOR ( 'NONE', #7800, 1000.000000000000114 ) ;
#4076 = B_SPLINE_SURFACE_WITH_KNOTS ( 'NONE', 1, 3, ( 
 ( #897, #4488, #7889, #4442, #1523, #7322, #8575, #8717, #21, #1658, #3733, #5087, #6478, #3593, #755, #154, #4299, #7986, #3547, #6428, #1617, #2347, #191, #4342, #7181, #5885, #7839, #8031, #7236, #3031, #2216, #5182, #6385, #2852, #8523, #3643, #849, #3693, #6528, #1471 ),
 ( #2167, #4998, #7137, #61, #8668, #110, #2898, #5744, #5043, #2946, #5136, #2987, #5791, #804, #5833, #8620, #2259, #7932, #1567, #2305, #7503, #1876, #5266, #1834, #8116, #4710, #5967, #6090, #6612, #8239, #1124, #2474, #3869, #989, #7371, #6739, #1698, #5343, #934, #3825 ) ),
 .UNSPECIFIED., .F., .F., .F.,
 ( 2, 2 ),
 ( 4, 2, 2, 2, 2, 2, 2, 2, 2, 2, 2, 2, 2, 2, 2, 2, 2, 2, 2, 4 ),
 ( 0.000000000000000000, 1.000000000000000000 ),
 ( 0.000000000000000000, 0.0001166320349189214504, 0.0002332640698378429008, 0.0003498961047567643377, 0.0004665281396756858017, 0.0006997922095135286754, 0.0009330562793513716034, 0.001166320349189214423, 0.001282952384108135887, 0.001399584419027057351, 0.001516216453945978815, 0.001632848488864900279, 0.001866112558702743207, 0.002099376628540585918, 0.002332640698378428846, 0.002565904768216271774, 0.002799168838054114702, 0.003032432907891957630, 0.003265696977729800558, 0.003732225117405486414 ),
 .UNSPECIFIED. ) ;
#4077 = ORIENTED_EDGE ( 'NONE', *, *, #5963, .T. ) ;
#4078 = LINE ( 'NONE', #6258, #4447 ) ;
#4079 = AXIS2_PLACEMENT_3D ( 'NONE', #5677, #7828, #7168 ) ;
#4080 = VECTOR ( 'NONE', #5312, 1000.000000000000000 ) ;
#4081 = DIRECTION ( 'NONE',  ( -0.000000000000000000, -0.000000000000000000, 1.000000000000000000 ) ) ;
#4082 = EDGE_CURVE ( 'NONE', #1530, #1052, #8826, .T. ) ;
#4083 = DIRECTION ( 'NONE',  ( -0.000000000000000000, 0.000000000000000000, 1.000000000000000000 ) ) ;
#4084 = CARTESIAN_POINT ( 'NONE',  ( 16.02383034850715404, 20.19350096351142554, 0.4999999999999831246 ) ) ;
#4085 = EDGE_CURVE ( 'NONE', #7346, #4969, #7571, .T. ) ;
#4086 = EDGE_CURVE ( 'NONE', #3830, #4877, #1151, .T. ) ;
#4087 = EDGE_CURVE ( 'NONE', #472, #5471, #8142, .T. ) ;
#4088 = AXIS2_PLACEMENT_3D ( 'NONE', #6702, #4627, #7467 ) ;
#4089 = CARTESIAN_POINT ( 'NONE',  ( 18.24679157355309300, 19.68005582490333794, 8.000000000000000000 ) ) ;
#4090 = VECTOR ( 'NONE', #3588, 1000.000000000000114 ) ;
#4091 = CARTESIAN_POINT ( 'NONE',  ( 1.800000000000000711, -21.92623998774071481, 3.500000000000000444 ) ) ;
#4092 = CIRCLE ( 'NONE', #236, 2.249999999999998668 ) ;
#4093 = CARTESIAN_POINT ( 'NONE',  ( 21.21762239271877704, 12.24999999999995381, -0.001000000000000132727 ) ) ;
#4094 = PLANE ( 'NONE',  #1699 ) ;
#4095 = CARTESIAN_POINT ( 'NONE',  ( -19.90353834325754079, -1.965183914486100303, 5.134196291647050714 ) ) ;
#4096 = PLANE ( 'NONE',  #2136 ) ;
#4097 = ADVANCED_FACE ( 'NONE', ( #352 ), #4691, .F. ) ;
#4098 = EDGE_CURVE ( 'NONE', #4548, #5461, #2576, .T. ) ;
#4099 = DIRECTION ( 'NONE',  ( 0.1729873939250869130, -0.9810602621904068732, -0.08715574274766207941 ) ) ;
#4100 = AXIS2_PLACEMENT_3D ( 'NONE', #4846, #4141, #8279 ) ;
#4101 = CARTESIAN_POINT ( 'NONE',  ( -16.78661371934865087, -10.75355247408290360, 0.4999999999999831246 ) ) ;
#4102 = DIRECTION ( 'NONE',  ( 0.01513443590133926181, -0.08583165117743486727, 0.9961946980917453232 ) ) ;
#4103 = ORIENTED_EDGE ( 'NONE', *, *, #3906, .F. ) ;
#4104 = B_SPLINE_CURVE_WITH_KNOTS ( 'NONE', 3,
 ( #1911, #2047, #2734, #9092, #5576, #1870, #2639, #9047, #3384, #6220, #447, #5372, #3337, #589, #2002, #3425, #7581, #8230, #3996, #9004, #493, #8319, #4130, #8357, #1959, #4172, #4834, #8411, #4785, #6864, #3473, #4741 ),
 .UNSPECIFIED., .F., .F.,
 ( 4, 2, 1, 1, 2, 2, 2, 1, 1, 2, 2, 2, 1, 1, 1, 1, 2, 2, 2, 4 ),
 ( 0.000000000000000000, 0.1250000000000429101, 0.1875000000000649758, 0.2187500000000766609, 0.2343750000000824896, 0.2500000000000883182, 0.3750000000001266209, 0.4375000000001458278, 0.4687500000001567080, 0.4843750000001615930, 0.5000000000001665335, 0.6250000000001980638, 0.6875000000002146061, 0.7187500000002227107, 0.7343750000002274847, 0.7421875000002293721, 0.7460937500002295941, 0.7500000000002298162, 0.8750000000001149081, 1.000000000000000000 ),
 .UNSPECIFIED. ) ;
#4105 = ORIENTED_EDGE ( 'NONE', *, *, #2891, .F. ) ;
#4106 = PRODUCT_DEFINITION_FORMATION_WITH_SPECIFIED_SOURCE ( 'ไป', '', #2090, .NOT_KNOWN. ) ;
#4107 = ORIENTED_EDGE ( 'NONE', *, *, #2917, .T. ) ;
#4108 = CARTESIAN_POINT ( 'NONE',  ( -25.09209149177600295, 5.738254505458794341, 0.000000000000000000 ) ) ;
#4109 = CARTESIAN_POINT ( 'NONE',  ( -9.745091772952271469, -17.46579208834912222, 6.235604263866441954 ) ) ;
#4110 = CIRCLE ( 'NONE', #5437, 0.8999999999999893641 ) ;
#4111 = ORIENTED_EDGE ( 'NONE', *, *, #5327, .T. ) ;
#4112 = VECTOR ( 'NONE', #7273, 1000.000000000000000 ) ;
#4113 = DIRECTION ( 'NONE',  ( 0.3535533905932732868, -0.6123724356957963577, 0.7071067811865463515 ) ) ;
#4114 = VERTEX_POINT ( 'NONE', #6162 ) ;
#4115 = EDGE_CURVE ( 'NONE', #5349, #8905, #5055, .T. ) ;
#4116 = VERTEX_POINT ( 'NONE', #8989 ) ;
#4117 = CARTESIAN_POINT ( 'NONE',  ( 0.000000000000000000, 0.000000000000000000, 2.999999999999746869 ) ) ;
#4118 = CARTESIAN_POINT ( 'NONE',  ( 18.96762239271877704, 12.24999999999995381, -0.001000000000000132727 ) ) ;
#4119 = CARTESIAN_POINT ( 'NONE',  ( -22.86679327408264228, -8.583347098777874606, 3.000000000000000000 ) ) ;
#4120 = LINE ( 'NONE', #7106, #2450 ) ;
#4121 = CONICAL_SURFACE ( 'NONE', #5770, 2.500000000000012434, 0.7853981633974526089 ) ;
#4122 = CYLINDRICAL_SURFACE ( 'NONE', #3019, 4.000000000000001776 ) ;
#4123 = ORIENTED_EDGE ( 'NONE', *, *, #8225, .F. ) ;
#4124 = EDGE_LOOP ( 'NONE', ( #3361, #4190, #5811, #3743 ) ) ;
#4125 = ORIENTED_EDGE ( 'NONE', *, *, #3581, .F. ) ;
#4126 = CARTESIAN_POINT ( 'NONE',  ( -9.476169651492579504, -23.97379462949506745, 7.500000000000009770 ) ) ;
#4127 = AXIS2_PLACEMENT_3D ( 'NONE', #3964, #5938, #8930 ) ;
#4128 = CARTESIAN_POINT ( 'NONE',  ( -19.99199473870283938, 0.5839428514706392903, 1.822117911531337953 ) ) ;
#4129 = CARTESIAN_POINT ( 'NONE',  ( -20.11140353916377066, -18.01475638705422000, 8.000000000000000000 ) ) ;
#4130 = CARTESIAN_POINT ( 'NONE',  ( -4.490340821879521549, 29.71046675416407723, 7.506896673129338282 ) ) ;
#4131 = DIRECTION ( 'NONE',  ( 0.000000000000000000, 0.000000000000000000, 1.000000000000000000 ) ) ;
#4132 = CARTESIAN_POINT ( 'NONE',  ( -20.38614411664000414, -3.873901551070855653, 3.143624502952870881 ) ) ;
#4133 = ORIENTED_EDGE ( 'NONE', *, *, #5171, .T. ) ;
#4134 = CARTESIAN_POINT ( 'NONE',  ( 21.27852007099593479, 5.587896168346640380, 8.000000000000000000 ) ) ;
#4135 = EDGE_CURVE ( 'NONE', #8551, #107, #6679, .T. ) ;
#4136 = EDGE_CURVE ( 'NONE', #6536, #7326, #7399, .T. ) ;
#4137 = CARTESIAN_POINT ( 'NONE',  ( 16.38661371934879440, 10.75355247408268333, 0.000000000000000000 ) ) ;
#4138 = ORIENTED_EDGE ( 'NONE', *, *, #3446, .T. ) ;
#4139 = VECTOR ( 'NONE', #3522, 1000.000000000000000 ) ;
#4140 = DIRECTION ( 'NONE',  ( 1.000000000000000000, 0.000000000000000000, 0.000000000000000000 ) ) ;
#4141 = DIRECTION ( 'NONE',  ( -0.000000000000000000, -0.000000000000000000, 1.000000000000000000 ) ) ;
#4142 = PLANE ( 'NONE',  #187 ) ;
#4143 = CARTESIAN_POINT ( 'NONE',  ( -19.27852007099586373, 5.587896168346938808, 3.500000000000000444 ) ) ;
#4144 = CARTESIAN_POINT ( 'NONE',  ( -14.07138188272369739, -14.21253713840549082, 3.500000000000000444 ) ) ;
#4145 = EDGE_CURVE ( 'NONE', #5966, #4296, #4312, .T. ) ;
#4146 = CARTESIAN_POINT ( 'NONE',  ( 25.19406861883199511, 5.248764295590000017, -0.0009999999999992653654 ) ) ;
#4147 = AXIS2_PLACEMENT_3D ( 'NONE', #2926, #4367, #136 ) ;
#4148 = CARTESIAN_POINT ( 'NONE',  ( -23.50000000000000711, -3.780293665983591289, 0.000000000000000000 ) ) ;
#4149 = ORIENTED_EDGE ( 'NONE', *, *, #1127, .T. ) ;
#4150 = ORIENTED_EDGE ( 'NONE', *, *, #547, .F. ) ;
#4151 = DIRECTION ( 'NONE',  ( -0.000000000000000000, -0.000000000000000000, 1.000000000000000000 ) ) ;
#4152 = LINE ( 'NONE', #2217, #8688 ) ;
#4153 = DIRECTION ( 'NONE',  ( 1.000000000000000000, -8.673617379884043361E-16, 0.000000000000000000 ) ) ;
#4154 = AXIS2_PLACEMENT_3D ( 'NONE', #8178, #5416, #6108 ) ;
#4155 = CARTESIAN_POINT ( 'NONE',  ( 9.476169651492748258, 23.97379462949500351, 0.4999999999999831246 ) ) ;
#4156 = ADVANCED_FACE ( 'NONE', ( #3188 ), #8916, .F. ) ;
#4157 = DIRECTION ( 'NONE',  ( 1.000000000000000000, 0.000000000000000000, 0.000000000000000000 ) ) ;
#4158 = DIRECTION ( 'NONE',  ( 0.3535533905932759513, -0.6123724356958069048, 0.7071067811865356934 ) ) ;
#4159 = VERTEX_POINT ( 'NONE', #6769 ) ;
#4160 = ORIENTED_EDGE ( 'NONE', *, *, #5761, .F. ) ;
#4161 = FACE_BOUND ( 'NONE', #5889, .T. ) ;
#4162 = CARTESIAN_POINT ( 'NONE',  ( 22.34600393240432581, 20.01639598561564881, 0.4999999999999831246 ) ) ;
#4163 = DIRECTION ( 'NONE',  ( -1.000000000000000000, 0.000000000000000000, 0.000000000000000000 ) ) ;
#4164 = CARTESIAN_POINT ( 'NONE',  ( 20.00000000000000000, 0.000000000000000000, 7.500000000000007105 ) ) ;
#4165 = LINE ( 'NONE', #6443, #1859 ) ;
#4166 = LINE ( 'NONE', #3463, #6733 ) ;
#4167 = FACE_OUTER_BOUND ( 'NONE', #5283, .T. ) ;
#4168 = CONICAL_SURFACE ( 'NONE', #4624, 1.500000000000001332, 0.7853981633974543852 ) ;
#4169 = ORIENTED_EDGE ( 'NONE', *, *, #3126, .T. ) ;
#4170 = FACE_BOUND ( 'NONE', #7288, .T. ) ;
#4171 = CARTESIAN_POINT ( 'NONE',  ( -19.87303449400720012, 2.249999999999992006, 3.999999999999999112 ) ) ;
#4172 = CARTESIAN_POINT ( 'NONE',  ( -4.456986254871444508, 29.70945361202860013, 7.506450293464417278 ) ) ;
#4173 = DIRECTION ( 'NONE',  ( 0.000000000000000000, 0.000000000000000000, 1.000000000000000000 ) ) ;
#4174 = LINE ( 'NONE', #693, #2331 ) ;
#4175 = EDGE_LOOP ( 'NONE', ( #5285, #6619, #9177, #8861 ) ) ;
#4176 = EDGE_CURVE ( 'NONE', #672, #5787, #293, .T. ) ;
#4177 = DIRECTION ( 'NONE',  ( 1.000000000000000000, 0.000000000000000000, 0.000000000000000000 ) ) ;
#4178 = CARTESIAN_POINT ( 'NONE',  ( -18.24679157355294734, -19.68005582490346583, 0.000000000000000000 ) ) ;
#4179 = CARTESIAN_POINT ( 'NONE',  ( 5.545534904594735082, 26.42436456420327318, 8.000000000000000000 ) ) ;
#4180 = CARTESIAN_POINT ( 'NONE',  ( -19.95320349171881347, 1.372825262280725322, 5.788698481632258641 ) ) ;
#4181 = CARTESIAN_POINT ( 'NONE',  ( -17.05544456622772742, -5.459103465618976081, 7.500000000000007105 ) ) ;
#4182 = CARTESIAN_POINT ( 'NONE',  ( 0.000000000000000000, 0.000000000000000000, 0.000000000000000000 ) ) ;
#4183 = EDGE_CURVE ( 'NONE', #3515, #2531, #7891, .T. ) ;
#4184 = DIRECTION ( 'NONE',  ( 0.000000000000000000, 0.000000000000000000, -1.000000000000000000 ) ) ;
#4185 = AXIS2_PLACEMENT_3D ( 'NONE', #1331, #8479, #4153 ) ;
#4186 = DIRECTION ( 'NONE',  ( 1.000000000000000000, 0.000000000000000000, 0.000000000000000000 ) ) ;
#4187 = PLANE ( 'NONE',  #1466 ) ;
#4188 = CARTESIAN_POINT ( 'NONE',  ( 25.65693844375873311, -8.409608177149218378, 0.000000000000000000 ) ) ;
#4189 = ORIENTED_EDGE ( 'NONE', *, *, #4549, .F. ) ;
#4190 = ORIENTED_EDGE ( 'NONE', *, *, #1139, .F. ) ;
#4191 = ORIENTED_EDGE ( 'NONE', *, *, #7113, .F. ) ;
#4192 = CARTESIAN_POINT ( 'NONE',  ( 25.65693844375873311, -8.409608177149218378, 0.4999999999999831246 ) ) ;
#4193 = LINE ( 'NONE', #7036, #7214 ) ;
#4194 = AXIS2_PLACEMENT_3D ( 'NONE', #2198, #5119, #7215 ) ;
#4195 = AXIS2_PLACEMENT_3D ( 'NONE', #8326, #6829, #1922 ) ;
#4196 = EDGE_CURVE ( 'NONE', #4059, #1034, #6394, .T. ) ;
#4197 = DIRECTION ( 'NONE',  ( -0.000000000000000000, -0.000000000000000000, -1.000000000000000000 ) ) ;
#4198 = EDGE_CURVE ( 'NONE', #2072, #713, #2094, .T. ) ;
#4199 = EDGE_CURVE ( 'NONE', #8551, #2717, #5488, .T. ) ;
#4200 = DIRECTION ( 'NONE',  ( 0.000000000000000000, 0.000000000000000000, 1.000000000000000000 ) ) ;
#4201 = DIRECTION ( 'NONE',  ( -0.1729873939250868298, 0.9810602621904067622, 0.08715574274766414720 ) ) ;
#4202 = CARTESIAN_POINT ( 'NONE',  ( 0.000000000000000000, 0.000000000000000000, 8.000000000000000000 ) ) ;
#4203 = VERTEX_POINT ( 'NONE', #9037 ) ;
#4204 = CIRCLE ( 'NONE', #1229, 2.000000000000001776 ) ;
#4205 = CARTESIAN_POINT ( 'NONE',  ( 17.08868083885758793, -14.25401652825130228, 0.4999999999999831246 ) ) ;
#4206 = ORIENTED_EDGE ( 'NONE', *, *, #3742, .T. ) ;
#4207 = AXIS2_PLACEMENT_3D ( 'NONE', #7609, #2715, #577 ) ;
#4208 = ORIENTED_EDGE ( 'NONE', *, *, #5943, .T. ) ;
#4209 = CARTESIAN_POINT ( 'NONE',  ( 0.000000000000000000, 0.000000000000000000, 0.000000000000000000 ) ) ;
#4210 = VERTEX_POINT ( 'NONE', #3509 ) ;
#4211 = DIRECTION ( 'NONE',  ( 0.000000000000000000, 0.000000000000000000, 1.000000000000000000 ) ) ;
#4212 = DIRECTION ( 'NONE',  ( -0.000000000000000000, -0.000000000000000000, 1.000000000000000000 ) ) ;
#4213 = DIRECTION ( 'NONE',  ( 1.000000000000000000, 0.000000000000000000, 0.000000000000000000 ) ) ;
#4214 = EDGE_CURVE ( 'NONE', #167, #3834, #8623, .T. ) ;
#4215 = AXIS2_PLACEMENT_3D ( 'NONE', #5185, #5888, #4580 ) ;
#4216 = LINE ( 'NONE', #2132, #43 ) ;
#4217 = ORIENTED_EDGE ( 'NONE', *, *, #684, .F. ) ;
#4218 = CIRCLE ( 'NONE', #491, 2.000000000000000000 ) ;
#4219 = ORIENTED_EDGE ( 'NONE', *, *, #724, .F. ) ;
#4220 = LINE ( 'NONE', #683, #4139 ) ;
#4221 = VECTOR ( 'NONE', #9081, 1000.000000000000000 ) ;
#4222 = FACE_OUTER_BOUND ( 'NONE', #3378, .T. ) ;
#4223 = CARTESIAN_POINT ( 'NONE',  ( -10.85108011119602622, -16.80097222213334618, 1.977478034000280438 ) ) ;
#4224 = CARTESIAN_POINT ( 'NONE',  ( 21.21762239271877704, 12.24999999999995381, 8.000000000000000000 ) ) ;
#4225 = DIRECTION ( 'NONE',  ( 1.000000000000000000, 0.000000000000000000, 0.000000000000000000 ) ) ;
#4226 = AXIS2_PLACEMENT_3D ( 'NONE', #7400, #7354, #7486 ) ;
#4227 = CARTESIAN_POINT ( 'NONE',  ( -8.045534904594553893, -26.42436456420330515, 8.000000000000000000 ) ) ;
#4228 = DIRECTION ( 'NONE',  ( -1.000000000000000000, -4.588859039144119206E-16, 0.000000000000000000 ) ) ;
#4229 = DIRECTION ( 'NONE',  ( 0.000000000000000000, 0.000000000000000000, -1.000000000000000000 ) ) ;
#4230 = AXIS2_PLACEMENT_3D ( 'NONE', #8592, #2232, #7902 ) ;
#4231 = CIRCLE ( 'NONE', #938, 0.7999999999999986011 ) ;
#4232 = PLANE ( 'NONE',  #88 ) ;
#4233 = CARTESIAN_POINT ( 'NONE',  ( -5.800000000000000711, 21.22168702059287071, 8.000000000000000000 ) ) ;
#4234 = CARTESIAN_POINT ( 'NONE',  ( 0.000000000000000000, 0.000000000000000000, 8.000000000000000000 ) ) ;
#4235 = VECTOR ( 'NONE', #6436, 1000.000000000000114 ) ;
#4236 = CONICAL_SURFACE ( 'NONE', #7968, 1.499999999999959588, 0.7853981633974488341 ) ;
#4237 = CARTESIAN_POINT ( 'NONE',  ( -26.16682407903873653, 5.962157127805203238, 8.000000000000000000 ) ) ;
#4238 = CARTESIAN_POINT ( 'NONE',  ( -26.22867574272324021, 26.42939900164645906, 7.999999999999998224 ) ) ;
#4239 = VECTOR ( 'NONE', #7379, 1000.000000000000000 ) ;
#4240 = CARTESIAN_POINT ( 'NONE',  ( -18.96762239271860651, 12.25000000000024691, -0.001000000000000132727 ) ) ;
#4241 = EDGE_LOOP ( 'NONE', ( #6753, #3791, #4598, #3826 ) ) ;
#4242 = EDGE_CURVE ( 'NONE', #1583, #8738, #579, .T. ) ;
#4243 = VERTEX_POINT ( 'NONE', #720 ) ;
#4244 = VERTEX_POINT ( 'NONE', #2718 ) ;
#4245 = LINE ( 'NONE', #8478, #5267 ) ;
#4246 = CIRCLE ( 'NONE', #5422, 1.500000000000001332 ) ;
#4247 = DIRECTION ( 'NONE',  ( 0.9789804197376049677, -0.2039542541120011598, 0.000000000000000000 ) ) ;
#4248 = CARTESIAN_POINT ( 'NONE',  ( -23.99999999999999645, 3.780293665983593066, 7.500000000000009770 ) ) ;
#4249 = ADVANCED_FACE ( 'NONE', ( #7103 ), #4915, .F. ) ;
#4250 = DIRECTION ( 'NONE',  ( 1.000000000000000000, 0.000000000000000000, 0.000000000000000000 ) ) ;
#4251 = VERTEX_POINT ( 'NONE', #2036 ) ;
#4252 = CIRCLE ( 'NONE', #7390, 0.8000000000000020428 ) ;
#4253 = CARTESIAN_POINT ( 'NONE',  ( -20.27852007099584242, 7.319946975915807563, 7.500000000000007105 ) ) ;
#4254 = ORIENTED_EDGE ( 'NONE', *, *, #1257, .T. ) ;
#4255 = EDGE_CURVE ( 'NONE', #6822, #2072, #9076, .T. ) ;
#4256 = EDGE_CURVE ( 'NONE', #3642, #1997, #6684, .T. ) ;
#4257 = ORIENTED_EDGE ( 'NONE', *, *, #2206, .T. ) ;
#4258 = FACE_BOUND ( 'NONE', #5002, .T. ) ;
#4259 = EDGE_CURVE ( 'NONE', #2159, #8868, #2770, .T. ) ;
#4260 = DIRECTION ( 'NONE',  ( 1.000000000000000000, 0.000000000000000000, 0.000000000000000000 ) ) ;
#4261 = CARTESIAN_POINT ( 'NONE',  ( 21.27852007099589571, -5.587896168346787817, 7.500000000000007105 ) ) ;
#4262 = DIRECTION ( 'NONE',  ( -0.9789804197376047457, -0.2039542541120019370, 0.000000000000000000 ) ) ;
#4263 = B_SPLINE_CURVE_WITH_KNOTS ( 'NONE', 3,
 ( #2758, #5603, #4905, #3645, #2899, #5745, #611, #8576, #6480, #112, #7840, #6988, #7740, #8435 ),
 .UNSPECIFIED., .F., .F.,
 ( 4, 2, 2, 2, 2, 2, 4 ),
 ( 0.000000000000000000, 0.0004401083272885114323, 0.0008802166545770228646, 0.001320324981865534297, 0.001760433309154045729, 0.002640649963731067293, 0.003520866618308089290 ),
 .UNSPECIFIED. ) ;
#4264 = CARTESIAN_POINT ( 'NONE',  ( -3.650033765325360502, 29.77712634744972675, 0.4999999999999831801 ) ) ;
#4265 = ORIENTED_EDGE ( 'NONE', *, *, #2956, .F. ) ;
#4266 = AXIS2_PLACEMENT_3D ( 'NONE', #7153, #1635, #4466 ) ;
#4267 = CARTESIAN_POINT ( 'NONE',  ( -15.27383034850702082, -18.89446285783486701, 7.500000000000009770 ) ) ;
#4268 = ORIENTED_EDGE ( 'NONE', *, *, #2241, .T. ) ;
#4269 = EDGE_LOOP ( 'NONE', ( #3980, #4388 ) ) ;
#4270 = ORIENTED_EDGE ( 'NONE', *, *, #2945, .T. ) ;
#4271 = DIRECTION ( 'NONE',  ( -0.6123724356957945814, -0.3535533905932689014, 0.7071067811865499042 ) ) ;
#4272 = EDGE_CURVE ( 'NONE', #3716, #4746, #7445, .T. ) ;
#4273 = EDGE_CURVE ( 'NONE', #7694, #2089, #1654, .T. ) ;
#4274 = EDGE_CURVE ( 'NONE', #2323, #6634, #31, .T. ) ;
#4275 = CARTESIAN_POINT ( 'NONE',  ( -9.484838882799142112, -17.60997624438471831, 1.809279685798098836 ) ) ;
#4276 = CARTESIAN_POINT ( 'NONE',  ( -17.14259752787349811, -19.19432130080199528, 7.500000000000009770 ) ) ;
#4277 = DIRECTION ( 'NONE',  ( -0.1442174361344395750, -0.6922436934453095603, 0.7071067811865512365 ) ) ;
#4278 = CARTESIAN_POINT ( 'NONE',  ( -25.65693844375873667, -8.409608177149221930, 7.500000000000009770 ) ) ;
#4279 = DIRECTION ( 'NONE',  ( -0.000000000000000000, -0.000000000000000000, 1.000000000000000000 ) ) ;
#4280 = VERTEX_POINT ( 'NONE', #4162 ) ;
#4281 = DIRECTION ( 'NONE',  ( -0.000000000000000000, -0.000000000000000000, 1.000000000000000000 ) ) ;
#4282 = AXIS2_PLACEMENT_3D ( 'NONE', #7029, #2698, #1325 ) ;
#4283 = AXIS2_PLACEMENT_3D ( 'NONE', #5262, #8111, #5927 ) ;
#4284 = EDGE_CURVE ( 'NONE', #5689, #9169, #2863, .T. ) ;
#4285 = VERTEX_POINT ( 'NONE', #2084 ) ;
#4286 = LINE ( 'NONE', #2883, #6360 ) ;
#4287 = CARTESIAN_POINT ( 'NONE',  ( -30.00100000000001543, -1.420071687233047883E-14, 3.999999999999999112 ) ) ;
#4288 = CARTESIAN_POINT ( 'NONE',  ( -23.11762239271864772, 8.959103465619401518, 3.500000000000000444 ) ) ;
#4289 = CARTESIAN_POINT ( 'NONE',  ( -4.162852879477680013, -20.07288359712762116, 3.500000000000000444 ) ) ;
#4290 = AXIS2_PLACEMENT_3D ( 'NONE', #7359, #230, #8753 ) ;
#4291 = CARTESIAN_POINT ( 'NONE',  ( 24.54669047984811669, -16.36184544868125812, 3.500000000000000444 ) ) ;
#4292 = DIRECTION ( 'NONE',  ( -0.000000000000000000, -0.000000000000000000, 1.000000000000000000 ) ) ;
#4293 = CIRCLE ( 'NONE', #274, 2.250000000000000888 ) ;
#4294 = DIRECTION ( 'NONE',  ( -0.8660254037844328234, 0.5000000000000101030, 0.000000000000000000 ) ) ;
#4295 = CARTESIAN_POINT ( 'NONE',  ( -7.976169651492576840, -23.97379462949506745, -0.0009999999999992653654 ) ) ;
#4296 = VERTEX_POINT ( 'NONE', #5612 ) ;
#4297 = ORIENTED_EDGE ( 'NONE', *, *, #6205, .F. ) ;
#4298 = VERTEX_POINT ( 'NONE', #4773 ) ;
#4299 = CARTESIAN_POINT ( 'NONE',  ( -5.970131389292514079, 29.85071642368076539, 0.000000000000000000 ) ) ;
#4300 = PLANE ( 'NONE',  #213 ) ;
#4301 = PLANE ( 'NONE',  #184 ) ;
#4302 = LINE ( 'NONE', #758, #2187 ) ;
#4303 = AXIS2_PLACEMENT_3D ( 'NONE', #1596, #4418, #8787 ) ;
#4304 = EDGE_LOOP ( 'NONE', ( #1494, #1664, #7421, #5304, #7121 ) ) ;
#4305 = DIRECTION ( 'NONE',  ( -0.3535533905932736753, 0.6123724356957976900, 0.7071067811865449082 ) ) ;
#4306 = EDGE_LOOP ( 'NONE', ( #7381, #8073, #6358, #530 ) ) ;
#4307 = DIRECTION ( 'NONE',  ( 0.000000000000000000, -0.000000000000000000, -1.000000000000000000 ) ) ;
#4308 = ORIENTED_EDGE ( 'NONE', *, *, #2066, .F. ) ;
#4309 = ORIENTED_EDGE ( 'NONE', *, *, #5920, .T. ) ;
#4310 = FACE_OUTER_BOUND ( 'NONE', #6838, .T. ) ;
#4311 = CARTESIAN_POINT ( 'NONE',  ( 7.576571570780116005, 24.59951591869079834, 0.000000000000000000 ) ) ;
#4312 = CIRCLE ( 'NONE', #4477, 2.500000000000012434 ) ;
#4313 = DIRECTION ( 'NONE',  ( -0.5883773319995904139, 0.3921888769318213064, 0.7071067811865477948 ) ) ;
#4314 = CARTESIAN_POINT ( 'NONE',  ( -5.372132940390433653, 30.07810541540375127, 0.5084305795639684211 ) ) ;
#4315 = ADVANCED_FACE ( 'NONE', ( #5509 ), #1516, .F. ) ;
#4316 = EDGE_CURVE ( 'NONE', #4576, #8738, #907, .T. ) ;
#4317 = EDGE_LOOP ( 'NONE', ( #2610, #8879, #7013, #5432 ) ) ;
#4318 = CARTESIAN_POINT ( 'NONE',  ( 5.799999999999999822, 21.22168702059287071, -0.0009999999999992653654 ) ) ;
#4319 = LINE ( 'NONE', #7760, #1517 ) ;
#4320 = CARTESIAN_POINT ( 'NONE',  ( 19.92011875528091025, 1.797812911660563895, 5.384301597491715441 ) ) ;
#4321 = CARTESIAN_POINT ( 'NONE',  ( -6.047775857529748222, 29.62896771047581268, 8.000000000000001776 ) ) ;
#4322 = EDGE_CURVE ( 'NONE', #1390, #4037, #6092, .T. ) ;
#4323 = FACE_OUTER_BOUND ( 'NONE', #8006, .T. ) ;
#4324 = AXIS2_PLACEMENT_3D ( 'NONE', #9144, #8453, #3383 ) ;
#4325 = DIRECTION ( 'NONE',  ( -0.000000000000000000, -0.000000000000000000, 1.000000000000000000 ) ) ;
#4326 = EDGE_CURVE ( 'NONE', #9169, #2159, #8185, .T. ) ;
#4327 = ADVANCED_FACE ( 'NONE', ( #4310 ), #7197, .F. ) ;
#4328 = CARTESIAN_POINT ( 'NONE',  ( -20.15529868040804473, -34.91000135619290745, 3.999999999999999112 ) ) ;
#4329 = EDGE_CURVE ( 'NONE', #477, #7576, #5053, .T. ) ;
#4330 = ADVANCED_FACE ( 'NONE', ( #7292 ), #2253, .T. ) ;
#4331 = DIRECTION ( 'NONE',  ( -0.000000000000000000, -0.000000000000000000, -1.000000000000000000 ) ) ;
#4332 = DIRECTION ( 'NONE',  ( 1.000000000000000000, 4.588859039144119206E-16, 0.000000000000000000 ) ) ;
#4333 = CARTESIAN_POINT ( 'NONE',  ( -2.250000000000000888, 24.50000000000000000, 3.500000000000000444 ) ) ;
#4334 = DIRECTION ( 'NONE',  ( 1.000000000000000000, -6.071532165918819308E-15, 0.000000000000000000 ) ) ;
#4335 = EDGE_CURVE ( 'NONE', #666, #4029, #6237, .T. ) ;
#4336 = DIRECTION ( 'NONE',  ( 1.000000000000000000, 6.217248937900876626E-15, 0.000000000000000000 ) ) ;
#4337 = DIRECTION ( 'NONE',  ( -0.000000000000000000, -0.000000000000000000, -1.000000000000000000 ) ) ;
#4338 = CARTESIAN_POINT ( 'NONE',  ( 25.09209149177599940, -5.738254505458799670, 8.000000000000000000 ) ) ;
#4339 = VERTEX_POINT ( 'NONE', #6539 ) ;
#4340 = ORIENTED_EDGE ( 'NONE', *, *, #5427, .F. ) ;
#4341 = ORIENTED_EDGE ( 'NONE', *, *, #842, .F. ) ;
#4342 = CARTESIAN_POINT ( 'NONE',  ( -5.563345222546353774, 29.61442812629533350, 0.000000000000000000 ) ) ;
#4343 = ORIENTED_EDGE ( 'NONE', *, *, #5963, .F. ) ;
#4344 = CARTESIAN_POINT ( 'NONE',  ( 20.27852007099588860, -7.319946975915660126, 3.500000000000000444 ) ) ;
#4345 = DIRECTION ( 'NONE',  ( -0.8660254037844413721, -0.4999999999999953371, 0.000000000000000000 ) ) ;
#4346 = LINE ( 'NONE', #5698, #8736 ) ;
#4347 = EDGE_LOOP ( 'NONE', ( #5789, #3836, #6801, #5218 ) ) ;
#4348 = DIRECTION ( 'NONE',  ( 1.000000000000000000, 0.000000000000000000, 0.000000000000000000 ) ) ;
#4349 = EDGE_LOOP ( 'NONE', ( #5301, #3888, #5398, #5004 ) ) ;
#4350 = ORIENTED_EDGE ( 'NONE', *, *, #8752, .T. ) ;
#4351 = VECTOR ( 'NONE', #8032, 1000.000000000000114 ) ;
#4352 = ORIENTED_EDGE ( 'NONE', *, *, #4841, .F. ) ;
#4353 = CIRCLE ( 'NONE', #782, 1.500000000000001332 ) ;
#4354 = DIRECTION ( 'NONE',  ( -1.000000000000000000, 0.000000000000000000, 0.000000000000000000 ) ) ;
#4355 = CARTESIAN_POINT ( 'NONE',  ( 25.50000000000000355, -3.780293665983593066, 7.500000000000007105 ) ) ;
#4356 = CYLINDRICAL_SURFACE ( 'NONE', #6886, 2.999999999999999112 ) ;
#4357 = CARTESIAN_POINT ( 'NONE',  ( 1.800000000000004263, -27.94208295743178638, 0.000000000000000000 ) ) ;
#4358 = EDGE_LOOP ( 'NONE', ( #608, #1062, #8899, #6836 ) ) ;
#4359 = VECTOR ( 'NONE', #5850, 1000.000000000000114 ) ;
#4360 = ORIENTED_EDGE ( 'NONE', *, *, #8922, .T. ) ;
#4361 = VECTOR ( 'NONE', #2035, 999.9999999999998863 ) ;
#4362 = CARTESIAN_POINT ( 'NONE',  ( 6.059010358723877943, 28.87106498681469091, 8.000000000000000000 ) ) ;
#4363 = ORIENTED_EDGE ( 'NONE', *, *, #3768, .T. ) ;
#4364 = CYLINDRICAL_SURFACE ( 'NONE', #4737, 20.00000000000000000 ) ;
#4365 = EDGE_LOOP ( 'NONE', ( #3926, #8267, #2813, #988 ) ) ;
#4366 = ADVANCED_FACE ( 'NONE', ( #1483 ), #1531, .F. ) ;
#4367 = DIRECTION ( 'NONE',  ( 1.000000000000000000, -0.000000000000000000, 0.000000000000000000 ) ) ;
#4368 = FACE_OUTER_BOUND ( 'NONE', #4808, .T. ) ;
#4369 = AXIS2_PLACEMENT_3D ( 'NONE', #2386, #5836, #3121 ) ;
#4370 = CIRCLE ( 'NONE', #5864, 1.500000000000008216 ) ;
#4371 = DIRECTION ( 'NONE',  ( 0.000000000000000000, 0.000000000000000000, 1.000000000000000000 ) ) ;
#4372 = CARTESIAN_POINT ( 'NONE',  ( 23.99999999999999289, 2.250000000000011102, 3.999999999999999112 ) ) ;
#4373 = CARTESIAN_POINT ( 'NONE',  ( -23.36762239271881825, -8.526090763726701383, 8.000000000000000000 ) ) ;
#4374 = ORIENTED_EDGE ( 'NONE', *, *, #7572, .F. ) ;
#4375 = VECTOR ( 'NONE', #4750, 1000.000000000000000 ) ;
#4376 = EDGE_LOOP ( 'NONE', ( #7456, #5237 ) ) ;
#4377 = LINE ( 'NONE', #1605, #4690 ) ;
#4378 = EDGE_CURVE ( 'NONE', #2727, #5167, #3420, .T. ) ;
#4379 = CARTESIAN_POINT ( 'NONE',  ( -13.25544456622753664, 12.04089653438102303, 3.500000000000000444 ) ) ;
#4380 = EDGE_CURVE ( 'NONE', #3963, #1310, #6576, .T. ) ;
#4381 = CARTESIAN_POINT ( 'NONE',  ( -4.133982311416821709, -29.37719802256747315, 7.833982311416829880 ) ) ;
#4382 = AXIS2_PLACEMENT_3D ( 'NONE', #2098, #8418, #5581 ) ;
#4383 = DIRECTION ( 'NONE',  ( 1.000000000000000000, 3.469446951953614189E-15, 0.000000000000000000 ) ) ;
#4384 = CIRCLE ( 'NONE', #6153, 2.000000000000001776 ) ;
#4385 = AXIS2_PLACEMENT_3D ( 'NONE', #4261, #9183, #2916 ) ;
#4386 = AXIS2_PLACEMENT_3D ( 'NONE', #5190, #5798, #1528 ) ;
#4387 = CARTESIAN_POINT ( 'NONE',  ( -4.185092855528753653, 29.24637291826735463, -0.000000000000000000 ) ) ;
#4388 = ORIENTED_EDGE ( 'NONE', *, *, #2778, .F. ) ;
#4389 = ORIENTED_EDGE ( 'NONE', *, *, #9089, .F. ) ;
#4390 = VECTOR ( 'NONE', #2794, 1000.000000000000114 ) ;
#4391 = EDGE_CURVE ( 'NONE', #3962, #1755, #250, .T. ) ;
#4392 = ORIENTED_EDGE ( 'NONE', *, *, #6649, .F. ) ;
#4393 = DIRECTION ( 'NONE',  ( 1.000000000000000000, -1.613696256722614709E-15, 0.000000000000000000 ) ) ;
#4394 = FACE_BOUND ( 'NONE', #894, .T. ) ;
#4395 = VECTOR ( 'NONE', #5841, 1000.000000000000227 ) ;
#4396 = DIRECTION ( 'NONE',  ( -0.000000000000000000, -0.000000000000000000, -1.000000000000000000 ) ) ;
#4397 = ORIENTED_EDGE ( 'NONE', *, *, #7096, .F. ) ;
#4398 = CARTESIAN_POINT ( 'NONE',  ( -25.50000000000000355, 3.780293665983593066, -0.0009999999999992653654 ) ) ;
#4399 = ORIENTED_EDGE ( 'NONE', *, *, #1752, .F. ) ;
#4400 = ADVANCED_FACE ( 'NONE', ( #5845 ), #2230, .T. ) ;
#4401 = CARTESIAN_POINT ( 'NONE',  ( -11.31116795716115853, 36.36223555488162162, -16.86267028694028269 ) ) ;
#4402 = ORIENTED_EDGE ( 'NONE', *, *, #9140, .F. ) ;
#4403 = VERTEX_POINT ( 'NONE', #7147 ) ;
#4404 = VECTOR ( 'NONE', #1763, 1000.000000000000000 ) ;
#4405 = LINE ( 'NONE', #863, #7741 ) ;
#4406 = DIRECTION ( 'NONE',  ( -0.000000000000000000, -0.000000000000000000, 1.000000000000000000 ) ) ;
#4407 = CARTESIAN_POINT ( 'NONE',  ( 0.000000000000000000, 0.000000000000000000, -0.0009999999999992653654 ) ) ;
#4408 = DIRECTION ( 'NONE',  ( -0.000000000000000000, -0.000000000000000000, 1.000000000000000000 ) ) ;
#4409 = CARTESIAN_POINT ( 'NONE',  ( -5.110227548616826709, 29.95883603165648168, 0.5071849042430619514 ) ) ;
#4410 = EDGE_LOOP ( 'NONE', ( #7811, #8004 ) ) ;
#4411 = VERTEX_POINT ( 'NONE', #2958 ) ;
#4412 = DIRECTION ( 'NONE',  ( 0.1729873939250868575, -0.9810602621904067622, -0.08715574274766414720 ) ) ;
#4413 = ADVANCED_FACE ( 'NONE', ( #5759 ), #4168, .F. ) ;
#4414 = VERTEX_POINT ( 'NONE', #8634 ) ;
#4415 = ORIENTED_EDGE ( 'NONE', *, *, #9113, .T. ) ;
#4416 = FACE_OUTER_BOUND ( 'NONE', #7575, .T. ) ;
#4417 = ORIENTED_EDGE ( 'NONE', *, *, #4487, .T. ) ;
#4418 = DIRECTION ( 'NONE',  ( 0.000000000000000000, 0.000000000000000000, -1.000000000000000000 ) ) ;
#4419 = DIRECTION ( 'NONE',  ( -0.000000000000000000, -0.000000000000000000, -1.000000000000000000 ) ) ;
#4420 = DIRECTION ( 'NONE',  ( -0.3535533905932792820, -0.6123724356957954695, 0.7071067811865439090 ) ) ;
#4421 = AXIS2_PLACEMENT_3D ( 'NONE', #1149, #479, #6161 ) ;
#4422 = CARTESIAN_POINT ( 'NONE',  ( 26.26880120609473579, -5.472666917936403586, 7.500000000000007105 ) ) ;
#4423 = ORIENTED_EDGE ( 'NONE', *, *, #1183, .F. ) ;
#4424 = CARTESIAN_POINT ( 'NONE',  ( 8.726169651492750035, 22.67475652381834195, 0.4999999999999830136 ) ) ;
#4425 = CARTESIAN_POINT ( 'NONE',  ( -25.65693844375873311, 8.409608177149218378, 8.000000000000000000 ) ) ;
#4426 = VECTOR ( 'NONE', #5200, 1000.000000000000000 ) ;
#4427 = FACE_OUTER_BOUND ( 'NONE', #1023, .T. ) ;
#4428 = CARTESIAN_POINT ( 'NONE',  ( -23.46762239271860295, 12.25000000000024691, 0.000000000000000000 ) ) ;
#4429 = CARTESIAN_POINT ( 'NONE',  ( 22.10385583892277950, 33.78500135619303535, 3.999999999999999112 ) ) ;
#4430 = CARTESIAN_POINT ( 'NONE',  ( 0.000000000000000000, 0.000000000000000000, 8.000000000000000000 ) ) ;
#4431 = AXIS2_PLACEMENT_3D ( 'NONE', #9155, #5730, #6375 ) ;
#4432 = EDGE_CURVE ( 'NONE', #4555, #7783, #4405, .T. ) ;
#4433 = AXIS2_PLACEMENT_3D ( 'NONE', #652, #3493, #8973 ) ;
#4434 = ADVANCED_FACE ( 'NONE', ( #3706 ), #163, .F. ) ;
#4435 = EDGE_CURVE ( 'NONE', #1914, #7576, #7998, .T. ) ;
#4436 = ORIENTED_EDGE ( 'NONE', *, *, #2288, .T. ) ;
#4437 = CARTESIAN_POINT ( 'NONE',  ( 23.99999999999999645, -3.780293665983593066, 7.500000000000007105 ) ) ;
#4438 = CYLINDRICAL_SURFACE ( 'NONE', #2164, 2.249999999999999556 ) ;
#4439 = ORIENTED_EDGE ( 'NONE', *, *, #3516, .T. ) ;
#4440 = ORIENTED_EDGE ( 'NONE', *, *, #5298, .F. ) ;
#4441 = CARTESIAN_POINT ( 'NONE',  ( 23.99999999999999645, 3.780293665983591733, 0.4999999999999831246 ) ) ;
#4442 = CARTESIAN_POINT ( 'NONE',  ( -6.768197732270547995, 30.59154606873006799, 0.000000000000000000 ) ) ;
#4443 = ORIENTED_EDGE ( 'NONE', *, *, #4928, .F. ) ;
#4444 = CARTESIAN_POINT ( 'NONE',  ( -21.21762239271885875, -12.24999999999980460, -0.001000000000000132727 ) ) ;
#4445 = CARTESIAN_POINT ( 'NONE',  ( 18.71320343559646204, 16.57757573283802799, 3.000000000000000000 ) ) ;
#4446 = EDGE_CURVE ( 'NONE', #7136, #5059, #8978, .T. ) ;
#4447 = VECTOR ( 'NONE', #1159, 1000.000000000000000 ) ;
#4448 = EDGE_CURVE ( 'NONE', #4463, #162, #596, .T. ) ;
#4449 = ORIENTED_EDGE ( 'NONE', *, *, #7836, .T. ) ;
#4450 = ADVANCED_FACE ( 'NONE', ( #2614 ), #7092, .T. ) ;
#4451 = CARTESIAN_POINT ( 'NONE',  ( -3.650033765325360502, 29.77712634744972675, 0.4999999999999831801 ) ) ;
#4452 = ORIENTED_EDGE ( 'NONE', *, *, #1902, .T. ) ;
#4453 = CARTESIAN_POINT ( 'NONE',  ( 15.27383034850715227, 18.89446285783476753, -0.0009999999999992653654 ) ) ;
#4454 = ORIENTED_EDGE ( 'NONE', *, *, #7172, .F. ) ;
#4455 = VERTEX_POINT ( 'NONE', #8292 ) ;
#4456 = EDGE_LOOP ( 'NONE', ( #1875, #6408, #4341, #434 ) ) ;
#4457 = AXIS2_PLACEMENT_3D ( 'NONE', #4738, #7491, #6962 ) ;
#4458 = CARTESIAN_POINT ( 'NONE',  ( -28.15693844375873311, 8.409608177149218378, 8.000000000000000000 ) ) ;
#4459 = CARTESIAN_POINT ( 'NONE',  ( -5.799999999999999822, -21.22168702059287071, 8.000000000000000000 ) ) ;
#4460 = EDGE_CURVE ( 'NONE', #3540, #8905, #4806, .T. ) ;
#4461 = CARTESIAN_POINT ( 'NONE',  ( 0.000000000000000000, 0.000000000000000000, 3.500000000000000444 ) ) ;
#4462 = DIRECTION ( 'NONE',  ( 1.000000000000000000, 0.000000000000000000, 0.000000000000000000 ) ) ;
#4463 = VERTEX_POINT ( 'NONE', #3364 ) ;
#4464 = ADVANCED_FACE ( 'NONE', ( #9118 ), #2701, .T. ) ;
#4465 = ORIENTED_EDGE ( 'NONE', *, *, #2026, .F. ) ;
#4466 = DIRECTION ( 'NONE',  ( 1.000000000000000000, 0.000000000000000000, 0.000000000000000000 ) ) ;
#4467 = ORIENTED_EDGE ( 'NONE', *, *, #7621, .F. ) ;
#4468 = CARTESIAN_POINT ( 'NONE',  ( -3.799999999999999378, -17.50000000000000000, 7.500000000000007105 ) ) ;
#4469 = ORIENTED_EDGE ( 'NONE', *, *, #4722, .F. ) ;
#4470 = CYLINDRICAL_SURFACE ( 'NONE', #241, 2.999999999999999112 ) ;
#4471 = ORIENTED_EDGE ( 'NONE', *, *, #287, .T. ) ;
#4472 = LINE ( 'NONE', #3669, #3109 ) ;
#4473 = CARTESIAN_POINT ( 'NONE',  ( -5.146910549267318835, 29.80716456327959207, 7.515629376106143233 ) ) ;
#4474 = CARTESIAN_POINT ( 'NONE',  ( -13.25544456622753664, 12.04089653438102303, 3.500000000000000444 ) ) ;
#4475 = ORIENTED_EDGE ( 'NONE', *, *, #1244, .F. ) ;
#4476 = CYLINDRICAL_SURFACE ( 'NONE', #5269, 2.000000000000000000 ) ;
#4477 = AXIS2_PLACEMENT_3D ( 'NONE', #3893, #3143, #3235 ) ;
#4478 = CARTESIAN_POINT ( 'NONE',  ( 2.268151973356478113, 34.72582411534483526, -28.82718928624236554 ) ) ;
#4479 = DIRECTION ( 'NONE',  ( 0.000000000000000000, 0.000000000000000000, -1.000000000000000000 ) ) ;
#4480 = CARTESIAN_POINT ( 'NONE',  ( 19.99834072558813247, -0.2950984994828549368, 6.235383894340206012 ) ) ;
#4481 = EDGE_CURVE ( 'NONE', #415, #1815, #1982, .T. ) ;
#4482 = FACE_OUTER_BOUND ( 'NONE', #914, .T. ) ;
#4483 = ORIENTED_EDGE ( 'NONE', *, *, #6497, .F. ) ;
#4484 = DIRECTION ( 'NONE',  ( 1.000000000000000000, 0.000000000000000000, 0.000000000000000000 ) ) ;
#4485 = ORIENTED_EDGE ( 'NONE', *, *, #2729, .F. ) ;
#4486 = VERTEX_POINT ( 'NONE', #2757 ) ;
#4487 = EDGE_CURVE ( 'NONE', #4203, #6016, #9171, .T. ) ;
#4488 = CARTESIAN_POINT ( 'NONE',  ( -6.839410390377913984, 30.68530767912569956, 0.000000000000000000 ) ) ;
#4489 = LINE ( 'NONE', #5834, #5526 ) ;
#4490 = CARTESIAN_POINT ( 'NONE',  ( 21.21762239271877704, 12.24999999999995381, 3.500000000000000444 ) ) ;
#4491 = EDGE_LOOP ( 'NONE', ( #743, #6903, #4074, #1055 ) ) ;
#4492 = CARTESIAN_POINT ( 'NONE',  ( 19.34410915545085174, 5.079905607587855698, 7.500000000000007105 ) ) ;
#4493 = VERTEX_POINT ( 'NONE', #6943 ) ;
#4494 = LINE ( 'NONE', #8629, #3055 ) ;
#4495 = ORIENTED_EDGE ( 'NONE', *, *, #6639, .T. ) ;
#4496 = EDGE_LOOP ( 'NONE', ( #5826, #6048, #3415, #5851 ) ) ;
#4497 = DIRECTION ( 'NONE',  ( 0.4999999999999947820, -0.8660254037844417052, 0.000000000000000000 ) ) ;
#4498 = ADVANCED_FACE ( 'NONE', ( #565 ), #3403, .F. ) ;
#4499 = CARTESIAN_POINT ( 'NONE',  ( 0.000000000000000000, 0.000000000000000000, 0.4999999999999831246 ) ) ;
#4500 = EDGE_CURVE ( 'NONE', #8784, #563, #2073, .T. ) ;
#4501 = CARTESIAN_POINT ( 'NONE',  ( -14.07138188272369561, -14.21253713840549260, 7.500000000000007105 ) ) ;
#4502 = AXIS2_PLACEMENT_3D ( 'NONE', #6099, #4809, #2568 ) ;
#4503 = CARTESIAN_POINT ( 'NONE',  ( -28.03258089225492000, 9.188275600959334710, 0.000000000000000000 ) ) ;
#4504 = DIRECTION ( 'NONE',  ( 0.3535533905932715659, 0.6123724356958009096, 0.7071067811865431318 ) ) ;
#4505 = DIRECTION ( 'NONE',  ( 0.000000000000000000, 0.000000000000000000, -1.000000000000000000 ) ) ;
#4506 = EDGE_LOOP ( 'NONE', ( #3043, #846, #4055, #4454 ) ) ;
#4507 = ORIENTED_EDGE ( 'NONE', *, *, #7051, .T. ) ;
#4508 = VERTEX_POINT ( 'NONE', #523 ) ;
#4509 = AXIS2_PLACEMENT_3D ( 'NONE', #9095, #8359, #3997 ) ;
#4510 = ORIENTED_EDGE ( 'NONE', *, *, #180, .F. ) ;
#4511 = CARTESIAN_POINT ( 'NONE',  ( -28.65693844375872956, 8.409608177149218378, 8.000000000000000000 ) ) ;
#4512 = ORIENTED_EDGE ( 'NONE', *, *, #497, .T. ) ;
#4513 = FACE_OUTER_BOUND ( 'NONE', #1281, .T. ) ;
#4514 = DIRECTION ( 'NONE',  ( 1.000000000000000000, -2.664535259100376091E-15, 0.000000000000000000 ) ) ;
#4515 = EDGE_CURVE ( 'NONE', #2567, #458, #7944, .T. ) ;
#4516 = DIRECTION ( 'NONE',  ( 1.000000000000000000, 0.000000000000000000, 0.000000000000000000 ) ) ;
#4517 = AXIS2_PLACEMENT_3D ( 'NONE', #1321, #2015, #646 ) ;
#4518 = DIRECTION ( 'NONE',  ( 0.000000000000000000, 0.000000000000000000, 1.000000000000000000 ) ) ;
#4519 = ORIENTED_EDGE ( 'NONE', *, *, #1038, .T. ) ;
#4520 = DIRECTION ( 'NONE',  ( 1.000000000000000000, 0.000000000000000000, 0.000000000000000000 ) ) ;
#4521 = AXIS2_PLACEMENT_3D ( 'NONE', #3136, #7340, #956 ) ;
#4522 = DIRECTION ( 'NONE',  ( 1.000000000000000000, 0.000000000000000000, 0.000000000000000000 ) ) ;
#4523 = AXIS2_PLACEMENT_3D ( 'NONE', #5278, #3174, #4542 ) ;
#4524 = AXIS2_PLACEMENT_3D ( 'NONE', #3132, #7999, #7293 ) ;
#4525 = CARTESIAN_POINT ( 'NONE',  ( 19.96856432075362875, -1.127581374031547456, 5.952606027195312954 ) ) ;
#4526 = CARTESIAN_POINT ( 'NONE',  ( -12.12710194139702580, 29.84451079564976084, -2.452965475130965523 ) ) ;
#4527 = VECTOR ( 'NONE', #1631, 1000.000000000000000 ) ;
#4528 = ORIENTED_EDGE ( 'NONE', *, *, #4661, .F. ) ;
#4529 = AXIS2_PLACEMENT_3D ( 'NONE', #4461, #6580, #1487 ) ;
#4530 = DIRECTION ( 'NONE',  ( 0.8660254037844400399, -0.4999999999999976130, 0.000000000000000000 ) ) ;
#4531 = VECTOR ( 'NONE', #7890, 1000.000000000000114 ) ;
#4532 = ORIENTED_EDGE ( 'NONE', *, *, #1301, .F. ) ;
#4533 = FACE_OUTER_BOUND ( 'NONE', #5086, .T. ) ;
#4534 = CONICAL_SURFACE ( 'NONE', #507, 20.00000000000000000, 0.7853981633974587151 ) ;
#4535 = DIRECTION ( 'NONE',  ( -1.000000000000000000, 0.000000000000000000, 0.000000000000000000 ) ) ;
#4536 = ORIENTED_EDGE ( 'NONE', *, *, #5408, .F. ) ;
#4537 = LINE ( 'NONE', #7996, #4395 ) ;
#4538 = EDGE_LOOP ( 'NONE', ( #2659, #7598, #2475, #6697, #2556 ) ) ;
#4539 = ORIENTED_EDGE ( 'NONE', *, *, #6941, .T. ) ;
#4540 = LINE ( 'NONE', #6929, #3454 ) ;
#4541 = DIRECTION ( 'NONE',  ( 1.000000000000000000, 0.000000000000000000, 0.000000000000000000 ) ) ;
#4542 = DIRECTION ( 'NONE',  ( 1.000000000000000000, 0.000000000000000000, 0.000000000000000000 ) ) ;
#4543 = CIRCLE ( 'NONE', #1276, 20.49999999999998934 ) ;
#4544 = CARTESIAN_POINT ( 'NONE',  ( 27.42488872379060538, -10.86855457214541687, 8.000000000000000000 ) ) ;
#4545 = CARTESIAN_POINT ( 'NONE',  ( 25.50000000000000000, 3.780293665983593066, 0.000000000000000000 ) ) ;
#4546 = ORIENTED_EDGE ( 'NONE', *, *, #3960, .T. ) ;
#4547 = EDGE_CURVE ( 'NONE', #2159, #2054, #3914, .T. ) ;
#4548 = VERTEX_POINT ( 'NONE', #7035 ) ;
#4549 = EDGE_CURVE ( 'NONE', #8173, #57, #3164, .T. ) ;
#4550 = DIRECTION ( 'NONE',  ( -1.000000000000000000, 0.000000000000000000, 0.000000000000000000 ) ) ;
#4551 = ORIENTED_EDGE ( 'NONE', *, *, #8148, .F. ) ;
#4552 = ADVANCED_FACE ( 'NONE', ( #5543 ), #8386, .F. ) ;
#4553 = EDGE_CURVE ( 'NONE', #1273, #6698, #8367, .T. ) ;
#4554 = CIRCLE ( 'NONE', #8839, 1.199999999999998401 ) ;
#4555 = VERTEX_POINT ( 'NONE', #7280 ) ;
#4556 = CARTESIAN_POINT ( 'NONE',  ( -19.31762239271888859, -15.54089653438068908, 7.500000000000007105 ) ) ;
#4557 = CARTESIAN_POINT ( 'NONE',  ( 16.44425530805236235, -11.38360520062039249, 2.999999999999961808 ) ) ;
#4558 = DIRECTION ( 'NONE',  ( 0.2039542541120019647, -0.9789804197376048567, 0.000000000000000000 ) ) ;
#4559 = DIRECTION ( 'NONE',  ( 0.000000000000000000, 0.000000000000000000, -1.000000000000000000 ) ) ;
#4560 = CARTESIAN_POINT ( 'NONE',  ( -30.00100000000001543, -1.420071687233047883E-14, 3.999999999999999112 ) ) ;
#4561 = DIRECTION ( 'NONE',  ( -0.8660254037844410391, -0.4999999999999958367, 0.000000000000000000 ) ) ;
#4562 = VECTOR ( 'NONE', #4925, 1000.000000000000000 ) ;
#4563 = LINE ( 'NONE', #4474, #1086 ) ;
#4564 = ADVANCED_FACE ( 'NONE', ( #5691 ), #4076, .T. ) ;
#4565 = EDGE_CURVE ( 'NONE', #1633, #6653, #4370, .T. ) ;
#4566 = EDGE_CURVE ( 'NONE', #8850, #2137, #1797, .T. ) ;
#4567 = CARTESIAN_POINT ( 'NONE',  ( 14.07138188272359969, 14.21253713840558852, 7.500000000000007105 ) ) ;
#4568 = CIRCLE ( 'NONE', #835, 20.49999999999998579 ) ;
#4569 = DIRECTION ( 'NONE',  ( 0.000000000000000000, 0.000000000000000000, 1.000000000000000000 ) ) ;
#4570 = CIRCLE ( 'NONE', #381, 1.000000000000000888 ) ;
#4571 = CARTESIAN_POINT ( 'NONE',  ( 19.92001924941454050, -1.798926341203267221, 5.382922913247681684 ) ) ;
#4572 = DIRECTION ( 'NONE',  ( 0.3535533905932654597, -0.6123724356957958026, 0.7071067811865505703 ) ) ;
#4573 = CIRCLE ( 'NONE', #6640, 1.500000000000001332 ) ;
#4574 = PLANE ( 'NONE',  #265 ) ;
#4575 = ORIENTED_EDGE ( 'NONE', *, *, #5127, .F. ) ;
#4576 = VERTEX_POINT ( 'NONE', #413 ) ;
#4577 = AXIS2_PLACEMENT_3D ( 'NONE', #7479, #6673, #5983 ) ;
#4578 = DIRECTION ( 'NONE',  ( 1.000000000000000000, 0.000000000000000000, 0.000000000000000000 ) ) ;
#4579 = ORIENTED_EDGE ( 'NONE', *, *, #2051, .T. ) ;
#4580 = DIRECTION ( 'NONE',  ( -1.000000000000000000, 0.000000000000000000, 0.000000000000000000 ) ) ;
#4581 = AXIS2_PLACEMENT_3D ( 'NONE', #3861, #8061, #5259 ) ;
#4582 = CARTESIAN_POINT ( 'NONE',  ( -5.111342349088787707, 29.59805928602146352, 0.4130581924817807726 ) ) ;
#4583 = VECTOR ( 'NONE', #6747, 1000.000000000000227 ) ;
#4584 = ORIENTED_EDGE ( 'NONE', *, *, #7511, .T. ) ;
#4585 = DIRECTION ( 'NONE',  ( 0.000000000000000000, 0.000000000000000000, 1.000000000000000000 ) ) ;
#4586 = ORIENTED_EDGE ( 'NONE', *, *, #5367, .T. ) ;
#4587 = ORIENTED_EDGE ( 'NONE', *, *, #8034, .F. ) ;
#4588 = CARTESIAN_POINT ( 'NONE',  ( 16.78661371934879298, 10.75355247408268333, 5.762741699796959161 ) ) ;
#4589 = DIRECTION ( 'NONE',  ( 0.000000000000000000, 0.000000000000000000, 1.000000000000000000 ) ) ;
#4590 = CYLINDRICAL_SURFACE ( 'NONE', #8223, 20.00000000000000000 ) ;
#4591 = AXIS2_PLACEMENT_3D ( 'NONE', #2837, #8505, #7125 ) ;
#4592 = CARTESIAN_POINT ( 'NONE',  ( -19.85414242961889641, 35.00955774958466549, -18.59254422619121883 ) ) ;
#4593 = CARTESIAN_POINT ( 'NONE',  ( -6.141050712857048843, 30.63661184652581682, 0.5119858766299593134 ) ) ;
#4594 = EDGE_LOOP ( 'NONE', ( #3239, #8519, #9027, #5146 ) ) ;
#4595 = ORIENTED_EDGE ( 'NONE', *, *, #5175, .F. ) ;
#4596 = DIRECTION ( 'NONE',  ( 0.1729873939250868853, -0.9810602621904069842, -0.08715574274766180185 ) ) ;
#4597 = VERTEX_POINT ( 'NONE', #7458 ) ;
#4598 = ORIENTED_EDGE ( 'NONE', *, *, #3868, .T. ) ;
#4599 = DIRECTION ( 'NONE',  ( 0.6716093422004268954, -0.2212258833615632914, 0.7071067811865517916 ) ) ;
#4600 = CONICAL_SURFACE ( 'NONE', #5186, 0.3000000000000120348, 0.7853981633974538301 ) ;
#4601 = ORIENTED_EDGE ( 'NONE', *, *, #922, .T. ) ;
#4602 = DIRECTION ( 'NONE',  ( 0.000000000000000000, 0.000000000000000000, 1.000000000000000000 ) ) ;
#4603 = CYLINDRICAL_SURFACE ( 'NONE', #8413, 2.000000000000001776 ) ;
#4604 = CARTESIAN_POINT ( 'NONE',  ( 0.000000000000000000, 0.000000000000000000, 0.4999999999999865663 ) ) ;
#4605 = CARTESIAN_POINT ( 'NONE',  ( 19.34410915545085174, 5.079905607587855698, 3.500000000000000444 ) ) ;
#4606 = CARTESIAN_POINT ( 'NONE',  ( -5.673755107442667089, 29.99934194862755987, 7.522533897391068258 ) ) ;
#4607 = ADVANCED_FACE ( 'NONE', ( #6052 ), #8890, .F. ) ;
#4608 = DIRECTION ( 'NONE',  ( 1.000000000000000000, 0.000000000000000000, 0.000000000000000000 ) ) ;
#4609 = AXIS2_PLACEMENT_3D ( 'NONE', #2586, #6818, #1116 ) ;
#4610 = DIRECTION ( 'NONE',  ( 0.6661197751396954470, 0.7458447862443241538, 0.000000000000000000 ) ) ;
#4611 = DIRECTION ( 'NONE',  ( 0.000000000000000000, 0.000000000000000000, 1.000000000000000000 ) ) ;
#4612 = CARTESIAN_POINT ( 'NONE',  ( -8.051471090958095544, -24.44308559639190648, -0.0009999999999992653654 ) ) ;
#4613 = EDGE_CURVE ( 'NONE', #2042, #4463, #8194, .T. ) ;
#4614 = EDGE_CURVE ( 'NONE', #8343, #1172, #9100, .T. ) ;
#4615 = EDGE_CURVE ( 'NONE', #9030, #3529, #1098, .T. ) ;
#4616 = DIRECTION ( 'NONE',  ( 0.000000000000000000, 0.000000000000000000, -1.000000000000000000 ) ) ;
#4617 = CYLINDRICAL_SURFACE ( 'NONE', #4677, 1.500000000000001332 ) ;
#4618 = ORIENTED_EDGE ( 'NONE', *, *, #3757, .T. ) ;
#4619 = ORIENTED_EDGE ( 'NONE', *, *, #3819, .F. ) ;
#4620 = DIRECTION ( 'NONE',  ( 1.000000000000000000, 0.000000000000000000, 0.000000000000000000 ) ) ;
#4621 = ORIENTED_EDGE ( 'NONE', *, *, #6917, .F. ) ;
#4622 = ADVANCED_FACE ( 'NONE', ( #2384 ), #8679, .T. ) ;
#4623 = ORIENTED_EDGE ( 'NONE', *, *, #1821, .F. ) ;
#4624 = AXIS2_PLACEMENT_3D ( 'NONE', #8585, #5804, #1584 ) ;
#4625 = EDGE_LOOP ( 'NONE', ( #5096, #7868, #3668, #4595 ) ) ;
#4626 = CARTESIAN_POINT ( 'NONE',  ( -3.834185162175160144, 29.75402734410992878, 5.297419599278662794 ) ) ;
#4627 = DIRECTION ( 'NONE',  ( -0.000000000000000000, -0.000000000000000000, -1.000000000000000000 ) ) ;
#4628 = EDGE_LOOP ( 'NONE', ( #1883, #3553, #7704, #2700 ) ) ;
#4629 = ORIENTED_EDGE ( 'NONE', *, *, #7985, .T. ) ;
#4630 = LINE ( 'NONE', #4588, #7776 ) ;
#4631 = CARTESIAN_POINT ( 'NONE',  ( 8.054195310851168799, 18.30657715065764179, 3.417180988884865656 ) ) ;
#4632 = CARTESIAN_POINT ( 'NONE',  ( 19.96848726220211745, -1.128896547988097687, 2.048191201605019440 ) ) ;
#4633 = DIRECTION ( 'NONE',  ( 1.000000000000000000, 0.000000000000000000, 0.000000000000000000 ) ) ;
#4634 = CARTESIAN_POINT ( 'NONE',  ( 25.19406861883199866, -5.248764295590002682, 7.500000000000007105 ) ) ;
#4635 = CARTESIAN_POINT ( 'NONE',  ( 21.27852007099593479, 5.587896168346640380, 7.500000000000007105 ) ) ;
#4636 = EDGE_LOOP ( 'NONE', ( #1924, #3822, #876, #3497 ) ) ;
#4637 = ORIENTED_EDGE ( 'NONE', *, *, #1490, .F. ) ;
#4638 = ORIENTED_EDGE ( 'NONE', *, *, #8065, .T. ) ;
#4639 = EDGE_CURVE ( 'NONE', #8847, #7468, #238, .T. ) ;
#4640 = ORIENTED_EDGE ( 'NONE', *, *, #169, .F. ) ;
#4641 = DIRECTION ( 'NONE',  ( -1.000000000000000000, 0.000000000000000000, 0.000000000000000000 ) ) ;
#4642 = CARTESIAN_POINT ( 'NONE',  ( -23.99999999999999645, 3.780293665983593066, 7.500000000000009770 ) ) ;
#4643 = DIRECTION ( 'NONE',  ( 0.6719331540025103022, 0.2202404062660779926, 0.7071067811865416886 ) ) ;
#4644 = CARTESIAN_POINT ( 'NONE',  ( -3.150000000000030997, 5.455960043842076779, 0.000000000000000000 ) ) ;
#4645 = CARTESIAN_POINT ( 'NONE',  ( -9.899732532898358528, 34.55380129446886883, 6.295224554883788848 ) ) ;
#4646 = LINE ( 'NONE', #7489, #930 ) ;
#4647 = AXIS2_PLACEMENT_3D ( 'NONE', #4012, #8295, #469 ) ;
#4648 = EDGE_CURVE ( 'NONE', #5228, #6942, #5386, .T. ) ;
#4649 = DIRECTION ( 'NONE',  ( -0.000000000000000000, -0.000000000000000000, 1.000000000000000000 ) ) ;
#4650 = CARTESIAN_POINT ( 'NONE',  ( -19.27852007099597387, -5.587896168346493830, 3.500000000000000444 ) ) ;
#4651 = CARTESIAN_POINT ( 'NONE',  ( -25.65693844375873667, -8.409608177149221930, 0.4999999999999831246 ) ) ;
#4652 = CARTESIAN_POINT ( 'NONE',  ( -5.272727272727273373, -19.29244274599351883, 2.999999999999746869 ) ) ;
#4653 = CIRCLE ( 'NONE', #3604, 29.50000000000001066 ) ;
#4654 = CARTESIAN_POINT ( 'NONE',  ( 25.09209149177599940, -5.738254505458799670, 8.000000000000000000 ) ) ;
#4655 = DIRECTION ( 'NONE',  ( -0.9789804197376049677, 0.2039542541120011598, 0.000000000000000000 ) ) ;
#4656 = EDGE_CURVE ( 'NONE', #6657, #1456, #1853, .T. ) ;
#4657 = AXIS2_PLACEMENT_3D ( 'NONE', #1735, #1019, #4608 ) ;
#4658 = AXIS2_PLACEMENT_3D ( 'NONE', #4459, #8127, #6023 ) ;
#4659 = ADVANCED_FACE ( 'NONE', ( #6655 ), #8066, .F. ) ;
#4660 = CARTESIAN_POINT ( 'NONE',  ( -17.14259752787349811, -19.19432130080199528, 7.500000000000009770 ) ) ;
#4661 = EDGE_CURVE ( 'NONE', #7979, #3834, #6006, .T. ) ;
#4662 = ORIENTED_EDGE ( 'NONE', *, *, #8417, .F. ) ;
#4663 = DIRECTION ( 'NONE',  ( -0.000000000000000000, -0.000000000000000000, 1.000000000000000000 ) ) ;
#4664 = EDGE_LOOP ( 'NONE', ( #764, #431, #2135, #4929 ) ) ;
#4665 = VECTOR ( 'NONE', #6025, 1000.000000000000114 ) ;
#4666 = ORIENTED_EDGE ( 'NONE', *, *, #3398, .T. ) ;
#4667 = DIRECTION ( 'NONE',  ( -0.3535533905932696785, -0.6123724356958006876, 0.7071067811865442421 ) ) ;
#4668 = CARTESIAN_POINT ( 'NONE',  ( -23.36679327408270268, -7.717321694993468206, 3.000000000000000000 ) ) ;
#4669 = ADVANCED_FACE ( 'NONE', ( #3911 ), #4142, .F. ) ;
#4670 = VECTOR ( 'NONE', #5181, 1000.000000000000000 ) ;
#4671 = CARTESIAN_POINT ( 'NONE',  ( -0.1019771270559940018, 0.4894902098687689551, 0.000000000000000000 ) ) ;
#4672 = ORIENTED_EDGE ( 'NONE', *, *, #8527, .T. ) ;
#4673 = AXIS2_PLACEMENT_3D ( 'NONE', #2244, #7264, #879 ) ;
#4674 = VERTEX_POINT ( 'NONE', #4043 ) ;
#4675 = EDGE_LOOP ( 'NONE', ( #5705, #963, #83, #1836 ) ) ;
#4676 = CARTESIAN_POINT ( 'NONE',  ( -6.754034138861511494, 30.57401029349516008, 0.000000000000000000 ) ) ;
#4677 = AXIS2_PLACEMENT_3D ( 'NONE', #7634, #3998, #1119 ) ;
#4678 = CARTESIAN_POINT ( 'NONE',  ( -2.249999999999998224, -24.50000000000000000, -0.001000000000000132727 ) ) ;
#4679 = DIRECTION ( 'NONE',  ( -0.1452327902350251110, -0.6920313841442158331, 0.7071067811865403563 ) ) ;
#4680 = CIRCLE ( 'NONE', #1113, 20.50000000000003908 ) ;
#4681 = EDGE_CURVE ( 'NONE', #3216, #5689, #4653, .T. ) ;
#4682 = CIRCLE ( 'NONE', #5406, 0.8999999999999893641 ) ;
#4683 = ORIENTED_EDGE ( 'NONE', *, *, #5637, .T. ) ;
#4684 = LINE ( 'NONE', #2493, #7410 ) ;
#4685 = VERTEX_POINT ( 'NONE', #4896 ) ;
#4686 = ORIENTED_EDGE ( 'NONE', *, *, #3126, .F. ) ;
#4687 = ORIENTED_EDGE ( 'NONE', *, *, #7853, .F. ) ;
#4688 = LINE ( 'NONE', #6105, #628 ) ;
#4689 = FACE_OUTER_BOUND ( 'NONE', #6545, .T. ) ;
#4690 = VECTOR ( 'NONE', #2151, 1000.000000000000000 ) ;
#4691 = CYLINDRICAL_SURFACE ( 'NONE', #6813, 1.500000000000003109 ) ;
#4692 = FACE_OUTER_BOUND ( 'NONE', #346, .T. ) ;
#4693 = DIRECTION ( 'NONE',  ( 0.000000000000000000, 0.000000000000000000, -1.000000000000000000 ) ) ;
#4694 = ORIENTED_EDGE ( 'NONE', *, *, #1346, .F. ) ;
#4695 = VECTOR ( 'NONE', #1580, 1000.000000000000000 ) ;
#4696 = VERTEX_POINT ( 'NONE', #556 ) ;
#4697 = CYLINDRICAL_SURFACE ( 'NONE', #1918, 1.000000000000000888 ) ;
#4698 = CARTESIAN_POINT ( 'NONE',  ( -19.96851431325740123, 1.128423107468542463, 2.047914812324407308 ) ) ;
#4699 = CARTESIAN_POINT ( 'NONE',  ( 26.16682407903874008, 5.962157127805205903, 8.000000000000000000 ) ) ;
#4700 = CARTESIAN_POINT ( 'NONE',  ( 17.14259752787362956, 19.19432130080187804, 7.500000000000007105 ) ) ;
#4701 = AXIS2_PLACEMENT_3D ( 'NONE', #8128, #8606, #7474 ) ;
#4702 = DIRECTION ( 'NONE',  ( 1.000000000000000000, 0.000000000000000000, 0.000000000000000000 ) ) ;
#4703 = DIRECTION ( 'NONE',  ( 1.000000000000000000, 8.673617379884027583E-16, 0.000000000000000000 ) ) ;
#4704 = AXIS2_PLACEMENT_3D ( 'NONE', #2205, #5679, #839 ) ;
#4705 = LINE ( 'NONE', #8277, #5616 ) ;
#4706 = CONICAL_SURFACE ( 'NONE', #2033, 2.500000000000011102, 0.7853981633974543852 ) ;
#4707 = LINE ( 'NONE', #6184, #3187 ) ;
#4708 = ORIENTED_EDGE ( 'NONE', *, *, #1226, .T. ) ;
#4709 = EDGE_LOOP ( 'NONE', ( #6860, #342, #4694, #8897 ) ) ;
#4710 = CARTESIAN_POINT ( 'NONE',  ( -5.160020554686168381, 29.98065750852096656, 0.5074225757411873206 ) ) ;
#4711 = ORIENTED_EDGE ( 'NONE', *, *, #2881, .F. ) ;
#4712 = EDGE_CURVE ( 'NONE', #8340, #1592, #1392, .T. ) ;
#4713 = ORIENTED_EDGE ( 'NONE', *, *, #4199, .T. ) ;
#4714 = EDGE_CURVE ( 'NONE', #6531, #3806, #1212, .T. ) ;
#4715 = VERTEX_POINT ( 'NONE', #6133 ) ;
#4716 = CARTESIAN_POINT ( 'NONE',  ( -5.545534904594551229, -26.42436456420330515, 0.000000000000000000 ) ) ;
#4717 = VERTEX_POINT ( 'NONE', #4751 ) ;
#4718 = VECTOR ( 'NONE', #4812, 1000.000000000000000 ) ;
#4719 = ORIENTED_EDGE ( 'NONE', *, *, #2904, .F. ) ;
#4720 = EDGE_CURVE ( 'NONE', #7003, #8842, #2558, .T. ) ;
#4721 = ORIENTED_EDGE ( 'NONE', *, *, #6639, .F. ) ;
#4722 = EDGE_CURVE ( 'NONE', #7134, #8888, #8467, .T. ) ;
#4723 =( NAMED_UNIT ( * ) SI_UNIT ( $, .STERADIAN. ) SOLID_ANGLE_UNIT ( ) );
#4724 = DIRECTION ( 'NONE',  ( 1.000000000000000000, 0.000000000000000000, 0.000000000000000000 ) ) ;
#4725 = DIRECTION ( 'NONE',  ( -0.3535533905932700671, -0.6123724356957812587, 0.7071067811865610064 ) ) ;
#4726 = CONICAL_SURFACE ( 'NONE', #2374, 30.00000000000000000, 0.7853981633974517207 ) ;
#4727 = CIRCLE ( 'NONE', #2792, 2.500000000000003997 ) ;
#4728 = LINE ( 'NONE', #3226, #9009 ) ;
#4729 = EDGE_LOOP ( 'NONE', ( #1614, #1478, #3981, #5357 ) ) ;
#4730 = ORIENTED_EDGE ( 'NONE', *, *, #2226, .T. ) ;
#4731 = DIRECTION ( 'NONE',  ( -0.4999999999999916178, 0.8660254037844434816, 0.000000000000000000 ) ) ;
#4732 = VECTOR ( 'NONE', #6322, 1000.000000000000227 ) ;
#4733 = CYLINDRICAL_SURFACE ( 'NONE', #1036, 30.00000000000000000 ) ;
#4734 = LINE ( 'NONE', #3322, #1734 ) ;
#4735 = DIRECTION ( 'NONE',  ( 0.1729873939250869130, -0.9810602621904068732, -0.08715574274766207941 ) ) ;
#4736 = ORIENTED_EDGE ( 'NONE', *, *, #8285, .T. ) ;
#4737 = AXIS2_PLACEMENT_3D ( 'NONE', #7207, #9192, #2826 ) ;
#4738 = CARTESIAN_POINT ( 'NONE',  ( -21.27852007099597387, -5.587896168346493830, 8.000000000000000000 ) ) ;
#4739 = LINE ( 'NONE', #8228, #2767 ) ;
#4740 = DIRECTION ( 'NONE',  ( 0.000000000000000000, 0.000000000000000000, 1.000000000000000000 ) ) ;
#4741 = CARTESIAN_POINT ( 'NONE',  ( -3.977483501227964791, 29.73515806242602366, 7.500000000000024869 ) ) ;
#4742 = VECTOR ( 'NONE', #6465, 1000.000000000000000 ) ;
#4743 = DIRECTION ( 'NONE',  ( 1.000000000000000000, 0.000000000000000000, 0.000000000000000000 ) ) ;
#4744 = ORIENTED_EDGE ( 'NONE', *, *, #2841, .F. ) ;
#4745 = VECTOR ( 'NONE', #8318, 1000.000000000000000 ) ;
#4746 = VERTEX_POINT ( 'NONE', #6934 ) ;
#4747 = CARTESIAN_POINT ( 'NONE',  ( 19.06762239271878911, 15.97390923627303749, 8.000000000000000000 ) ) ;
#4748 = DIRECTION ( 'NONE',  ( -0.000000000000000000, -0.000000000000000000, -1.000000000000000000 ) ) ;
#4749 = EDGE_CURVE ( 'NONE', #289, #8583, #3393, .T. ) ;
#4750 = DIRECTION ( 'NONE',  ( 0.8660254037844328234, -0.5000000000000101030, 0.000000000000000000 ) ) ;
#4751 = CARTESIAN_POINT ( 'NONE',  ( -21.74383189216822032, 33.34216015307228531, -3.574313338690692454 ) ) ;
#4752 = ORIENTED_EDGE ( 'NONE', *, *, #8759, .F. ) ;
#4753 = ORIENTED_EDGE ( 'NONE', *, *, #1123, .F. ) ;
#4754 = CARTESIAN_POINT ( 'NONE',  ( 11.88507440551854266, 16.08555272209468967, 3.853095518495520455 ) ) ;
#4755 = DIRECTION ( 'NONE',  ( -0.000000000000000000, -0.000000000000000000, -1.000000000000000000 ) ) ;
#4756 = LINE ( 'NONE', #3303, #6057 ) ;
#4757 = DIRECTION ( 'NONE',  ( 0.1442174361344424893, -0.6922436934453173318, 0.7071067811865429098 ) ) ;
#4758 = CARTESIAN_POINT ( 'NONE',  ( 16.38661371934879440, 10.75355247408268333, 0.4999999999999831246 ) ) ;
#4759 = EDGE_CURVE ( 'NONE', #1145, #7346, #1839, .T. ) ;
#4760 = ORIENTED_EDGE ( 'NONE', *, *, #8645, .F. ) ;
#4761 = DIRECTION ( 'NONE',  ( 0.4999999999999976130, 0.8660254037844400399, 0.000000000000000000 ) ) ;
#4762 = SURFACE_SIDE_STYLE ('',( #8900 ) ) ;
#4763 = DIRECTION ( 'NONE',  ( -0.000000000000000000, -0.000000000000000000, -1.000000000000000000 ) ) ;
#4764 = ADVANCED_FACE ( 'NONE', ( #8283 ), #3353, .T. ) ;
#4765 = ORIENTED_EDGE ( 'NONE', *, *, #8036, .F. ) ;
#4766 = ORIENTED_EDGE ( 'NONE', *, *, #7139, .T. ) ;
#4767 = EDGE_CURVE ( 'NONE', #3598, #7585, #7769, .T. ) ;
#4768 = ADVANCED_FACE ( 'NONE', ( #9016 ), #2704, .F. ) ;
#4769 = EDGE_LOOP ( 'NONE', ( #8175, #6610, #6059, #1796 ) ) ;
#4770 = ORIENTED_EDGE ( 'NONE', *, *, #5970, .F. ) ;
#4771 = FACE_BOUND ( 'NONE', #7101, .T. ) ;
#4772 = ORIENTED_EDGE ( 'NONE', *, *, #6582, .T. ) ;
#4773 = CARTESIAN_POINT ( 'NONE',  ( -25.19406861883199511, -5.248764295590000017, 7.500000000000009770 ) ) ;
#4774 = PLANE ( 'NONE',  #1579 ) ;
#4775 = DIRECTION ( 'NONE',  ( 0.000000000000000000, 0.000000000000000000, 1.000000000000000000 ) ) ;
#4776 = PLANE ( 'NONE',  #3326 ) ;
#4777 = CARTESIAN_POINT ( 'NONE',  ( 16.38661371934879440, 10.75355247408268333, 0.4999999999999831246 ) ) ;
#4778 = CARTESIAN_POINT ( 'NONE',  ( -4.365385707602945864, 29.20124825942566105, 7.999999999999998224 ) ) ;
#4779 = ORIENTED_EDGE ( 'NONE', *, *, #737, .T. ) ;
#4780 = VERTEX_POINT ( 'NONE', #1361 ) ;
#4781 = CARTESIAN_POINT ( 'NONE',  ( 27.67149588207851707, -11.58828355055664971, 7.500000000000007105 ) ) ;
#4782 = ADVANCED_FACE ( 'NONE', ( #9057 ), #3487, .F. ) ;
#4783 = CARTESIAN_POINT ( 'NONE',  ( 20.27852007099588860, -7.319946975915660126, 7.500000000000007105 ) ) ;
#4784 = DIRECTION ( 'NONE',  ( 0.000000000000000000, 0.000000000000000000, 1.000000000000000000 ) ) ;
#4785 = CARTESIAN_POINT ( 'NONE',  ( -4.372791768344872487, 29.70741456157621485, 7.505306565837909005 ) ) ;
#4786 = PRESENTATION_LAYER_ASSIGNMENT (  '', '', ( #6847 ) ) ;
#4787 = CYLINDRICAL_SURFACE ( 'NONE', #4940, 3.800000000000000711 ) ;
#4788 = ORIENTED_EDGE ( 'NONE', *, *, #5940, .F. ) ;
#4789 = DIRECTION ( 'NONE',  ( 0.3535533905932740084, 0.6123724356957996884, 0.7071067811865429098 ) ) ;
#4790 = EDGE_CURVE ( 'NONE', #5823, #3465, #7022, .T. ) ;
#4791 = AXIS2_PLACEMENT_3D ( 'NONE', #8272, #1255, #1913 ) ;
#4792 = CARTESIAN_POINT ( 'NONE',  ( -3.589199869236606499, 29.28084090832557251, 0.000000000000000000 ) ) ;
#4793 = DIRECTION ( 'NONE',  ( 0.000000000000000000, 0.000000000000000000, 1.000000000000000000 ) ) ;
#4794 = CARTESIAN_POINT ( 'NONE',  ( 2.249999999999998224, 24.50000000000000000, 0.000000000000000000 ) ) ;
#4795 = ORIENTED_EDGE ( 'NONE', *, *, #7985, .F. ) ;
#4796 = LINE ( 'NONE', #8372, #7949 ) ;
#4797 = FACE_OUTER_BOUND ( 'NONE', #3654, .T. ) ;
#4798 = ORIENTED_EDGE ( 'NONE', *, *, #6856, .T. ) ;
#4799 = LINE ( 'NONE', #7643, #947 ) ;
#4800 = VECTOR ( 'NONE', #3508, 1000.000000000000000 ) ;
#4801 = CARTESIAN_POINT ( 'NONE',  ( -17.02050807568852164, -9.999999999999973355, 0.000000000000000000 ) ) ;
#4802 = FACE_OUTER_BOUND ( 'NONE', #8346, .T. ) ;
#4803 = ORIENTED_EDGE ( 'NONE', *, *, #8312, .T. ) ;
#4804 = ORIENTED_EDGE ( 'NONE', *, *, #1653, .T. ) ;
#4805 = CIRCLE ( 'NONE', #1240, 1.500000000000011768 ) ;
#4806 = LINE ( 'NONE', #8477, #5847 ) ;
#4807 = VECTOR ( 'NONE', #8468, 1000.000000000000114 ) ;
#4808 = EDGE_LOOP ( 'NONE', ( #4804, #3828, #7756, #2533 ) ) ;
#4809 = DIRECTION ( 'NONE',  ( 0.000000000000000000, 0.000000000000000000, -1.000000000000000000 ) ) ;
#4810 = DIRECTION ( 'NONE',  ( 1.000000000000000000, 0.000000000000000000, 0.000000000000000000 ) ) ;
#4811 = AXIS2_PLACEMENT_3D ( 'NONE', #5433, #3433, #9104 ) ;
#4812 = DIRECTION ( 'NONE',  ( 0.1729873939250869408, -0.9810602621904070952, -0.08715574274766076102 ) ) ;
#4813 = AXIS2_PLACEMENT_3D ( 'NONE', #8742, #3185, #5359 ) ;
#4814 = ORIENTED_EDGE ( 'NONE', *, *, #7281, .T. ) ;
#4815 = ORIENTED_EDGE ( 'NONE', *, *, #318, .F. ) ;
#4816 = DIRECTION ( 'NONE',  ( 0.4999999999999976130, 0.8660254037844400399, 0.000000000000000000 ) ) ;
#4817 = CARTESIAN_POINT ( 'NONE',  ( 8.726169651492750035, 22.67475652381834195, 7.500000000000007105 ) ) ;
#4818 = FACE_OUTER_BOUND ( 'NONE', #5788, .T. ) ;
#4819 = AXIS2_PLACEMENT_3D ( 'NONE', #6710, #340, #2487 ) ;
#4820 = ADVANCED_FACE ( 'NONE', ( #4797 ), #4096, .F. ) ;
#4821 = DIRECTION ( 'NONE',  ( 1.000000000000000000, 0.000000000000000000, 0.000000000000000000 ) ) ;
#4822 = CONICAL_SURFACE ( 'NONE', #649, 1.500000000000008216, 0.7853981633974460586 ) ;
#4823 = CARTESIAN_POINT ( 'NONE',  ( 25.65693844375873667, 8.409608177149221930, 8.000000000000000000 ) ) ;
#4824 = VERTEX_POINT ( 'NONE', #7546 ) ;
#4825 = EDGE_CURVE ( 'NONE', #5354, #8340, #7640, .T. ) ;
#4826 = ADVANCED_FACE ( 'NONE', ( #2694 ), #5531, .T. ) ;
#4827 = ORIENTED_EDGE ( 'NONE', *, *, #6808, .F. ) ;
#4828 = EDGE_CURVE ( 'NONE', #5228, #4114, #5528, .T. ) ;
#4829 = AXIS2_PLACEMENT_3D ( 'NONE', #2079, #4113, #8393 ) ;
#4830 = VERTEX_POINT ( 'NONE', #8831 ) ;
#4831 = DIRECTION ( 'NONE',  ( 1.000000000000000000, 0.000000000000000000, 0.000000000000000000 ) ) ;
#4832 = CIRCLE ( 'NONE', #3050, 1.999999999999998224 ) ;
#4833 = CARTESIAN_POINT ( 'NONE',  ( -19.94501453072229680, 1.485764197185314606, 2.303810620186167224 ) ) ;
#4834 = CARTESIAN_POINT ( 'NONE',  ( -4.452197903938689194, 29.70933466827047553, 7.506386159678175574 ) ) ;
#4835 = CARTESIAN_POINT ( 'NONE',  ( 0.000000000000000000, 0.000000000000000000, 8.000000000000000000 ) ) ;
#4836 = CYLINDRICAL_SURFACE ( 'NONE', #2603, 4.000000000000001776 ) ;
#4837 = ORIENTED_EDGE ( 'NONE', *, *, #6205, .T. ) ;
#4838 = EDGE_CURVE ( 'NONE', #5241, #107, #5242, .T. ) ;
#4839 = EDGE_CURVE ( 'NONE', #321, #9035, #4353, .T. ) ;
#4840 = CARTESIAN_POINT ( 'NONE',  ( -15.47852007099606553, -15.63379085224603848, -0.0009999999999992653654 ) ) ;
#4841 = EDGE_CURVE ( 'NONE', #6531, #8777, #433, .T. ) ;
#4842 = ORIENTED_EDGE ( 'NONE', *, *, #6816, .F. ) ;
#4843 = VECTOR ( 'NONE', #8982, 1000.000000000000000 ) ;
#4844 = ORIENTED_EDGE ( 'NONE', *, *, #5567, .T. ) ;
#4845 = CARTESIAN_POINT ( 'NONE',  ( 23.46762239271877348, 12.24999999999995381, 3.500000000000000444 ) ) ;
#4846 = CARTESIAN_POINT ( 'NONE',  ( 21.27852007099589571, -5.587896168346787817, -0.0009999999999992653654 ) ) ;
#4847 = CARTESIAN_POINT ( 'NONE',  ( -17.14259752787349811, -19.19432130080199528, 0.4999999999999831246 ) ) ;
#4848 = DIRECTION ( 'NONE',  ( -0.000000000000000000, -0.000000000000000000, -1.000000000000000000 ) ) ;
#4849 = EDGE_CURVE ( 'NONE', #7301, #1681, #4688, .T. ) ;
#4850 = EDGE_CURVE ( 'NONE', #6248, #7668, #5844, .T. ) ;
#4851 = CONICAL_SURFACE ( 'NONE', #4704, 1.500000000000011768, 0.7853981633974543852 ) ;
#4852 = DIRECTION ( 'NONE',  ( -1.000000000000000000, 0.000000000000000000, 0.000000000000000000 ) ) ;
#4853 = VERTEX_POINT ( 'NONE', #8095 ) ;
#4854 = CIRCLE ( 'NONE', #3069, 20.49999999999998934 ) ;
#4855 = CARTESIAN_POINT ( 'NONE',  ( -16.02383034850701193, -20.19350096351154278, 8.000000000000000000 ) ) ;
#4856 = EDGE_LOOP ( 'NONE', ( #20, #3575, #1134, #4886 ) ) ;
#4857 = ORIENTED_EDGE ( 'NONE', *, *, #7162, .F. ) ;
#4858 = VECTOR ( 'NONE', #6821, 1000.000000000000000 ) ;
#4859 = DIRECTION ( 'NONE',  ( 0.5000000000000035527, 0.8660254037844365982, 0.000000000000000000 ) ) ;
#4860 = EDGE_LOOP ( 'NONE', ( #9180, #3665, #6660, #5188 ) ) ;
#4861 = CARTESIAN_POINT ( 'NONE',  ( -9.366610924134144867, -17.67159302880089555, 6.135406941728072105 ) ) ;
#4862 = CARTESIAN_POINT ( 'NONE',  ( 22.54855367578806025, -16.82892531120465662, 0.000000000000000000 ) ) ;
#4863 = ORIENTED_EDGE ( 'NONE', *, *, #9008, .T. ) ;
#4864 = CARTESIAN_POINT ( 'NONE',  ( 0.000000000000000000, 0.000000000000000000, 0.4999999999999865663 ) ) ;
#4865 = CONICAL_SURFACE ( 'NONE', #698, 3.800000000000001155, 0.7853981633974445042 ) ;
#4866 = DIRECTION ( 'NONE',  ( 0.000000000000000000, 0.000000000000000000, -1.000000000000000000 ) ) ;
#4867 = ORIENTED_EDGE ( 'NONE', *, *, #2676, .T. ) ;
#4868 = ORIENTED_EDGE ( 'NONE', *, *, #6193, .T. ) ;
#4869 = DIRECTION ( 'NONE',  ( 0.000000000000000000, 0.000000000000000000, 1.000000000000000000 ) ) ;
#4870 = DIRECTION ( 'NONE',  ( 0.6719331540025103022, 0.2202404062660796302, 0.7071067811865411334 ) ) ;
#4871 = DIRECTION ( 'NONE',  ( 0.6839175379916028197, 0.1796017851456463421, 0.7071067811865486830 ) ) ;
#4872 = DIRECTION ( 'NONE',  ( 1.000000000000000000, 0.000000000000000000, 0.000000000000000000 ) ) ;
#4873 = AXIS2_PLACEMENT_3D ( 'NONE', #714, #2991, #4250 ) ;
#4874 = DIRECTION ( 'NONE',  ( -0.000000000000000000, -0.000000000000000000, -1.000000000000000000 ) ) ;
#4875 = DIRECTION ( 'NONE',  ( -0.000000000000000000, -0.000000000000000000, -1.000000000000000000 ) ) ;
#4876 = EDGE_LOOP ( 'NONE', ( #4189, #6392 ) ) ;
#4877 = VERTEX_POINT ( 'NONE', #4557 ) ;
#4878 = ORIENTED_EDGE ( 'NONE', *, *, #326, .F. ) ;
#4879 = CARTESIAN_POINT ( 'NONE',  ( -2.249999999999998224, -24.50000000000000000, 3.500000000000000444 ) ) ;
#4880 = VECTOR ( 'NONE', #7377, 1000.000000000000000 ) ;
#4881 = CARTESIAN_POINT ( 'NONE',  ( -19.99834137486167407, 0.2952712999956208506, 1.764608646242188161 ) ) ;
#4882 = ADVANCED_FACE ( 'NONE', ( #393 ), #9086, .T. ) ;
#4883 = LINE ( 'NONE', #7540, #1750 ) ;
#4884 = DIRECTION ( 'NONE',  ( -0.000000000000000000, -0.000000000000000000, 1.000000000000000000 ) ) ;
#4885 = CARTESIAN_POINT ( 'NONE',  ( 3.299999999999747580, -27.94208295743178638, 3.500000000000000444 ) ) ;
#4886 = ORIENTED_EDGE ( 'NONE', *, *, #4838, .F. ) ;
#4887 = VECTOR ( 'NONE', #3858, 1000.000000000000114 ) ;
#4888 = DIRECTION ( 'NONE',  ( 0.000000000000000000, 0.000000000000000000, 1.000000000000000000 ) ) ;
#4889 = VERTEX_POINT ( 'NONE', #1856 ) ;
#4890 = EDGE_CURVE ( 'NONE', #6215, #2097, #7018, .T. ) ;
#4891 = AXIS2_PLACEMENT_3D ( 'NONE', #4921, #7155, #7758 ) ;
#4892 = DIRECTION ( 'NONE',  ( 0.000000000000000000, 0.000000000000000000, -1.000000000000000000 ) ) ;
#4893 = ADVANCED_FACE ( 'NONE', ( #3232 ), #4947, .T. ) ;
#4894 = DIRECTION ( 'NONE',  ( 0.3535533905932793930, 0.6123724356957894743, 0.7071067811865489050 ) ) ;
#4895 = DIRECTION ( 'NONE',  ( 0.8660254037844400399, -0.4999999999999976130, 0.000000000000000000 ) ) ;
#4896 = CARTESIAN_POINT ( 'NONE',  ( 16.58868083885763767, -12.52196572068243086, 3.500000000000000444 ) ) ;
#4897 = DIRECTION ( 'NONE',  ( 0.9848077530122084644, 0.1736481776669282218, 0.000000000000000000 ) ) ;
#4898 = CARTESIAN_POINT ( 'NONE',  ( 18.71320343559646204, 16.57757573283802799, 0.3000000000000112022 ) ) ;
#4899 = AXIS2_PLACEMENT_3D ( 'NONE', #6729, #6082, #405 ) ;
#4900 = FACE_OUTER_BOUND ( 'NONE', #2679, .T. ) ;
#4901 = ORIENTED_EDGE ( 'NONE', *, *, #5568, .F. ) ;
#4902 = ADVANCED_FACE ( 'NONE', ( #7527 ), #5358, .T. ) ;
#4903 = ORIENTED_EDGE ( 'NONE', *, *, #3581, .T. ) ;
#4904 = DIRECTION ( 'NONE',  ( -0.000000000000000000, -0.000000000000000000, -1.000000000000000000 ) ) ;
#4905 = CARTESIAN_POINT ( 'NONE',  ( 19.87470519400314117, 2.235379900150297416, 3.704863056815869360 ) ) ;
#4906 = DIRECTION ( 'NONE',  ( -1.000000000000000000, 0.000000000000000000, 0.000000000000000000 ) ) ;
#4907 = DIRECTION ( 'NONE',  ( 0.1729873939250868575, -0.9810602621904067622, -0.08715574274766416107 ) ) ;
#4908 = ORIENTED_EDGE ( 'NONE', *, *, #1673, .T. ) ;
#4909 = LINE ( 'NONE', #6154, #5170 ) ;
#4910 = ORIENTED_EDGE ( 'NONE', *, *, #4939, .F. ) ;
#4911 = DIRECTION ( 'NONE',  ( -1.000000000000000000, 0.000000000000000000, 0.000000000000000000 ) ) ;
#4912 = ORIENTED_EDGE ( 'NONE', *, *, #7918, .F. ) ;
#4913 = LINE ( 'NONE', #5657, #4800 ) ;
#4914 = AXIS2_PLACEMENT_3D ( 'NONE', #4604, #2501, #3945 ) ;
#4915 = CYLINDRICAL_SURFACE ( 'NONE', #5065, 1.199999999999997735 ) ;
#4916 = DIRECTION ( 'NONE',  ( 0.1442174361344426281, 0.6922436934453167767, 0.7071067811865434649 ) ) ;
#4917 = DIRECTION ( 'NONE',  ( -0.000000000000000000, -0.000000000000000000, 1.000000000000000000 ) ) ;
#4918 = FACE_OUTER_BOUND ( 'NONE', #3803, .T. ) ;
#4919 = VERTEX_POINT ( 'NONE', #4019 ) ;
#4920 = ORIENTED_EDGE ( 'NONE', *, *, #3694, .T. ) ;
#4921 = CARTESIAN_POINT ( 'NONE',  ( 3.799999999999999378, 17.50000000000000000, 7.500000000000007105 ) ) ;
#4922 = CARTESIAN_POINT ( 'NONE',  ( -8.476169651492602597, -22.24174382192618893, 0.000000000000000000 ) ) ;
#4923 = CARTESIAN_POINT ( 'NONE',  ( -23.86679327408269558, -6.851296291209027167, 0.2999999999999947153 ) ) ;
#4924 = DIRECTION ( 'NONE',  ( -0.000000000000000000, -0.000000000000000000, 1.000000000000000000 ) ) ;
#4925 = DIRECTION ( 'NONE',  ( -0.000000000000000000, -0.000000000000000000, 1.000000000000000000 ) ) ;
#4926 = VERTEX_POINT ( 'NONE', #5290 ) ;
#4927 = DIRECTION ( 'NONE',  ( -0.000000000000000000, -0.000000000000000000, -1.000000000000000000 ) ) ;
#4928 = EDGE_CURVE ( 'NONE', #6704, #2125, #3014, .T. ) ;
#4929 = ORIENTED_EDGE ( 'NONE', *, *, #5113, .F. ) ;
#4930 = LINE ( 'NONE', #7766, #8018 ) ;
#4931 = FACE_OUTER_BOUND ( 'NONE', #5809, .T. ) ;
#4932 = CARTESIAN_POINT ( 'NONE',  ( 23.11762239271871167, -8.959103465619239870, 7.500000000000007105 ) ) ;
#4933 = CARTESIAN_POINT ( 'NONE',  ( -19.99998751389647111, 0.1503849507948960551, 6.249889012382967124 ) ) ;
#4934 = LINE ( 'NONE', #7227, #4054 ) ;
#4935 = CARTESIAN_POINT ( 'NONE',  ( -24.05961359711026049, -8.117321694993467673, 0.2999999999999947153 ) ) ;
#4936 = EDGE_CURVE ( 'NONE', #1530, #7235, #475, .T. ) ;
#4937 = EDGE_CURVE ( 'NONE', #8092, #2567, #8214, .T. ) ;
#4938 = CYLINDRICAL_SURFACE ( 'NONE', #5601, 2.250000000000001332 ) ;
#4939 = EDGE_CURVE ( 'NONE', #4280, #7136, #1695, .T. ) ;
#4940 = AXIS2_PLACEMENT_3D ( 'NONE', #2095, #4924, #4743 ) ;
#4941 = FACE_OUTER_BOUND ( 'NONE', #8193, .T. ) ;
#4942 = ORIENTED_EDGE ( 'NONE', *, *, #3906, .T. ) ;
#4943 = ORIENTED_EDGE ( 'NONE', *, *, #1317, .F. ) ;
#4944 = ORIENTED_EDGE ( 'NONE', *, *, #8460, .T. ) ;
#4945 = CARTESIAN_POINT ( 'NONE',  ( 19.31474539002209667, -6.031859552644145417, 3.233568516948610583 ) ) ;
#4946 = DIRECTION ( 'NONE',  ( 0.000000000000000000, -1.000000000000000000, 0.000000000000000000 ) ) ;
#4947 = CONICAL_SURFACE ( 'NONE', #7335, 1.500000000000011768, 0.7853981633974447263 ) ;
#4948 = CARTESIAN_POINT ( 'NONE',  ( -23.46762239271885875, -12.24999999999980460, -0.001000000000000132727 ) ) ;
#4949 = DIRECTION ( 'NONE',  ( 1.000000000000000000, 0.000000000000000000, 0.000000000000000000 ) ) ;
#4950 = CYLINDRICAL_SURFACE ( 'NONE', #6127, 30.00000000000000000 ) ;
#4951 = EDGE_CURVE ( 'NONE', #4285, #6825, #6866, .T. ) ;
#4952 = EDGE_CURVE ( 'NONE', #4403, #992, #3892, .T. ) ;
#4953 = EDGE_CURVE ( 'NONE', #5986, #833, #3184, .T. ) ;
#4954 = DIRECTION ( 'NONE',  ( -0.000000000000000000, -0.000000000000000000, -1.000000000000000000 ) ) ;
#4955 = ORIENTED_EDGE ( 'NONE', *, *, #3868, .F. ) ;
#4956 = AXIS2_PLACEMENT_3D ( 'NONE', #3886, #1092, #341 ) ;
#4957 = CARTESIAN_POINT ( 'NONE',  ( 1.522101798207117218, 39.05592785057200444, -21.71238604893272139 ) ) ;
#4958 = ORIENTED_EDGE ( 'NONE', *, *, #2101, .F. ) ;
#4959 = VECTOR ( 'NONE', #5978, 1000.000000000000000 ) ;
#4960 = VECTOR ( 'NONE', #6577, 1000.000000000000000 ) ;
#4961 = EDGE_LOOP ( 'NONE', ( #2776, #2755, #3713, #7556 ) ) ;
#4962 = CARTESIAN_POINT ( 'NONE',  ( -3.583874571827107225, -1.265209135442817434, 7.128403295319848176 ) ) ;
#4963 = CARTESIAN_POINT ( 'NONE',  ( 21.21762239271869532, -12.25000000000009948, 3.500000000000000444 ) ) ;
#4964 = FACE_OUTER_BOUND ( 'NONE', #6970, .T. ) ;
#4965 = DIRECTION ( 'NONE',  ( -0.000000000000000000, -0.000000000000000000, -1.000000000000000000 ) ) ;
#4966 = B_SPLINE_CURVE_WITH_KNOTS ( 'NONE', 3,
 ( #3616, #7909, #8601, #5959 ),
 .UNSPECIFIED., .F., .F.,
 ( 4, 4 ),
 ( 0.000000000000000000, 1.000000000000000000 ),
 .UNSPECIFIED. ) ;
#4967 = CIRCLE ( 'NONE', #8677, 30.00000000000000000 ) ;
#4968 = FACE_OUTER_BOUND ( 'NONE', #2258, .T. ) ;
#4969 = VERTEX_POINT ( 'NONE', #6846 ) ;
#4970 = CARTESIAN_POINT ( 'NONE',  ( 0.000000000000000000, 0.000000000000000000, 7.500000000000007105 ) ) ;
#4971 = VECTOR ( 'NONE', #6397, 1000.000000000000000 ) ;
#4972 = VECTOR ( 'NONE', #4572, 1000.000000000000114 ) ;
#4973 = CARTESIAN_POINT ( 'NONE',  ( -8.197860617326501398, -18.24276043822619187, 3.001764640880372426 ) ) ;
#4974 = LINE ( 'NONE', #3526, #996 ) ;
#4975 = CARTESIAN_POINT ( 'NONE',  ( -5.216027631265754749, 29.30903719703171362, 8.000000000000001776 ) ) ;
#4976 = AXIS2_PLACEMENT_3D ( 'NONE', #5417, #7711, #7573 ) ;
#4977 = CARTESIAN_POINT ( 'NONE',  ( 18.08868083885759859, -12.52196572068243086, 0.000000000000000000 ) ) ;
#4978 = FACE_OUTER_BOUND ( 'NONE', #4496, .T. ) ;
#4979 = ORIENTED_EDGE ( 'NONE', *, *, #1612, .F. ) ;
#4980 = DIRECTION ( 'NONE',  ( -0.000000000000000000, -0.000000000000000000, -1.000000000000000000 ) ) ;
#4981 = VECTOR ( 'NONE', #3659, 1000.000000000000000 ) ;
#4982 = AXIS2_PLACEMENT_3D ( 'NONE', #677, #536, #9080 ) ;
#4983 = CONICAL_SURFACE ( 'NONE', #973, 2.500000000000009326, 0.7853981633974548293 ) ;
#4984 = ORIENTED_EDGE ( 'NONE', *, *, #6485, .F. ) ;
#4985 = DIRECTION ( 'NONE',  ( 0.000000000000000000, 0.000000000000000000, 1.000000000000000000 ) ) ;
#4986 = DIRECTION ( 'NONE',  ( -0.000000000000000000, -0.000000000000000000, -1.000000000000000000 ) ) ;
#4987 = DIRECTION ( 'NONE',  ( -0.3535533905932812249, -0.6123724356957909176, 0.7071067811865469066 ) ) ;
#4988 = AXIS2_PLACEMENT_3D ( 'NONE', #695, #2148, #7123 ) ;
#4989 = AXIS2_PLACEMENT_3D ( 'NONE', #5779, #8610, #2249 ) ;
#4990 = DIRECTION ( 'NONE',  ( -0.8660254037844432595, -0.4999999999999919509, 0.000000000000000000 ) ) ;
#4991 = DIRECTION ( 'NONE',  ( 1.000000000000000000, 0.000000000000000000, 0.000000000000000000 ) ) ;
#4992 = CIRCLE ( 'NONE', #2751, 30.00000000000000000 ) ;
#4993 = CARTESIAN_POINT ( 'NONE',  ( -5.545534904594551229, -26.42436456420330515, 7.500000000000009770 ) ) ;
#4994 = ORIENTED_EDGE ( 'NONE', *, *, #852, .F. ) ;
#4995 = ORIENTED_EDGE ( 'NONE', *, *, #2100, .T. ) ;
#4996 = EDGE_LOOP ( 'NONE', ( #284, #4878, #5110, #7852 ) ) ;
#4997 = EDGE_CURVE ( 'NONE', #7135, #3395, #8176, .T. ) ;
#4998 = CARTESIAN_POINT ( 'NONE',  ( -6.436326693034134294, 30.98090618077884528, 0.5132765586119170109 ) ) ;
#4999 = CIRCLE ( 'NONE', #2759, 2.500000000000002220 ) ;
#5000 = DIRECTION ( 'NONE',  ( 1.000000000000000000, 0.000000000000000000, 0.000000000000000000 ) ) ;
#5001 = CARTESIAN_POINT ( 'NONE',  ( -19.87994822514911064, 2.190973650243778437, 4.589939230941615378 ) ) ;
#5002 = EDGE_LOOP ( 'NONE', ( #1639, #5837 ) ) ;
#5003 = FACE_OUTER_BOUND ( 'NONE', #1696, .T. ) ;
#5004 = ORIENTED_EDGE ( 'NONE', *, *, #7407, .F. ) ;
#5005 = CARTESIAN_POINT ( 'NONE',  ( 28.15693844375874022, -8.409608177149218378, 0.000000000000000000 ) ) ;
#5006 = ORIENTED_EDGE ( 'NONE', *, *, #6156, .F. ) ;
#5007 = AXIS2_PLACEMENT_3D ( 'NONE', #2637, #5473, #1957 ) ;
#5008 = EDGE_LOOP ( 'NONE', ( #4551, #7330, #1307, #2215 ) ) ;
#5009 = PLANE ( 'NONE',  #936 ) ;
#5010 = B_SPLINE_CURVE_WITH_KNOTS ( 'NONE', 3,
 ( #843, #5037, #15, #1515 ),
 .UNSPECIFIED., .F., .F.,
 ( 4, 4 ),
 ( 2.094534929915485917E-16, 0.0007100329295530034531 ),
 .UNSPECIFIED. ) ;
#5011 = ADVANCED_FACE ( 'NONE', ( #7483 ), #1398, .T. ) ;
#5012 = CARTESIAN_POINT ( 'NONE',  ( -23.86679327408269558, -6.851296291209027167, 3.000000000000000000 ) ) ;
#5013 = EDGE_CURVE ( 'NONE', #2497, #8551, #1984, .T. ) ;
#5014 = DIRECTION ( 'NONE',  ( -0.8660254037844330455, 0.5000000000000097700, 0.000000000000000000 ) ) ;
#5015 = EDGE_LOOP ( 'NONE', ( #2234, #7124, #7931, #4765 ) ) ;
#5016 = CARTESIAN_POINT ( 'NONE',  ( -25.65693844375873311, 8.409608177149218378, 7.500000000000009770 ) ) ;
#5017 =( GEOMETRIC_REPRESENTATION_CONTEXT ( 3 ) GLOBAL_UNCERTAINTY_ASSIGNED_CONTEXT ( ( #1375 ) ) GLOBAL_UNIT_ASSIGNED_CONTEXT ( ( #3894, #1683, #1059 ) ) REPRESENTATION_CONTEXT ( 'NONE', 'WORKASPACE' ) );
#5018 = DIRECTION ( 'NONE',  ( 0.9789804197376049677, -0.2039542541120011598, 0.000000000000000000 ) ) ;
#5019 = CARTESIAN_POINT ( 'NONE',  ( -4.911074301074026316, 29.89125042069198201, 0.5062238056970523870 ) ) ;
#5020 = ORIENTED_EDGE ( 'NONE', *, *, #867, .F. ) ;
#5021 = CARTESIAN_POINT ( 'NONE',  ( 27.50839093525777912, -11.10846531080139243, 7.833982311416820998 ) ) ;
#5022 = ORIENTED_EDGE ( 'NONE', *, *, #8640, .F. ) ;
#5023 = FACE_OUTER_BOUND ( 'NONE', #2835, .T. ) ;
#5024 = CARTESIAN_POINT ( 'NONE',  ( -11.88507440551843430, -16.08555272209477494, 3.999999999999999112 ) ) ;
#5025 = CARTESIAN_POINT ( 'NONE',  ( -8.394932025663518260, -25.48578263040962710, 7.500000000000009770 ) ) ;
#5026 = CARTESIAN_POINT ( 'NONE',  ( -5.779709653784000700, 29.49885866709180604, 7.999999999999998224 ) ) ;
#5027 = CARTESIAN_POINT ( 'NONE',  ( -17.86342498281534574, -8.994334210119651729, -0.0009999999999992653654 ) ) ;
#5028 = DIRECTION ( 'NONE',  ( 0.000000000000000000, 0.000000000000000000, 1.000000000000000000 ) ) ;
#5029 = CARTESIAN_POINT ( 'NONE',  ( 23.49999999999999289, 3.780293665983591289, 8.000000000000000000 ) ) ;
#5030 = CONICAL_SURFACE ( 'NONE', #3379, 30.00000000000000000, 0.7853981633974447263 ) ;
#5031 = VERTEX_POINT ( 'NONE', #9036 ) ;
#5032 = CARTESIAN_POINT ( 'NONE',  ( 28.15693844375874377, 8.409608177149221930, 0.000000000000000000 ) ) ;
#5033 = CARTESIAN_POINT ( 'NONE',  ( 0.9927997259353769088, 29.01989401612653907, 32.86973679159319772 ) ) ;
#5034 = CARTESIAN_POINT ( 'NONE',  ( -3.589199869236606499, 29.28084090832557251, 0.000000000000000000 ) ) ;
#5035 = CARTESIAN_POINT ( 'NONE',  ( -23.36679327408270268, -7.717321694993468206, 0.2999999999999947153 ) ) ;
#5036 = FACE_OUTER_BOUND ( 'NONE', #1379, .T. ) ;
#5037 = CARTESIAN_POINT ( 'NONE',  ( -3.800000000000019806, -29.59032845235341114, 3.166678278998699358 ) ) ;
#5038 = VECTOR ( 'NONE', #4757, 1000.000000000000000 ) ;
#5039 = CARTESIAN_POINT ( 'NONE',  ( -6.235121544125341586, 30.04390154940312385, 0.000000000000000000 ) ) ;
#5040 = EDGE_LOOP ( 'NONE', ( #8781, #1905, #3402, #5006 ) ) ;
#5041 = VERTEX_POINT ( 'NONE', #531 ) ;
#5042 = ORIENTED_EDGE ( 'NONE', *, *, #6312, .F. ) ;
#5043 = CARTESIAN_POINT ( 'NONE',  ( -6.222420544287447619, 30.72116905822928956, 0.5123476119341546786 ) ) ;
#5044 = CARTESIAN_POINT ( 'NONE',  ( 25.65693844375873311, -8.409608177149218378, 0.000000000000000000 ) ) ;
#5045 = FACE_OUTER_BOUND ( 'NONE', #7942, .T. ) ;
#5046 = DIRECTION ( 'NONE',  ( 0.6716093422004364433, -0.2212258833615676212, 0.7071067811865411334 ) ) ;
#5047 = AXIS2_PLACEMENT_3D ( 'NONE', #1947, #435, #6721 ) ;
#5048 = VERTEX_POINT ( 'NONE', #674 ) ;
#5049 = EDGE_CURVE ( 'NONE', #8385, #5349, #5253, .T. ) ;
#5050 = CARTESIAN_POINT ( 'NONE',  ( 8.051471090958266075, 24.44308559639185319, 0.4999999999999831246 ) ) ;
#5051 = VERTEX_POINT ( 'NONE', #478 ) ;
#5052 = ORIENTED_EDGE ( 'NONE', *, *, #7705, .T. ) ;
#5053 = LINE ( 'NONE', #5195, #5664 ) ;
#5054 = CARTESIAN_POINT ( 'NONE',  ( -23.42408113730069275, 19.76785107312754164, 7.500000000000009770 ) ) ;
#5055 = CIRCLE ( 'NONE', #7294, 2.000000000000000000 ) ;
#5056 = CARTESIAN_POINT ( 'NONE',  ( 19.34410915545081266, -5.079905607587988925, 7.500000000000007105 ) ) ;
#5057 = DIRECTION ( 'NONE',  ( 0.7071067811865536790, 0.000000000000000000, 0.7071067811865414665 ) ) ;
#5058 = LINE ( 'NONE', #7061, #7630 ) ;
#5059 = VERTEX_POINT ( 'NONE', #5506 ) ;
#5060 = ORIENTED_EDGE ( 'NONE', *, *, #6568, .F. ) ;
#5061 = ADVANCED_FACE ( 'NONE', ( #7050 ), #4052, .F. ) ;
#5062 = DIRECTION ( 'NONE',  ( 0.1442174361344396860, 0.6922436934453101154, 0.7071067811865505703 ) ) ;
#5063 = EDGE_CURVE ( 'NONE', #422, #8087, #4913, .T. ) ;
#5064 = ADVANCED_FACE ( 'NONE', ( #8988, #1337, #4771, #4258, #6996, #8397, #1383, #4161, #2769 ), #2625, .F. ) ;
#5065 = AXIS2_PLACEMENT_3D ( 'NONE', #3458, #7661, #1433 ) ;
#5066 = ORIENTED_EDGE ( 'NONE', *, *, #793, .F. ) ;
#5067 = DIRECTION ( 'NONE',  ( 1.000000000000000000, 8.881784197001252323E-16, 0.000000000000000000 ) ) ;
#5068 = CARTESIAN_POINT ( 'NONE',  ( 18.71320343559646204, 16.57757573283802799, 0.3000000000000112022 ) ) ;
#5069 = DIRECTION ( 'NONE',  ( 0.000000000000000000, 0.000000000000000000, 1.000000000000000000 ) ) ;
#5070 = CARTESIAN_POINT ( 'NONE',  ( -6.502035167826165640, 29.91907314154424569, 7.999999999999996447 ) ) ;
#5071 = AXIS2_PLACEMENT_3D ( 'NONE', #6956, #6998, #621 ) ;
#5072 = DIRECTION ( 'NONE',  ( 0.9789804197376049677, -0.2039542541120011598, 0.000000000000000000 ) ) ;
#5073 = AXIS2_PLACEMENT_3D ( 'NONE', #1682, #6636, #2410 ) ;
#5074 = DIRECTION ( 'NONE',  ( 0.8660254037844435926, -0.4999999999999912292, 0.000000000000000000 ) ) ;
#5075 = DIRECTION ( 'NONE',  ( 0.1729873939250869408, -0.9810602621904069842, -0.08715574274766209328 ) ) ;
#5076 = EDGE_CURVE ( 'NONE', #6207, #2413, #7343, .T. ) ;
#5077 = CARTESIAN_POINT ( 'NONE',  ( -16.38661371934865230, -10.75355247408290360, 0.000000000000000000 ) ) ;
#5078 = CARTESIAN_POINT ( 'NONE',  ( -24.70961359711024841, -6.991488670073685796, 0.000000000000000000 ) ) ;
#5079 = CARTESIAN_POINT ( 'NONE',  ( -14.07138188272369561, -14.21253713840549260, 7.500000000000007105 ) ) ;
#5080 = LINE ( 'NONE', #7923, #5863 ) ;
#5081 = EDGE_CURVE ( 'NONE', #2803, #458, #620, .T. ) ;
#5082 = DIRECTION ( 'NONE',  ( 0.8660254037844439257, -0.4999999999999908962, 0.000000000000000000 ) ) ;
#5083 = DIRECTION ( 'NONE',  ( 0.000000000000000000, 0.000000000000000000, -1.000000000000000000 ) ) ;
#5084 = VERTEX_POINT ( 'NONE', #7660 ) ;
#5085 = ORIENTED_EDGE ( 'NONE', *, *, #2827, .F. ) ;
#5086 = EDGE_LOOP ( 'NONE', ( #2257, #834, #4857, #2953 ) ) ;
#5087 = CARTESIAN_POINT ( 'NONE',  ( -6.340159468385277997, 30.13641711467124296, 0.000000000000000000 ) ) ;
#5088 = CARTESIAN_POINT ( 'NONE',  ( -7.576571570779945475, -24.59951591869085163, 0.000000000000000000 ) ) ;
#5089 = EDGE_CURVE ( 'NONE', #1830, #2348, #2421, .T. ) ;
#5090 = AXIS2_PLACEMENT_3D ( 'NONE', #1938, #8206, #8333 ) ;
#5091 = DIRECTION ( 'NONE',  ( -1.000000000000000000, 0.000000000000000000, 0.000000000000000000 ) ) ;
#5092 = ORIENTED_EDGE ( 'NONE', *, *, #6193, .F. ) ;
#5093 = LINE ( 'NONE', #8675, #858 ) ;
#5094 = ORIENTED_EDGE ( 'NONE', *, *, #4681, .T. ) ;
#5095 = CARTESIAN_POINT ( 'NONE',  ( 21.27852007099593479, 5.587896168346640380, -0.0009999999999992653654 ) ) ;
#5096 = ORIENTED_EDGE ( 'NONE', *, *, #5508, .F. ) ;
#5097 = EDGE_LOOP ( 'NONE', ( #3929, #8039 ) ) ;
#5098 = CIRCLE ( 'NONE', #4791, 2.500000000000003997 ) ;
#5099 = AXIS2_PLACEMENT_3D ( 'NONE', #5733, #8565, #3856 ) ;
#5100 = DIRECTION ( 'NONE',  ( -0.000000000000000000, 0.000000000000000000, 1.000000000000000000 ) ) ;
#5101 = DIRECTION ( 'NONE',  ( -0.000000000000000000, -0.000000000000000000, 1.000000000000000000 ) ) ;
#5102 = LINE ( 'NONE', #7950, #5401 ) ;
#5103 = CARTESIAN_POINT ( 'NONE',  ( 21.27852007099593479, 5.587896168346640380, 8.000000000000000000 ) ) ;
#5104 = ORIENTED_EDGE ( 'NONE', *, *, #2506, .T. ) ;
#5105 = CIRCLE ( 'NONE', #7024, 2.500000000000002220 ) ;
#5106 = ORIENTED_EDGE ( 'NONE', *, *, #4997, .F. ) ;
#5107 = VECTOR ( 'NONE', #5101, 1000.000000000000000 ) ;
#5108 = LINE ( 'NONE', #7954, #3376 ) ;
#5109 = ORIENTED_EDGE ( 'NONE', *, *, #2550, .T. ) ;
#5110 = ORIENTED_EDGE ( 'NONE', *, *, #8312, .F. ) ;
#5111 = EDGE_LOOP ( 'NONE', ( #4666, #7696, #1012, #132 ) ) ;
#5112 = DIRECTION ( 'NONE',  ( -0.6716093422004251190, 0.2212258833615627085, 0.7071067811865536790 ) ) ;
#5113 = EDGE_CURVE ( 'NONE', #6714, #3129, #2565, .T. ) ;
#5114 = CARTESIAN_POINT ( 'NONE',  ( -16.38661371934865230, -10.75355247408290360, 0.000000000000000000 ) ) ;
#5115 = AXIS2_PLACEMENT_3D ( 'NONE', #2158, #5642, #4336 ) ;
#5116 = ADVANCED_FACE ( 'NONE', ( #6953 ), #2876, .T. ) ;
#5117 = AXIS2_PLACEMENT_3D ( 'NONE', #1037, #3781, #3248 ) ;
#5118 = EDGE_CURVE ( 'NONE', #7193, #799, #1234, .T. ) ;
#5119 = DIRECTION ( 'NONE',  ( 0.000000000000000000, 0.000000000000000000, -1.000000000000000000 ) ) ;
#5120 = CARTESIAN_POINT ( 'NONE',  ( 0.000000000000000000, 0.000000000000000000, 8.000000000000000000 ) ) ;
#5121 = CIRCLE ( 'NONE', #5260, 2.249999999999999556 ) ;
#5122 = AXIS2_PLACEMENT_3D ( 'NONE', #1857, #7308, #5245 ) ;
#5123 = CONICAL_SURFACE ( 'NONE', #356, 2.500000000000002220, 0.7853981633974517207 ) ;
#5124 = FACE_OUTER_BOUND ( 'NONE', #204, .T. ) ;
#5125 = FACE_OUTER_BOUND ( 'NONE', #3225, .T. ) ;
#5126 = CARTESIAN_POINT ( 'NONE',  ( -4.299999999999990941, -29.18492761683674175, 8.000000000000000000 ) ) ;
#5127 = EDGE_CURVE ( 'NONE', #6922, #752, #6275, .T. ) ;
#5128 = EDGE_CURVE ( 'NONE', #1681, #6437, #3413, .T. ) ;
#5129 = EDGE_CURVE ( 'NONE', #3216, #2159, #6249, .T. ) ;
#5130 = DIRECTION ( 'NONE',  ( 1.000000000000000000, 0.000000000000000000, 0.000000000000000000 ) ) ;
#5131 = CONICAL_SURFACE ( 'NONE', #1117, 3.499999999999992895, 0.7853981633974566057 ) ;
#5132 = CARTESIAN_POINT ( 'NONE',  ( 16.02383034850715404, 20.19350096351142554, 8.000000000000000000 ) ) ;
#5133 = ORIENTED_EDGE ( 'NONE', *, *, #6120, .F. ) ;
#5134 = CIRCLE ( 'NONE', #6309, 0.3000000000000120348 ) ;
#5135 = ORIENTED_EDGE ( 'NONE', *, *, #671, .T. ) ;
#5136 = CARTESIAN_POINT ( 'NONE',  ( -6.106106902004979631, 30.60111776167471120, 0.5118300325518486682 ) ) ;
#5137 = EDGE_LOOP ( 'NONE', ( #3032, #8259, #3779, #2115 ) ) ;
#5138 = ADVANCED_FACE ( 'NONE', ( #2182 ), #5009, .F. ) ;
#5139 = LINE ( 'NONE', #5088, #7171 ) ;
#5140 = AXIS2_PLACEMENT_3D ( 'NONE', #5, #8557, #7874 ) ;
#5141 = CYLINDRICAL_SURFACE ( 'NONE', #9099, 2.999999999999999112 ) ;
#5142 = EDGE_LOOP ( 'NONE', ( #870, #8058, #8067, #3563 ) ) ;
#5143 = DIRECTION ( 'NONE',  ( 0.8660254037844434816, -0.4999999999999915623, 0.000000000000000000 ) ) ;
#5144 = EDGE_LOOP ( 'NONE', ( #511, #8537, #4123, #9167 ) ) ;
#5145 = FACE_OUTER_BOUND ( 'NONE', #3899, .T. ) ;
#5146 = ORIENTED_EDGE ( 'NONE', *, *, #6759, .F. ) ;
#5147 = ADVANCED_FACE ( 'NONE', ( #3350 ), #5275, .F. ) ;
#5148 = ORIENTED_EDGE ( 'NONE', *, *, #4790, .F. ) ;
#5149 = ORIENTED_EDGE ( 'NONE', *, *, #1186, .F. ) ;
#5150 = DIRECTION ( 'NONE',  ( 0.8660254037844430375, 0.4999999999999922839, 0.000000000000000000 ) ) ;
#5151 = CARTESIAN_POINT ( 'NONE',  ( -17.32050807568853301, -9.999999999999973355, 0.4999999999999831246 ) ) ;
#5152 = DIRECTION ( 'NONE',  ( -0.000000000000000000, -0.000000000000000000, 1.000000000000000000 ) ) ;
#5153 = CARTESIAN_POINT ( 'NONE',  ( -5.809773040169244673, 30.33824734133138534, 0.5104865873316264402 ) ) ;
#5154 = EDGE_LOOP ( 'NONE', ( #3603, #3299, #4483, #8619 ) ) ;
#5155 = AXIS2_PLACEMENT_3D ( 'NONE', #7817, #2280, #2874 ) ;
#5156 = ORIENTED_EDGE ( 'NONE', *, *, #2340, .F. ) ;
#5157 = FACE_OUTER_BOUND ( 'NONE', #6008, .T. ) ;
#5158 = ORIENTED_EDGE ( 'NONE', *, *, #2282, .T. ) ;
#5159 = EDGE_CURVE ( 'NONE', #3130, #2615, #4540, .T. ) ;
#5160 = ORIENTED_EDGE ( 'NONE', *, *, #8641, .F. ) ;
#5161 = DIRECTION ( 'NONE',  ( -0.000000000000000000, -0.000000000000000000, 1.000000000000000000 ) ) ;
#5162 = FACE_OUTER_BOUND ( 'NONE', #486, .T. ) ;
#5163 = CARTESIAN_POINT ( 'NONE',  ( -13.30887124501167484, 29.63613298244944616, -2.452965475130965523 ) ) ;
#5164 = CONICAL_SURFACE ( 'NONE', #6340, 1.500000000000001332, 0.7853981633974548293 ) ;
#5165 = DIRECTION ( 'NONE',  ( 1.000000000000000000, 0.000000000000000000, 0.000000000000000000 ) ) ;
#5166 = ORIENTED_EDGE ( 'NONE', *, *, #9063, .F. ) ;
#5167 = VERTEX_POINT ( 'NONE', #6185 ) ;
#5168 = EDGE_CURVE ( 'NONE', #1850, #8433, #6705, .T. ) ;
#5169 = DIRECTION ( 'NONE',  ( 0.1729873939250868853, -0.9810602621904069842, -0.08715574274766180185 ) ) ;
#5170 = VECTOR ( 'NONE', #1378, 1000.000000000000000 ) ;
#5171 = EDGE_CURVE ( 'NONE', #7346, #651, #3838, .T. ) ;
#5172 = CARTESIAN_POINT ( 'NONE',  ( 28.03258089225492355, 9.188275600959336487, 0.000000000000000000 ) ) ;
#5173 = CARTESIAN_POINT ( 'NONE',  ( 19.95325681651075556, -1.372058016814584391, 5.789292276571148754 ) ) ;
#5174 = CIRCLE ( 'NONE', #125, 1.999999999999998224 ) ;
#5175 = EDGE_CURVE ( 'NONE', #8889, #458, #1963, .T. ) ;
#5176 = ADVANCED_FACE ( 'NONE', ( #950 ), #3792, .F. ) ;
#5177 = DIRECTION ( 'NONE',  ( -0.000000000000000000, -0.000000000000000000, -1.000000000000000000 ) ) ;
#5178 = ORIENTED_EDGE ( 'NONE', *, *, #1611, .T. ) ;
#5179 = CIRCLE ( 'NONE', #7709, 30.00000000000000000 ) ;
#5180 = ORIENTED_EDGE ( 'NONE', *, *, #3800, .T. ) ;
#5181 = DIRECTION ( 'NONE',  ( 0.05785419118799044885, -0.7047360446025050518, 0.7071067811865471286 ) ) ;
#5182 = CARTESIAN_POINT ( 'NONE',  ( -4.677231652976566956, 29.31699687812708177, 0.000000000000000000 ) ) ;
#5183 = ORIENTED_EDGE ( 'NONE', *, *, #1661, .F. ) ;
#5184 = LINE ( 'NONE', #1660, #4351 ) ;
#5185 = CARTESIAN_POINT ( 'NONE',  ( 25.50000000000000355, -3.780293665983593066, 0.4999999999999831246 ) ) ;
#5186 = AXIS2_PLACEMENT_3D ( 'NONE', #487, #1866, #4831 ) ;
#5187 = ORIENTED_EDGE ( 'NONE', *, *, #1317, .T. ) ;
#5188 = ORIENTED_EDGE ( 'NONE', *, *, #490, .F. ) ;
#5189 = EDGE_CURVE ( 'NONE', #2478, #4824, #2395, .T. ) ;
#5190 = CARTESIAN_POINT ( 'NONE',  ( 8.726169651492748258, 22.67475652381833839, 0.4999999999999831246 ) ) ;
#5191 = EDGE_LOOP ( 'NONE', ( #7877, #6026, #4017, #8064 ) ) ;
#5192 = ORIENTED_EDGE ( 'NONE', *, *, #6808, .T. ) ;
#5193 = VERTEX_POINT ( 'NONE', #249 ) ;
#5194 = AXIS2_PLACEMENT_3D ( 'NONE', #4179, #1458, #1359 ) ;
#5195 = CARTESIAN_POINT ( 'NONE',  ( -5.930232649046844884, 35.07673070278170968, 8.287613951067278606 ) ) ;
#5196 = DIRECTION ( 'NONE',  ( 1.000000000000000000, 0.000000000000000000, 0.000000000000000000 ) ) ;
#5197 = DIRECTION ( 'NONE',  ( -0.3535533905932636833, 0.6123724356957838122, 0.7071067811865617836 ) ) ;
#5198 = CARTESIAN_POINT ( 'NONE',  ( -15.27383034850701904, -18.89446285783486701, 7.500000000000009770 ) ) ;
#5199 = CARTESIAN_POINT ( 'NONE',  ( 19.77852007099592413, 5.587896168346640380, 8.000000000000000000 ) ) ;
#5200 = DIRECTION ( 'NONE',  ( 3.717264591378873190E-16, -1.000000000000000000, 0.000000000000000000 ) ) ;
#5201 = ORIENTED_EDGE ( 'NONE', *, *, #1805, .F. ) ;
#5202 = ORIENTED_EDGE ( 'NONE', *, *, #7687, .T. ) ;
#5203 = DIRECTION ( 'NONE',  ( -0.8660254037844430375, -0.4999999999999922839, 0.000000000000000000 ) ) ;
#5204 = DIRECTION ( 'NONE',  ( 0.9789804197376047457, 0.2039542541120019370, 0.000000000000000000 ) ) ;
#5205 = CARTESIAN_POINT ( 'NONE',  ( 26.26880120609473579, -5.472666917936403586, 7.500000000000007105 ) ) ;
#5206 = DIRECTION ( 'NONE',  ( -0.000000000000000000, -0.000000000000000000, -1.000000000000000000 ) ) ;
#5207 = DIRECTION ( 'NONE',  ( 0.1729873939250869408, -0.9810602621904069842, -0.08715574274766209328 ) ) ;
#5208 = CARTESIAN_POINT ( 'NONE',  ( 0.000000000000000000, 0.000000000000000000, 3.500000000000000444 ) ) ;
#5209 = DIRECTION ( 'NONE',  ( 0.1729873939250869408, -0.9810602621904069842, -0.08715574274766209328 ) ) ;
#5210 = EDGE_LOOP ( 'NONE', ( #8995, #5391, #197, #6096 ) ) ;
#5211 = DIRECTION ( 'NONE',  ( 0.5273919060659889579, -0.4710178100837335569, 0.7071067811865524577 ) ) ;
#5212 = CARTESIAN_POINT ( 'NONE',  ( 0.000000000000000000, 0.000000000000000000, 0.000000000000000000 ) ) ;
#5213 = CYLINDRICAL_SURFACE ( 'NONE', #6203, 3.999999999999999556 ) ;
#5214 = AXIS2_PLACEMENT_3D ( 'NONE', #951, #8041, #5896 ) ;
#5215 = EDGE_CURVE ( 'NONE', #3921, #1830, #7637, .T. ) ;
#5216 = ORIENTED_EDGE ( 'NONE', *, *, #7466, .F. ) ;
#5217 = DIRECTION ( 'NONE',  ( 0.000000000000000000, 0.000000000000000000, -1.000000000000000000 ) ) ;
#5218 = ORIENTED_EDGE ( 'NONE', *, *, #3474, .F. ) ;
#5219 = ADVANCED_FACE ( 'NONE', ( #1266 ), #7429, .F. ) ;
#5220 = ADVANCED_FACE ( 'NONE', ( #3881 ), #4094, .F. ) ;
#5221 = ORIENTED_EDGE ( 'NONE', *, *, #740, .F. ) ;
#5222 = DIRECTION ( 'NONE',  ( 0.000000000000000000, 0.000000000000000000, 1.000000000000000000 ) ) ;
#5223 = EDGE_LOOP ( 'NONE', ( #7863, #2494, #7332, #2526, #7188 ) ) ;
#5224 = DIRECTION ( 'NONE',  ( 0.7071067811865524577, 6.133173666733576425E-16, 0.7071067811865426878 ) ) ;
#5225 = EDGE_LOOP ( 'NONE', ( #135, #1158 ) ) ;
#5226 = LINE ( 'NONE', #2264, #5738 ) ;
#5227 = ORIENTED_EDGE ( 'NONE', *, *, #4767, .F. ) ;
#5228 = VERTEX_POINT ( 'NONE', #2483 ) ;
#5229 = DIRECTION ( 'NONE',  ( -1.000000000000000000, -4.588859039144120192E-16, -0.000000000000000000 ) ) ;
#5230 = CARTESIAN_POINT ( 'NONE',  ( 8.410330065990809345, 18.14588313191156743, 2.628057737521372950 ) ) ;
#5231 = AXIS2_PLACEMENT_3D ( 'NONE', #7323, #114, #2261 ) ;
#5232 = EDGE_CURVE ( 'NONE', #8643, #8632, #1001, .T. ) ;
#5233 = LINE ( 'NONE', #2444, #3309 ) ;
#5234 = ADVANCED_FACE ( 'NONE', ( #6225 ), #9055, .F. ) ;
#5235 = DIRECTION ( 'NONE',  ( 0.4974984774969688495, 0.5024890694216104237, 0.7071067811865489050 ) ) ;
#5236 = LINE ( 'NONE', #8086, #7191 ) ;
#5237 = ORIENTED_EDGE ( 'NONE', *, *, #3360, .F. ) ;
#5238 = DIRECTION ( 'NONE',  ( -0.000000000000000000, -0.000000000000000000, -1.000000000000000000 ) ) ;
#5239 = ORIENTED_EDGE ( 'NONE', *, *, #867, .T. ) ;
#5240 = CIRCLE ( 'NONE', #468, 20.49999999999999289 ) ;
#5241 = VERTEX_POINT ( 'NONE', #2692 ) ;
#5242 = CIRCLE ( 'NONE', #8942, 3.000000000000000888 ) ;
#5243 = VERTEX_POINT ( 'NONE', #5976 ) ;
#5244 = DIRECTION ( 'NONE',  ( -0.3535533905932791154, -0.6123724356957903625, 0.7071067811865483499 ) ) ;
#5245 = DIRECTION ( 'NONE',  ( 1.000000000000000000, -4.336808689942006692E-15, 0.000000000000000000 ) ) ;
#5246 = CARTESIAN_POINT ( 'NONE',  ( 0.000000000000000000, 0.000000000000000000, -0.0009999999999992653654 ) ) ;
#5247 = ORIENTED_EDGE ( 'NONE', *, *, #470, .T. ) ;
#5248 = DIRECTION ( 'NONE',  ( 1.000000000000000000, 0.000000000000000000, 0.000000000000000000 ) ) ;
#5249 = EDGE_CURVE ( 'NONE', #7490, #1330, #336, .T. ) ;
#5250 = CARTESIAN_POINT ( 'NONE',  ( -5.294377925067770718, 29.84992476188284982, 7.517572875580095904 ) ) ;
#5251 = CONICAL_SURFACE ( 'NONE', #8358, 20.00000000000000000, 0.7853981633974447263 ) ;
#5252 = DIRECTION ( 'NONE',  ( -0.1442174361344397970, -0.6922436934453168877, 0.7071067811865439090 ) ) ;
#5253 = CIRCLE ( 'NONE', #6584, 20.00000000000000000 ) ;
#5254 = ORIENTED_EDGE ( 'NONE', *, *, #3017, .F. ) ;
#5255 = DIRECTION ( 'NONE',  ( 0.000000000000000000, 0.000000000000000000, -1.000000000000000000 ) ) ;
#5256 = AXIS2_PLACEMENT_3D ( 'NONE', #3829, #7936, #3735 ) ;
#5257 = FACE_OUTER_BOUND ( 'NONE', #3250, .T. ) ;
#5258 = AXIS2_PLACEMENT_3D ( 'NONE', #2645, #6877, #5480 ) ;
#5259 = DIRECTION ( 'NONE',  ( -1.000000000000000000, 0.000000000000000000, 0.000000000000000000 ) ) ;
#5260 = AXIS2_PLACEMENT_3D ( 'NONE', #1106, #6039, #3987 ) ;
#5261 = AXIS2_PLACEMENT_3D ( 'NONE', #889, #5923, #5878 ) ;
#5262 = CARTESIAN_POINT ( 'NONE',  ( 23.99999999999999289, 1.057958082495168038E-14, 3.999999999999999112 ) ) ;
#5263 = VERTEX_POINT ( 'NONE', #3171 ) ;
#5264 = ORIENTED_EDGE ( 'NONE', *, *, #4446, .T. ) ;
#5265 = CIRCLE ( 'NONE', #2311, 3.800000000000001155 ) ;
#5266 = CARTESIAN_POINT ( 'NONE',  ( -5.431503396171260434, 30.10939777206884926, 0.5087134449974481942 ) ) ;
#5267 = VECTOR ( 'NONE', #660, 1000.000000000000000 ) ;
#5268 = ORIENTED_EDGE ( 'NONE', *, *, #1130, .T. ) ;
#5269 = AXIS2_PLACEMENT_3D ( 'NONE', #8056, #7917, #2289 ) ;
#5270 = CARTESIAN_POINT ( 'NONE',  ( 25.01762239271877775, 12.24999999999995381, 7.500000000000007105 ) ) ;
#5271 = CONICAL_SURFACE ( 'NONE', #1871, 0.8999999999999893641, 0.7853981633974549403 ) ;
#5272 = ORIENTED_EDGE ( 'NONE', *, *, #2820, .F. ) ;
#5273 = EDGE_CURVE ( 'NONE', #7247, #8385, #1209, .T. ) ;
#5274 = ORIENTED_EDGE ( 'NONE', *, *, #1612, .T. ) ;
#5275 = CYLINDRICAL_SURFACE ( 'NONE', #5258, 2.250000000000001332 ) ;
#5276 = DIRECTION ( 'NONE',  ( 1.000000000000000000, 0.000000000000000000, 0.000000000000000000 ) ) ;
#5277 = CONICAL_SURFACE ( 'NONE', #6022, 2.500000000000011102, 0.7853981633974543852 ) ;
#5278 = CARTESIAN_POINT ( 'NONE',  ( 21.21762239271877704, 12.24999999999995381, 7.500000000000007105 ) ) ;
#5279 = CARTESIAN_POINT ( 'NONE',  ( -11.26143607179041339, -16.52848646670009813, 5.693674694792234980 ) ) ;
#5280 = DIRECTION ( 'NONE',  ( 0.4999999999999916178, 0.8660254037844435926, 0.000000000000000000 ) ) ;
#5281 = CARTESIAN_POINT ( 'NONE',  ( 25.19406861883199511, 5.248764295590000017, 0.4999999999999831246 ) ) ;
#5282 = ORIENTED_EDGE ( 'NONE', *, *, #9077, .F. ) ;
#5283 = EDGE_LOOP ( 'NONE', ( #2911, #216, #190, #108 ) ) ;
#5284 = DIRECTION ( 'NONE',  ( -1.000000000000000000, 0.000000000000000000, 0.000000000000000000 ) ) ;
#5285 = ORIENTED_EDGE ( 'NONE', *, *, #3217, .T. ) ;
#5286 = EDGE_CURVE ( 'NONE', #8442, #3430, #4630, .T. ) ;
#5287 = EDGE_CURVE ( 'NONE', #1009, #2478, #1004, .T. ) ;
#5288 = ORIENTED_EDGE ( 'NONE', *, *, #685, .F. ) ;
#5289 = ORIENTED_EDGE ( 'NONE', *, *, #5287, .F. ) ;
#5290 = CARTESIAN_POINT ( 'NONE',  ( -24.02189194300062880, 17.97077370284322129, 7.500000000000009770 ) ) ;
#5291 = DIRECTION ( 'NONE',  ( 1.000000000000000000, 2.664535259100375697E-15, 0.000000000000000000 ) ) ;
#5292 = DIRECTION ( 'NONE',  ( -0.000000000000000000, -0.000000000000000000, 1.000000000000000000 ) ) ;
#5293 = FACE_OUTER_BOUND ( 'NONE', #3846, .T. ) ;
#5294 = CARTESIAN_POINT ( 'NONE',  ( -4.182318347558617866, 29.71309318803960764, 7.502763431204582112 ) ) ;
#5295 = AXIS2_PLACEMENT_3D ( 'NONE', #7081, #746, #5876 ) ;
#5296 = EDGE_LOOP ( 'NONE', ( #324, #6590, #5663, #7945 ) ) ;
#5297 = DIRECTION ( 'NONE',  ( 0.6719331540025098581, -0.2202404062660802686, 0.7071067811865413555 ) ) ;
#5298 = EDGE_CURVE ( 'NONE', #1122, #8927, #1586, .T. ) ;
#5299 = DIRECTION ( 'NONE',  ( 0.3535533905932739529, 0.6123724356957995774, 0.7071067811865430208 ) ) ;
#5300 = DIRECTION ( 'NONE',  ( 1.000000000000000000, 0.000000000000000000, 0.000000000000000000 ) ) ;
#5301 = ORIENTED_EDGE ( 'NONE', *, *, #3175, .F. ) ;
#5302 = ORIENTED_EDGE ( 'NONE', *, *, #7281, .F. ) ;
#5303 = DIRECTION ( 'NONE',  ( 0.000000000000000000, 0.000000000000000000, 1.000000000000000000 ) ) ;
#5304 = ORIENTED_EDGE ( 'NONE', *, *, #7077, .F. ) ;
#5305 = ORIENTED_EDGE ( 'NONE', *, *, #235, .T. ) ;
#5306 = ORIENTED_EDGE ( 'NONE', *, *, #6170, .T. ) ;
#5307 = PLANE ( 'NONE',  #555 ) ;
#5308 = AXIS2_PLACEMENT_3D ( 'NONE', #6056, #942, #1132 ) ;
#5309 = ORIENTED_EDGE ( 'NONE', *, *, #6414, .T. ) ;
#5310 = ORIENTED_EDGE ( 'NONE', *, *, #5867, .T. ) ;
#5311 = CARTESIAN_POINT ( 'NONE',  ( 16.47852007099595895, 13.90174004467726654, 3.500000000000000444 ) ) ;
#5312 = DIRECTION ( 'NONE',  ( 0.6716093422004338898, -0.2212258833615712295, 0.7071067811865425767 ) ) ;
#5313 = FACE_OUTER_BOUND ( 'NONE', #9065, .T. ) ;
#5314 = CARTESIAN_POINT ( 'NONE',  ( 7.476169651492758028, 23.97379462949500351, 0.000000000000000000 ) ) ;
#5315 = CARTESIAN_POINT ( 'NONE',  ( 1.896428571428559584, -29.43898025872251978, 3.500000000000000444 ) ) ;
#5316 = EDGE_CURVE ( 'NONE', #2480, #3300, #8514, .T. ) ;
#5317 = ORIENTED_EDGE ( 'NONE', *, *, #3591, .T. ) ;
#5318 = ORIENTED_EDGE ( 'NONE', *, *, #5427, .T. ) ;
#5319 = ORIENTED_EDGE ( 'NONE', *, *, #2045, .F. ) ;
#5320 = AXIS2_PLACEMENT_3D ( 'NONE', #4970, #36, #5067 ) ;
#5321 = VERTEX_POINT ( 'NONE', #6668 ) ;
#5322 = DIRECTION ( 'NONE',  ( 0.000000000000000000, 0.000000000000000000, -1.000000000000000000 ) ) ;
#5323 = CYLINDRICAL_SURFACE ( 'NONE', #3679, 20.00000000000000000 ) ;
#5324 = DIRECTION ( 'NONE',  ( 1.000000000000000000, 0.000000000000000000, 0.000000000000000000 ) ) ;
#5325 = CARTESIAN_POINT ( 'NONE',  ( -5.719760675687685314, 30.02163369455358932, 7.523131054710723298 ) ) ;
#5326 = DIRECTION ( 'NONE',  ( 1.000000000000000000, 0.000000000000000000, 0.000000000000000000 ) ) ;
#5327 = EDGE_CURVE ( 'NONE', #4493, #2437, #5233, .T. ) ;
#5328 = DIRECTION ( 'NONE',  ( 0.000000000000000000, 0.000000000000000000, -1.000000000000000000 ) ) ;
#5329 = EDGE_CURVE ( 'NONE', #6942, #2480, #7934, .T. ) ;
#5330 = EDGE_CURVE ( 'NONE', #940, #6797, #45, .T. ) ;
#5331 = ADVANCED_FACE ( 'NONE', ( #7385 ), #1762, .F. ) ;
#5332 = ADVANCED_FACE ( 'NONE', ( #912, #3840 ), #4590, .F. ) ;
#5333 = AXIS2_PLACEMENT_3D ( 'NONE', #1910, #3198, #446 ) ;
#5334 = VERTEX_POINT ( 'NONE', #165 ) ;
#5335 = CARTESIAN_POINT ( 'NONE',  ( -23.86679327408269558, -6.851296291209027167, 0.2999999999999947153 ) ) ;
#5336 = DIRECTION ( 'NONE',  ( -0.000000000000000000, -0.000000000000000000, 1.000000000000000000 ) ) ;
#5337 = CARTESIAN_POINT ( 'NONE',  ( -20.27852007099584242, 7.319946975915807563, 3.500000000000000444 ) ) ;
#5338 = CARTESIAN_POINT ( 'NONE',  ( 17.86342498281539903, 8.994334210119545148, 3.500000000000000444 ) ) ;
#5339 = EDGE_CURVE ( 'NONE', #5792, #524, #7948, .T. ) ;
#5340 = LINE ( 'NONE', #1828, #2445 ) ;
#5341 = AXIS2_PLACEMENT_3D ( 'NONE', #6349, #1385, #7710 ) ;
#5342 = ORIENTED_EDGE ( 'NONE', *, *, #961, .F. ) ;
#5343 = CARTESIAN_POINT ( 'NONE',  ( -3.918059478047569932, 29.75342997470942663, 0.5013443732704476741 ) ) ;
#5344 = ORIENTED_EDGE ( 'NONE', *, *, #8851, .T. ) ;
#5345 = ORIENTED_EDGE ( 'NONE', *, *, #8873, .T. ) ;
#5346 = DIRECTION ( 'NONE',  ( 0.000000000000000000, 0.000000000000000000, 1.000000000000000000 ) ) ;
#5347 = DIRECTION ( 'NONE',  ( 1.000000000000000000, 0.000000000000000000, 0.000000000000000000 ) ) ;
#5348 = ORIENTED_EDGE ( 'NONE', *, *, #5081, .F. ) ;
#5349 = VERTEX_POINT ( 'NONE', #6579 ) ;
#5350 = ORIENTED_EDGE ( 'NONE', *, *, #7449, .T. ) ;
#5351 = DIRECTION ( 'NONE',  ( -0.000000000000000000, -0.000000000000000000, 1.000000000000000000 ) ) ;
#5352 = ORIENTED_EDGE ( 'NONE', *, *, #4825, .F. ) ;
#5353 = DIRECTION ( 'NONE',  ( -0.5000000000000097700, -0.8660254037844330455, 0.000000000000000000 ) ) ;
#5354 = VERTEX_POINT ( 'NONE', #5948 ) ;
#5355 = VERTEX_POINT ( 'NONE', #7249 ) ;
#5356 = ORIENTED_EDGE ( 'NONE', *, *, #910, .F. ) ;
#5357 = ORIENTED_EDGE ( 'NONE', *, *, #2662, .T. ) ;
#5358 = CYLINDRICAL_SURFACE ( 'NONE', #4046, 2.000000000000001776 ) ;
#5359 = DIRECTION ( 'NONE',  ( 1.000000000000000000, 0.000000000000000000, 0.000000000000000000 ) ) ;
#5360 = ORIENTED_EDGE ( 'NONE', *, *, #3570, .T. ) ;
#5361 = DIRECTION ( 'NONE',  ( -0.4999999999999915623, -0.8660254037844434816, -0.000000000000000000 ) ) ;
#5362 = DIRECTION ( 'NONE',  ( 0.8660254037844417052, 0.4999999999999947820, -0.000000000000000000 ) ) ;
#5363 = DIRECTION ( 'NONE',  ( -0.9848077530122086864, -0.1736481776669273613, -8.673617379884033500E-16 ) ) ;
#5364 = CARTESIAN_POINT ( 'NONE',  ( 3.799999999999999378, 24.50000000000000000, 7.500000000000007105 ) ) ;
#5365 = CIRCLE ( 'NONE', #1216, 20.49999999999998934 ) ;
#5366 = ORIENTED_EDGE ( 'NONE', *, *, #3571, .T. ) ;
#5367 = EDGE_CURVE ( 'NONE', #3227, #1338, #1087, .T. ) ;
#5368 = FACE_OUTER_BOUND ( 'NONE', #7886, .T. ) ;
#5369 = CARTESIAN_POINT ( 'NONE',  ( -19.92001185994740453, 1.788804529275597854, 2.627357046333699042 ) ) ;
#5370 = EDGE_CURVE ( 'NONE', #7241, #4486, #1048, .T. ) ;
#5371 = CARTESIAN_POINT ( 'NONE',  ( 23.46762239271869532, -12.25000000000009948, 3.500000000000000444 ) ) ;
#5372 = CARTESIAN_POINT ( 'NONE',  ( -5.125059509507929434, 29.80169344448508184, 7.515338371635704284 ) ) ;
#5373 = EDGE_CURVE ( 'NONE', #4926, #3644, #6708, .T. ) ;
#5374 = AXIS2_PLACEMENT_3D ( 'NONE', #1204, #6262, #3340 ) ;
#5375 = ADVANCED_FACE ( 'NONE', ( #865 ), #2322, .F. ) ;
#5376 = VECTOR ( 'NONE', #1072, 1000.000000000000000 ) ;
#5377 = DIRECTION ( 'NONE',  ( -0.1729873939250869408, 0.9810602621904070952, 0.08715574274766206553 ) ) ;
#5378 = LINE ( 'NONE', #5426, #3783 ) ;
#5379 = AXIS2_PLACEMENT_3D ( 'NONE', #3811, #268, #3065 ) ;
#5380 = VECTOR ( 'NONE', #3103, 1000.000000000000000 ) ;
#5381 = CARTESIAN_POINT ( 'NONE',  ( -14.07138188272340074, 14.21253713840578392, 7.500000000000007105 ) ) ;
#5382 = CONICAL_SURFACE ( 'NONE', #8384, 1.000000000000000888, 0.7853981633974648213 ) ;
#5383 = ADVANCED_FACE ( 'NONE', ( #1630 ), #338, .F. ) ;
#5384 = EDGE_CURVE ( 'NONE', #8716, #6, #1672, .T. ) ;
#5385 = ADVANCED_FACE ( 'NONE', ( #3796 ), #9074, .T. ) ;
#5386 = LINE ( 'NONE', #7420, #3466 ) ;
#5387 = ORIENTED_EDGE ( 'NONE', *, *, #9066, .F. ) ;
#5388 = ORIENTED_EDGE ( 'NONE', *, *, #7406, .T. ) ;
#5389 = AXIS2_PLACEMENT_3D ( 'NONE', #4445, #6567, #195 ) ;
#5390 = AXIS2_PLACEMENT_3D ( 'NONE', #7977, #9159, #4334 ) ;
#5391 = ORIENTED_EDGE ( 'NONE', *, *, #4085, .T. ) ;
#5392 = DIRECTION ( 'NONE',  ( 1.000000000000000000, 0.000000000000000000, 0.000000000000000000 ) ) ;
#5393 = EDGE_CURVE ( 'NONE', #8926, #484, #34, .T. ) ;
#5394 = AXIS2_PLACEMENT_3D ( 'NONE', #6771, #4775, #6811 ) ;
#5395 = CARTESIAN_POINT ( 'NONE',  ( -9.476169651492579504, -23.97379462949506745, 7.500000000000009770 ) ) ;
#5396 = EDGE_LOOP ( 'NONE', ( #8075, #4206, #3139, #8273, #7722 ) ) ;
#5397 = CIRCLE ( 'NONE', #4673, 3.000000000000000000 ) ;
#5398 = ORIENTED_EDGE ( 'NONE', *, *, #7051, .F. ) ;
#5399 = ORIENTED_EDGE ( 'NONE', *, *, #8417, .T. ) ;
#5400 = CARTESIAN_POINT ( 'NONE',  ( -13.94855715851479516, -19.65960969082665954, 3.999999999999999112 ) ) ;
#5401 = VECTOR ( 'NONE', #4408, 1000.000000000000000 ) ;
#5402 = CARTESIAN_POINT ( 'NONE',  ( 25.50000000000000000, 3.780293665983593066, 7.500000000000007105 ) ) ;
#5403 = PLANE ( 'NONE',  #968 ) ;
#5404 = CARTESIAN_POINT ( 'NONE',  ( -8.726169651492593715, -22.67475652381839879, 7.500000000000009770 ) ) ;
#5405 = AXIS2_PLACEMENT_3D ( 'NONE', #2675, #5512, #4821 ) ;
#5406 = AXIS2_PLACEMENT_3D ( 'NONE', #5977, #3930, #5276 ) ;
#5407 = ORIENTED_EDGE ( 'NONE', *, *, #842, .T. ) ;
#5408 = EDGE_CURVE ( 'NONE', #4696, #2787, #1384, .T. ) ;
#5409 = FACE_OUTER_BOUND ( 'NONE', #3365, .T. ) ;
#5410 = ORIENTED_EDGE ( 'NONE', *, *, #1447, .T. ) ;
#5411 = EDGE_LOOP ( 'NONE', ( #8351, #2912, #1129, #4009 ) ) ;
#5412 = ORIENTED_EDGE ( 'NONE', *, *, #2549, .F. ) ;
#5413 = CIRCLE ( 'NONE', #6894, 2.000000000000001776 ) ;
#5414 = DIRECTION ( 'NONE',  ( -1.000000000000000000, 0.000000000000000000, 0.000000000000000000 ) ) ;
#5415 = VECTOR ( 'NONE', #9154, 1000.000000000000000 ) ;
#5416 = DIRECTION ( 'NONE',  ( -0.000000000000000000, -0.000000000000000000, -1.000000000000000000 ) ) ;
#5417 = CARTESIAN_POINT ( 'NONE',  ( 0.000000000000000000, 0.000000000000000000, 0.4999999999999831246 ) ) ;
#5418 = DIRECTION ( 'NONE',  ( -1.000000000000000000, 0.000000000000000000, 0.000000000000000000 ) ) ;
#5419 = DIRECTION ( 'NONE',  ( -0.000000000000000000, 0.000000000000000000, 1.000000000000000000 ) ) ;
#5420 = DIRECTION ( 'NONE',  ( 1.000000000000000000, -5.329070518200751394E-15, 0.000000000000000000 ) ) ;
#5421 = FACE_OUTER_BOUND ( 'NONE', #2824, .T. ) ;
#5422 = AXIS2_PLACEMENT_3D ( 'NONE', #4155, #9122, #6946 ) ;
#5423 = MANIFOLD_SOLID_BREP ( '\X2\501289d2\X0\1', #3928 ) ;
#5424 = LINE ( 'NONE', #7632, #3293 ) ;
#5425 = ORIENTED_EDGE ( 'NONE', *, *, #6293, .F. ) ;
#5426 = CARTESIAN_POINT ( 'NONE',  ( 5.272727272727273373, 19.29244274599351883, -0.0009999999999992653654 ) ) ;
#5427 = EDGE_CURVE ( 'NONE', #9150, #7468, #3046, .T. ) ;
#5428 = CIRCLE ( 'NONE', #6330, 20.49999999999998934 ) ;
#5429 = ORIENTED_EDGE ( 'NONE', *, *, #4849, .T. ) ;
#5430 = AXIS2_PLACEMENT_3D ( 'NONE', #3282, #2585, #5420 ) ;
#5431 = CARTESIAN_POINT ( 'NONE',  ( -23.11762239271882535, -8.959103465618918349, 3.500000000000000444 ) ) ;
#5432 = ORIENTED_EDGE ( 'NONE', *, *, #7663, .F. ) ;
#5433 = CARTESIAN_POINT ( 'NONE',  ( -20.11140353916377066, -18.01475638705422000, 0.4999999999999831246 ) ) ;
#5434 = DIRECTION ( 'NONE',  ( -0.9789804197376047457, -0.2039542541120019370, 0.000000000000000000 ) ) ;
#5435 = ORIENTED_EDGE ( 'NONE', *, *, #7511, .F. ) ;
#5436 = ORIENTED_EDGE ( 'NONE', *, *, #9021, .F. ) ;
#5437 = AXIS2_PLACEMENT_3D ( 'NONE', #5114, #2194, #5668 ) ;
#5438 = EDGE_CURVE ( 'NONE', #9072, #8017, #1242, .T. ) ;
#5439 = AXIS2_PLACEMENT_3D ( 'NONE', #2273, #1535, #6630 ) ;
#5440 = FACE_OUTER_BOUND ( 'NONE', #8782, .T. ) ;
#5441 = ADVANCED_FACE ( 'NONE', ( #1224 ), #8660, .T. ) ;
#5442 = EDGE_CURVE ( 'NONE', #7235, #2654, #7652, .T. ) ;
#5443 = ADVANCED_FACE ( 'NONE', ( #3261 ), #7472, .F. ) ;
#5444 = FACE_OUTER_BOUND ( 'NONE', #6674, .T. ) ;
#5445 = CARTESIAN_POINT ( 'NONE',  ( -26.42408113730069275, 19.76785107312754164, 8.000000000000000000 ) ) ;
#5446 = DIRECTION ( 'NONE',  ( 0.9848077530122086864, 0.1736481776669268340, 0.000000000000000000 ) ) ;
#5447 = EDGE_LOOP ( 'NONE', ( #5536, #7994, #6146, #694 ) ) ;
#5448 = CIRCLE ( 'NONE', #7846, 20.49999999999999289 ) ;
#5449 = ORIENTED_EDGE ( 'NONE', *, *, #1068, .T. ) ;
#5450 = DIRECTION ( 'NONE',  ( -1.000000000000000000, 0.000000000000000000, 0.000000000000000000 ) ) ;
#5451 = CARTESIAN_POINT ( 'NONE',  ( 11.99999999999993960, 20.78460969082655652, 3.999999999999999112 ) ) ;
#5452 = CARTESIAN_POINT ( 'NONE',  ( 20.11140353916389145, 18.01475638705407789, 8.000000000000000000 ) ) ;
#5453 = AXIS2_PLACEMENT_3D ( 'NONE', #2296, #886, #2378 ) ;
#5454 = AXIS2_PLACEMENT_3D ( 'NONE', #4047, #1881, #8327 ) ;
#5455 = EDGE_CURVE ( 'NONE', #1220, #1914, #8345, .T. ) ;
#5456 = ORIENTED_EDGE ( 'NONE', *, *, #7311, .T. ) ;
#5457 = CARTESIAN_POINT ( 'NONE',  ( 19.71320343559646204, 16.57757573283802799, 0.3000000000000112022 ) ) ;
#5458 = EDGE_LOOP ( 'NONE', ( #4638, #4910, #8705, #5893 ) ) ;
#5459 = VERTEX_POINT ( 'NONE', #4108 ) ;
#5460 = ORIENTED_EDGE ( 'NONE', *, *, #6649, .T. ) ;
#5461 = VERTEX_POINT ( 'NONE', #5400 ) ;
#5462 = DIRECTION ( 'NONE',  ( 0.000000000000000000, 0.000000000000000000, -1.000000000000000000 ) ) ;
#5463 = CARTESIAN_POINT ( 'NONE',  ( 21.21762239271877704, 12.24999999999995381, 7.500000000000007105 ) ) ;
#5464 = DIRECTION ( 'NONE',  ( -0.7071067811865517916, 0.000000000000000000, -0.7071067811865432429 ) ) ;
#5465 = FACE_OUTER_BOUND ( 'NONE', #1577, .T. ) ;
#5466 = DIRECTION ( 'NONE',  ( 0.000000000000000000, 0.000000000000000000, 1.000000000000000000 ) ) ;
#5467 = CARTESIAN_POINT ( 'NONE',  ( -18.24679157355295800, -19.68005582490345873, 8.000000000000000000 ) ) ;
#5468 = FACE_OUTER_BOUND ( 'NONE', #6995, .T. ) ;
#5469 = ORIENTED_EDGE ( 'NONE', *, *, #6881, .T. ) ;
#5470 = VECTOR ( 'NONE', #8093, 1000.000000000000114 ) ;
#5471 = VERTEX_POINT ( 'NONE', #4056 ) ;
#5472 = CARTESIAN_POINT ( 'NONE',  ( -6.161705449549503832, -29.36040507133701283, 7.500000000000009770 ) ) ;
#5473 = DIRECTION ( 'NONE',  ( -0.000000000000000000, -0.000000000000000000, -1.000000000000000000 ) ) ;
#5474 = CARTESIAN_POINT ( 'NONE',  ( 16.44425530805236235, -11.38360520062039249, 0.4999999999999831246 ) ) ;
#5475 = DIRECTION ( 'NONE',  ( 0.000000000000000000, 0.000000000000000000, -1.000000000000000000 ) ) ;
#5476 = DIRECTION ( 'NONE',  ( 0.000000000000000000, 0.000000000000000000, 1.000000000000000000 ) ) ;
#5477 = CIRCLE ( 'NONE', #2656, 1.500000000000008216 ) ;
#5478 = EDGE_LOOP ( 'NONE', ( #873, #2391, #4623, #6546 ) ) ;
#5479 = CARTESIAN_POINT ( 'NONE',  ( -18.31001060738571695, -9.219192565372637205, 0.000000000000000000 ) ) ;
#5480 = DIRECTION ( 'NONE',  ( 0.8660254037844439257, -0.4999999999999908962, 0.000000000000000000 ) ) ;
#5481 = DIRECTION ( 'NONE',  ( -0.000000000000000000, -0.000000000000000000, -1.000000000000000000 ) ) ;
#5482 = ORIENTED_EDGE ( 'NONE', *, *, #4613, .F. ) ;
#5483 = EDGE_CURVE ( 'NONE', #3969, #3195, #8722, .T. ) ;
#5484 = DIRECTION ( 'NONE',  ( 0.3535533905932684573, -0.6123724356957984671, 0.7071067811865469066 ) ) ;
#5485 = DIRECTION ( 'NONE',  ( -1.000000000000000000, 0.000000000000000000, 0.000000000000000000 ) ) ;
#5486 = ORIENTED_EDGE ( 'NONE', *, *, #2440, .F. ) ;
#5487 = VERTEX_POINT ( 'NONE', #4344 ) ;
#5488 = CIRCLE ( 'NONE', #7304, 3.000000000000000888 ) ;
#5489 = LINE ( 'NONE', #6192, #1908 ) ;
#5490 = LINE ( 'NONE', #3304, #1013 ) ;
#5491 = ORIENTED_EDGE ( 'NONE', *, *, #740, .T. ) ;
#5492 = EDGE_CURVE ( 'NONE', #626, #847, #757, .T. ) ;
#5493 = EDGE_LOOP ( 'NONE', ( #618, #7266, #4687, #3455 ) ) ;
#5494 = ADVANCED_FACE ( 'NONE', ( #5045 ), #5604, .F. ) ;
#5495 = ORIENTED_EDGE ( 'NONE', *, *, #1318, .T. ) ;
#5496 = ADVANCED_FACE ( 'NONE', ( #8524 ), #5835, .F. ) ;
#5497 = VECTOR ( 'NONE', #6313, 1000.000000000000000 ) ;
#5498 = DIRECTION ( 'NONE',  ( 0.000000000000000000, 0.000000000000000000, -1.000000000000000000 ) ) ;
#5499 = CARTESIAN_POINT ( 'NONE',  ( -8.403477940764624066, -18.15006596977981701, 5.384858111591650065 ) ) ;
#5500 = CARTESIAN_POINT ( 'NONE',  ( 6.161705449549705449, 29.36040507133697020, 7.500000000000007105 ) ) ;
#5501 = ORIENTED_EDGE ( 'NONE', *, *, #6239, .T. ) ;
#5502 = DIRECTION ( 'NONE',  ( 0.1864190604946345531, 0.6820908545672591528, 0.7071067811865502373 ) ) ;
#5503 = ORIENTED_EDGE ( 'NONE', *, *, #8246, .F. ) ;
#5504 = ORIENTED_EDGE ( 'NONE', *, *, #8914, .T. ) ;
#5505 = EDGE_LOOP ( 'NONE', ( #1035, #2833, #6617, #9034 ) ) ;
#5506 = CARTESIAN_POINT ( 'NONE',  ( 17.14259752787363311, 19.19432130080187804, 0.4999999999999831246 ) ) ;
#5507 = LINE ( 'NONE', #1291, #2481 ) ;
#5508 = EDGE_CURVE ( 'NONE', #2669, #8889, #5680, .T. ) ;
#5509 = FACE_OUTER_BOUND ( 'NONE', #6608, .T. ) ;
#5510 = EDGE_CURVE ( 'NONE', #3257, #6250, #5365, .T. ) ;
#5511 = DIRECTION ( 'NONE',  ( 1.000000000000000000, 0.000000000000000000, 0.000000000000000000 ) ) ;
#5512 = DIRECTION ( 'NONE',  ( -0.000000000000000000, -0.000000000000000000, 1.000000000000000000 ) ) ;
#5513 = DIRECTION ( 'NONE',  ( -0.3535533905932759513, -0.6123724356957939152, -0.7071067811865470176 ) ) ;
#5514 = EDGE_LOOP ( 'NONE', ( #35, #7617, #8724, #8154 ) ) ;
#5515 = ORIENTED_EDGE ( 'NONE', *, *, #8024, .F. ) ;
#5516 = LINE ( 'NONE', #8353, #412 ) ;
#5517 = CARTESIAN_POINT ( 'NONE',  ( -19.87471724452117883, 2.235274942155162314, 3.703869528544307510 ) ) ;
#5518 = CARTESIAN_POINT ( 'NONE',  ( -9.004243673682960747, -17.86048789438276074, 2.033735400249741421 ) ) ;
#5519 = DIRECTION ( 'NONE',  ( -0.6661197751397005540, -0.7458447862443196019, 0.000000000000000000 ) ) ;
#5520 = CIRCLE ( 'NONE', #3285, 2.500000000000009326 ) ;
#5521 = DIRECTION ( 'NONE',  ( 4.588859039144119206E-16, -1.000000000000000000, 0.000000000000000000 ) ) ;
#5522 = CARTESIAN_POINT ( 'NONE',  ( 20.27852007099588860, -7.319946975915660126, 7.500000000000007105 ) ) ;
#5523 = ORIENTED_EDGE ( 'NONE', *, *, #8694, .F. ) ;
#5524 = FACE_OUTER_BOUND ( 'NONE', #1417, .T. ) ;
#5525 = ORIENTED_EDGE ( 'NONE', *, *, #4487, .F. ) ;
#5526 = VECTOR ( 'NONE', #8231, 1000.000000000000000 ) ;
#5527 = VERTEX_POINT ( 'NONE', #2705 ) ;
#5528 = CIRCLE ( 'NONE', #5099, 3.800000000000000711 ) ;
#5529 = DIRECTION ( 'NONE',  ( 3.717264591378873190E-16, -1.000000000000000000, 0.000000000000000000 ) ) ;
#5530 = LINE ( 'NONE', #8371, #2613 ) ;
#5531 = CYLINDRICAL_SURFACE ( 'NONE', #931, 2.000000000000001776 ) ;
#5532 = CARTESIAN_POINT ( 'NONE',  ( 10.62090229280234155, 16.94741991204668352, 1.864654433867217742 ) ) ;
#5533 = CIRCLE ( 'NONE', #1551, 1.999999999999991340 ) ;
#5534 = CARTESIAN_POINT ( 'NONE',  ( 7.987960088488567756, 18.33555272209468257, 3.999999999999998224 ) ) ;
#5535 = AXIS2_PLACEMENT_3D ( 'NONE', #334, #3131, #5529 ) ;
#5536 = ORIENTED_EDGE ( 'NONE', *, *, #4196, .T. ) ;
#5537 = DIRECTION ( 'NONE',  ( -0.2039542541120019647, 0.9789804197376048567, 0.000000000000000000 ) ) ;
#5538 = EDGE_CURVE ( 'NONE', #6825, #4285, #8929, .T. ) ;
#5539 = CARTESIAN_POINT ( 'NONE',  ( 16.52050807568882007, 9.999999999999916511, 5.762741699796959161 ) ) ;
#5540 = EDGE_LOOP ( 'NONE', ( #8676, #4640, #8115, #6169 ) ) ;
#5541 = ORIENTED_EDGE ( 'NONE', *, *, #2343, .F. ) ;
#5542 = AXIS2_PLACEMENT_3D ( 'NONE', #6581, #4505, #211 ) ;
#5543 = FACE_OUTER_BOUND ( 'NONE', #4304, .T. ) ;
#5544 = VERTEX_POINT ( 'NONE', #2169 ) ;
#5545 = DIRECTION ( 'NONE',  ( 0.000000000000000000, 0.000000000000000000, 1.000000000000000000 ) ) ;
#5546 = CARTESIAN_POINT ( 'NONE',  ( -10.13023094468332808, -17.24530478700856762, 6.249889012382966236 ) ) ;
#5547 = AXIS2_PLACEMENT_3D ( 'NONE', #4777, #4874, #7060 ) ;
#5548 = EDGE_CURVE ( 'NONE', #2923, #7749, #2808, .T. ) ;
#5549 = DIRECTION ( 'NONE',  ( 0.000000000000000000, 0.000000000000000000, 1.000000000000000000 ) ) ;
#5550 = ORIENTED_EDGE ( 'NONE', *, *, #6077, .T. ) ;
#5551 = DIRECTION ( 'NONE',  ( -1.000000000000000000, 0.000000000000000000, 0.000000000000000000 ) ) ;
#5552 = ORIENTED_EDGE ( 'NONE', *, *, #6978, .F. ) ;
#5553 = ORIENTED_EDGE ( 'NONE', *, *, #7851, .F. ) ;
#5554 = CARTESIAN_POINT ( 'NONE',  ( 28.03258089225492000, -9.188275600959334710, 0.000000000000000000 ) ) ;
#5555 = CARTESIAN_POINT ( 'NONE',  ( -5.461001762769210011, 32.41559010823218046, -18.16314593833186919 ) ) ;
#5556 = ORIENTED_EDGE ( 'NONE', *, *, #2604, .F. ) ;
#5557 = DIRECTION ( 'NONE',  ( 0.8660254037844361541, -0.5000000000000042188, 0.000000000000000000 ) ) ;
#5558 = CARTESIAN_POINT ( 'NONE',  ( 18.71320343559646204, 16.57757573283802799, 0.3000000000000112022 ) ) ;
#5559 = VECTOR ( 'NONE', #8129, 1000.000000000000000 ) ;
#5560 = CARTESIAN_POINT ( 'NONE',  ( -3.799999999999999378, -17.50000000000000000, 3.500000000000000444 ) ) ;
#5561 = VECTOR ( 'NONE', #5083, 1000.000000000000000 ) ;
#5562 = AXIS2_PLACEMENT_3D ( 'NONE', #2358, #6667, #3047 ) ;
#5563 = CARTESIAN_POINT ( 'NONE',  ( -23.11762239271882535, -8.959103465618918349, 3.500000000000000444 ) ) ;
#5564 = CARTESIAN_POINT ( 'NONE',  ( -5.156029736768931393, 29.29357504081828267, 7.999999999999998224 ) ) ;
#5565 = EDGE_LOOP ( 'NONE', ( #575, #19, #7548, #2907 ) ) ;
#5566 = ORIENTED_EDGE ( 'NONE', *, *, #6743, .F. ) ;
#5567 = EDGE_CURVE ( 'NONE', #8583, #4455, #6387, .T. ) ;
#5568 = EDGE_CURVE ( 'NONE', #7979, #2611, #8205, .T. ) ;
#5569 = CONICAL_SURFACE ( 'NONE', #8703, 29.50000000000000355, 0.7853981633974517207 ) ;
#5570 = B_SPLINE_SURFACE_WITH_KNOTS ( 'NONE', 1, 3, ( 
 ( #2141, #8697, #7070, #3671, #689, #829, #6510, #2830, #8604, #5669, #8498, #4975, #7819, #1448, #6405, #5720, #8554, #2195, #5026, #7872, #1502, #4321, #7160, #779, #3618, #6456, #2928, #5774, #5070, #1543 ),
 ( #7312, #8100, #5294, #8829, #2463, #5912, #1644, #8789, #6038, #7444, #8875, #3809, #4473, #224, #5250, #5961, #972, #8144, #1684, #4606, #5325, #8054, #1060, #6638, #267, #923, #1733, #8014, #1105, #2503 ) ),
 .UNSPECIFIED., .F., .F., .F.,
 ( 2, 2 ),
 ( 4, 2, 2, 2, 2, 2, 2, 2, 2, 2, 2, 2, 2, 2, 4 ),
 ( 0.000000000000000000, 1.000000000000000000 ),
 ( 0.000000000000000000, 0.0003564726404281693566, 0.0007129452808563387133, 0.0008911816010704234729, 0.001069417921284508124, 0.001247654241498592775, 0.001425890561712677427, 0.001604126881926762078, 0.001782363202140846946, 0.001960599522354931380, 0.002138835842569016248, 0.002317072162783101116, 0.002406190322890143334, 0.002495308482997185551, 0.002851781123425354853 ),
 .UNSPECIFIED. ) ;
#5571 = EDGE_LOOP ( 'NONE', ( #5388, #5158, #4005, #7428, #6736, #474, #2126 ) ) ;
#5572 = FACE_OUTER_BOUND ( 'NONE', #5191, .T. ) ;
#5573 = CONICAL_SURFACE ( 'NONE', #7065, 0.8999999999999910294, 0.7853981633974552734 ) ;
#5574 = CARTESIAN_POINT ( 'NONE',  ( 0.000000000000000000, 0.000000000000000000, 7.500000000000007105 ) ) ;
#5575 = CARTESIAN_POINT ( 'NONE',  ( -9.744874539673730851, -17.46779088059723861, 1.750107373978373460 ) ) ;
#5576 = CARTESIAN_POINT ( 'NONE',  ( -5.516234125053980364, 29.93002803925680411, 7.520480482772885722 ) ) ;
#5577 = CONICAL_SURFACE ( 'NONE', #2598, 2.500000000000012434, 0.7853981633974543852 ) ;
#5578 = DIRECTION ( 'NONE',  ( -0.01513443590133907966, 0.08583165117743382644, -0.9961946980917453232 ) ) ;
#5579 = DIRECTION ( 'NONE',  ( -0.1442174361344418787, -0.6922436934453155555, 0.7071067811865446862 ) ) ;
#5580 = ORIENTED_EDGE ( 'NONE', *, *, #4135, .T. ) ;
#5581 = DIRECTION ( 'NONE',  ( 1.000000000000000000, 0.000000000000000000, 0.000000000000000000 ) ) ;
#5582 = EDGE_CURVE ( 'NONE', #9062, #5544, #1687, .T. ) ;
#5583 = CARTESIAN_POINT ( 'NONE',  ( 0.000000000000000000, 0.000000000000000000, 7.500000000000007105 ) ) ;
#5584 = DIRECTION ( 'NONE',  ( 0.000000000000000000, 0.000000000000000000, 1.000000000000000000 ) ) ;
#5585 = AXIS2_PLACEMENT_3D ( 'NONE', #7164, #1005, #8858 ) ;
#5586 = FACE_OUTER_BOUND ( 'NONE', #4729, .T. ) ;
#5587 = DIRECTION ( 'NONE',  ( -0.000000000000000000, -0.000000000000000000, 1.000000000000000000 ) ) ;
#5588 = CARTESIAN_POINT ( 'NONE',  ( -19.31762239271888859, -15.54089653438068908, 3.500000000000000444 ) ) ;
#5589 = DIRECTION ( 'NONE',  ( -0.6716093422004307811, 0.2212258833615723119, 0.7071067811865451302 ) ) ;
#5590 = DIRECTION ( 'NONE',  ( 0.000000000000000000, 1.000000000000000000, 0.000000000000000000 ) ) ;
#5591 = CARTESIAN_POINT ( 'NONE',  ( -23.11762239271882535, -8.959103465618918349, 7.500000000000007105 ) ) ;
#5592 = CIRCLE ( 'NONE', #5295, 2.999999999999999112 ) ;
#5593 = DIRECTION ( 'NONE',  ( 0.1442174361344404077, -0.6922436934453106705, 0.7071067811865500152 ) ) ;
#5594 = VECTOR ( 'NONE', #7759, 1000.000000000000114 ) ;
#5595 = DIRECTION ( 'NONE',  ( -0.7071067811865435759, 0.000000000000000000, -0.7071067811865515695 ) ) ;
#5596 = B_SPLINE_CURVE_WITH_KNOTS ( 'NONE', 3,
 ( #50, #1322, #605, #7132, #3584, #7833, #1514, #796, #3538, #6380, #2888, #5682, #3490, #7175, #9109, #5737, #3632, #8568, #3435, #2209, #6471, #6331, #6274, #2695, #9161, #5534 ),
 .UNSPECIFIED., .F., .F.,
 ( 4, 2, 2, 2, 2, 2, 2, 2, 2, 2, 2, 2, 4 ),
 ( 0.007040093150452967664, 0.007919896263996386437, 0.008799699377539806078, 0.009239600934311517633, 0.009679502491083232657, 0.01011940404785494421, 0.01055930560462665750, 0.01099920716139837079, 0.01143910871817008235, 0.01187901027494179390, 0.01231891183171350893, 0.01319871494525693550, 0.01407851805880036208 ),
 .UNSPECIFIED. ) ;
#5597 = DIRECTION ( 'NONE',  ( -0.000000000000000000, -0.000000000000000000, -1.000000000000000000 ) ) ;
#5598 = FACE_OUTER_BOUND ( 'NONE', #2554, .T. ) ;
#5599 = VERTEX_POINT ( 'NONE', #1473 ) ;
#5600 = ORIENTED_EDGE ( 'NONE', *, *, #5330, .F. ) ;
#5601 = AXIS2_PLACEMENT_3D ( 'NONE', #797, #3539, #5082 ) ;
#5602 = DIRECTION ( 'NONE',  ( 0.000000000000000000, 0.000000000000000000, -1.000000000000000000 ) ) ;
#5603 = CARTESIAN_POINT ( 'NONE',  ( 19.87303449400720012, 2.250000000000008882, 3.851175750335235737 ) ) ;
#5604 = PLANE ( 'NONE',  #3436 ) ;
#5605 = ADVANCED_FACE ( 'NONE', ( #5748 ), #4301, .T. ) ;
#5606 = LINE ( 'NONE', #4678, #9138 ) ;
#5607 = AXIS2_PLACEMENT_3D ( 'NONE', #7656, #9033, #4157 ) ;
#5608 = LINE ( 'NONE', #4957, #2456 ) ;
#5609 = ORIENTED_EDGE ( 'NONE', *, *, #1477, .F. ) ;
#5610 = VERTEX_POINT ( 'NONE', #2218 ) ;
#5611 = CARTESIAN_POINT ( 'NONE',  ( 0.000000000000000000, 0.000000000000000000, 7.500000000000009770 ) ) ;
#5612 = CARTESIAN_POINT ( 'NONE',  ( 21.97357053353091771, 19.68278938585538640, 0.000000000000000000 ) ) ;
#5613 = CYLINDRICAL_SURFACE ( 'NONE', #6897, 4.000000000000000000 ) ;
#5614 = VECTOR ( 'NONE', #1690, 1000.000000000000000 ) ;
#5615 = CYLINDRICAL_SURFACE ( 'NONE', #4982, 3.800000000000001155 ) ;
#5616 = VECTOR ( 'NONE', #1208, 999.9999999999998863 ) ;
#5617 = DIRECTION ( 'NONE',  ( 0.000000000000000000, 0.000000000000000000, 1.000000000000000000 ) ) ;
#5618 = DIRECTION ( 'NONE',  ( 0.000000000000000000, 0.000000000000000000, 1.000000000000000000 ) ) ;
#5619 = ORIENTED_EDGE ( 'NONE', *, *, #2050, .F. ) ;
#5620 = ORIENTED_EDGE ( 'NONE', *, *, #5582, .T. ) ;
#5621 = CYLINDRICAL_SURFACE ( 'NONE', #7715, 2.000000000000000000 ) ;
#5622 = CONICAL_SURFACE ( 'NONE', #6792, 2.500000000000002220, 0.7853981633974552734 ) ;
#5623 = FACE_OUTER_BOUND ( 'NONE', #3614, .T. ) ;
#5624 = CARTESIAN_POINT ( 'NONE',  ( -8.496785683260499766, -18.10567481902088716, 2.512384134223439869 ) ) ;
#5625 = CYLINDRICAL_SURFACE ( 'NONE', #7243, 2.250000000000000888 ) ;
#5626 = EDGE_CURVE ( 'NONE', #6390, #1759, #3448, .T. ) ;
#5627 = EDGE_CURVE ( 'NONE', #3275, #3837, #7319, .T. ) ;
#5628 = EDGE_CURVE ( 'NONE', #7307, #1009, #5520, .T. ) ;
#5629 = DIRECTION ( 'NONE',  ( 0.000000000000000000, 0.000000000000000000, 1.000000000000000000 ) ) ;
#5630 = DIRECTION ( 'NONE',  ( -0.000000000000000000, -0.000000000000000000, 1.000000000000000000 ) ) ;
#5631 = CIRCLE ( 'NONE', #4457, 1.500000000000008216 ) ;
#5632 = FACE_OUTER_BOUND ( 'NONE', #1520, .T. ) ;
#5633 = DIRECTION ( 'NONE',  ( 1.000000000000000000, 0.000000000000000000, 0.000000000000000000 ) ) ;
#5634 = CIRCLE ( 'NONE', #1647, 1.199999999999996625 ) ;
#5635 = CARTESIAN_POINT ( 'NONE',  ( -5.272727272727273373, 19.29244274599351883, 7.500000000000007105 ) ) ;
#5636 = DIRECTION ( 'NONE',  ( 0.000000000000000000, -0.000000000000000000, 1.000000000000000000 ) ) ;
#5637 = EDGE_CURVE ( 'NONE', #6960, #4285, #661, .T. ) ;
#5638 = CARTESIAN_POINT ( 'NONE',  ( 25.19406861883199511, 5.248764295590000017, 7.500000000000007105 ) ) ;
#5639 = ADVANCED_FACE ( 'NONE', ( #2309 ), #4034, .F. ) ;
#5640 = EDGE_CURVE ( 'NONE', #6257, #3257, #3595, .T. ) ;
#5641 = LINE ( 'NONE', #150, #5704 ) ;
#5642 = DIRECTION ( 'NONE',  ( -0.000000000000000000, -0.000000000000000000, -1.000000000000000000 ) ) ;
#5643 = DIRECTION ( 'NONE',  ( 0.1442174361344423783, 0.6922436934453179980, 0.7071067811865423547 ) ) ;
#5644 = EDGE_LOOP ( 'NONE', ( #7924, #6586, #2211, #5711 ) ) ;
#5645 = ORIENTED_EDGE ( 'NONE', *, *, #7851, .T. ) ;
#5646 = ORIENTED_EDGE ( 'NONE', *, *, #3396, .T. ) ;
#5647 = DIRECTION ( 'NONE',  ( -4.588859039144119206E-16, 1.000000000000000000, 0.000000000000000000 ) ) ;
#5648 = CARTESIAN_POINT ( 'NONE',  ( 4.299999999999990941, 21.22168702059287071, 8.000000000000000000 ) ) ;
#5649 = DIRECTION ( 'NONE',  ( 0.8660254037844431485, 0.4999999999999923395, 0.000000000000000000 ) ) ;
#5650 = DIRECTION ( 'NONE',  ( -0.2039542541120011598, -0.9789804197376049677, 0.000000000000000000 ) ) ;
#5651 = VECTOR ( 'NONE', #8347, 1000.000000000000000 ) ;
#5652 = CARTESIAN_POINT ( 'NONE',  ( 3.799999999999999378, 24.50000000000000000, 7.500000000000007105 ) ) ;
#5653 = DIRECTION ( 'NONE',  ( -0.1736481776669278887, 0.9848077530122085754, 0.000000000000000000 ) ) ;
#5654 = ORIENTED_EDGE ( 'NONE', *, *, #2778, .T. ) ;
#5655 = LINE ( 'NONE', #2124, #4075 ) ;
#5656 = ORIENTED_EDGE ( 'NONE', *, *, #6416, .F. ) ;
#5657 = CARTESIAN_POINT ( 'NONE',  ( -3.800000000000002043, 24.50000000000000000, 3.500000000000000444 ) ) ;
#5658 = DIRECTION ( 'NONE',  ( 0.000000000000000000, 0.000000000000000000, 1.000000000000000000 ) ) ;
#5659 = CARTESIAN_POINT ( 'NONE',  ( -28.50770938195415027, -9.344009085721356911, 0.4999999999999831246 ) ) ;
#5660 = DIRECTION ( 'NONE',  ( -0.000000000000000000, -0.000000000000000000, -1.000000000000000000 ) ) ;
#5661 = DIRECTION ( 'NONE',  ( -0.8660254037844365982, 0.5000000000000036637, 0.000000000000000000 ) ) ;
#5662 = DIRECTION ( 'NONE',  ( 0.3535533905932694565, -0.6123724356957941373, 0.7071067811865500152 ) ) ;
#5663 = ORIENTED_EDGE ( 'NONE', *, *, #1823, .F. ) ;
#5664 = VECTOR ( 'NONE', #7336, 999.9999999999998863 ) ;
#5665 = EDGE_LOOP ( 'NONE', ( #6198, #6891, #8571, #30, #6741, #7506 ) ) ;
#5666 = ORIENTED_EDGE ( 'NONE', *, *, #2248, .T. ) ;
#5667 = FACE_OUTER_BOUND ( 'NONE', #8307, .T. ) ;
#5668 = DIRECTION ( 'NONE',  ( 1.000000000000000000, 0.000000000000000000, 0.000000000000000000 ) ) ;
#5669 = CARTESIAN_POINT ( 'NONE',  ( -5.039603650325127582, 29.27059648327511709, 8.000000000000001776 ) ) ;
#5670 = CARTESIAN_POINT ( 'NONE',  ( -19.82771188433714826, -5.206903247777413313, 8.000000000000000000 ) ) ;
#5671 = CARTESIAN_POINT ( 'NONE',  ( 17.44427368066899930, 9.209631683944740743, 3.500000000000000444 ) ) ;
#5672 = ORIENTED_EDGE ( 'NONE', *, *, #8406, .T. ) ;
#5673 = CARTESIAN_POINT ( 'NONE',  ( -21.27852007099586018, 5.587896168346938808, 7.500000000000007105 ) ) ;
#5674 = EDGE_CURVE ( 'NONE', #3966, #5059, #240, .T. ) ;
#5675 = DIRECTION ( 'NONE',  ( -0.8660254037844395958, -0.4999999999999983347, 0.000000000000000000 ) ) ;
#5676 = EDGE_CURVE ( 'NONE', #68, #4411, #5139, .T. ) ;
#5677 = CARTESIAN_POINT ( 'NONE',  ( 0.000000000000000000, 0.000000000000000000, 3.500000000000000444 ) ) ;
#5678 = CARTESIAN_POINT ( 'NONE',  ( 18.71320343559646204, 16.57757573283802799, 3.000000000000000000 ) ) ;
#5679 = DIRECTION ( 'NONE',  ( 0.000000000000000000, 0.000000000000000000, 1.000000000000000000 ) ) ;
#5680 = CIRCLE ( 'NONE', #2429, 0.3000000000000120348 ) ;
#5681 = CARTESIAN_POINT ( 'NONE',  ( -28.65693844375873311, -8.409608177149221930, 8.000000000000000000 ) ) ;
#5682 = CARTESIAN_POINT ( 'NONE',  ( 10.25601740569117482, 17.17075414774842912, 6.235181552354070789 ) ) ;
#5683 = AXIS2_PLACEMENT_3D ( 'NONE', #4977, #831, #2332 ) ;
#5684 = EDGE_CURVE ( 'NONE', #3867, #1243, #937, .T. ) ;
#5685 = ADVANCED_FACE ( 'NONE', ( #5794 ), #38, .T. ) ;
#5686 = EDGE_CURVE ( 'NONE', #4969, #1521, #1536, .T. ) ;
#5687 = DIRECTION ( 'NONE',  ( -1.000000000000000000, 0.000000000000000000, 0.000000000000000000 ) ) ;
#5688 = ORIENTED_EDGE ( 'NONE', *, *, #1937, .F. ) ;
#5689 = VERTEX_POINT ( 'NONE', #7238 ) ;
#5690 = ORIENTED_EDGE ( 'NONE', *, *, #2652, .T. ) ;
#5691 = FACE_OUTER_BOUND ( 'NONE', #7074, .T. ) ;
#5692 = CARTESIAN_POINT ( 'NONE',  ( 25.65693844375873311, -8.409608177149218378, 8.000000000000000000 ) ) ;
#5693 = CIRCLE ( 'NONE', #8078, 2.500000000000009326 ) ;
#5694 = AXIS2_PLACEMENT_3D ( 'NONE', #8908, #6677, #1772 ) ;
#5695 = CARTESIAN_POINT ( 'NONE',  ( 1.360023205165817945E-15, -24.50000000000000000, 3.500000000000000444 ) ) ;
#5696 = CARTESIAN_POINT ( 'NONE',  ( -28.65693844375873311, -8.409608177149221930, 7.500000000000009770 ) ) ;
#5697 = ADVANCED_FACE ( 'NONE', ( #8671 ), #2557, .T. ) ;
#5698 = CARTESIAN_POINT ( 'NONE',  ( 25.09209149177599940, 5.738254505458791677, 0.000000000000000000 ) ) ;
#5699 = VERTEX_POINT ( 'NONE', #5338 ) ;
#5700 = CIRCLE ( 'NONE', #5542, 20.00000000000000000 ) ;
#5701 = DIRECTION ( 'NONE',  ( 1.000000000000000000, 1.734723475976807094E-15, 0.000000000000000000 ) ) ;
#5702 = VERTEX_POINT ( 'NONE', #7496 ) ;
#5703 = AXIS2_PLACEMENT_3D ( 'NONE', #6160, #4816, #6348 ) ;
#5704 = VECTOR ( 'NONE', #13, 1000.000000000000000 ) ;
#5705 = ORIENTED_EDGE ( 'NONE', *, *, #6239, .F. ) ;
#5706 = CARTESIAN_POINT ( 'NONE',  ( 24.54669047984815577, -16.36184544868128654, 0.000000000000000000 ) ) ;
#5707 = DIRECTION ( 'NONE',  ( 1.000000000000000000, 0.000000000000000000, 0.000000000000000000 ) ) ;
#5708 = CIRCLE ( 'NONE', #8958, 0.7999999999999986011 ) ;
#5709 = LINE ( 'NONE', #210, #4527 ) ;
#5710 = CARTESIAN_POINT ( 'NONE',  ( -4.286946111921012381, 29.76709072069501261, 0.5031727965796064517 ) ) ;
#5711 = ORIENTED_EDGE ( 'NONE', *, *, #3230, .F. ) ;
#5712 = VECTOR ( 'NONE', #2252, 1000.000000000000227 ) ;
#5713 = VERTEX_POINT ( 'NONE', #1118 ) ;
#5714 = ORIENTED_EDGE ( 'NONE', *, *, #5129, .T. ) ;
#5715 = CARTESIAN_POINT ( 'NONE',  ( -5.096040968543468885, 30.34579459106647903, 5.859685873117676636 ) ) ;
#5716 = EDGE_LOOP ( 'NONE', ( #2535, #5989, #8016, #8029 ) ) ;
#5717 = AXIS2_PLACEMENT_3D ( 'NONE', #4840, #4281, #97 ) ;
#5718 = DIRECTION ( 'NONE',  ( 0.1729873939250869130, -0.9810602621904068732, -0.08715574274766207941 ) ) ;
#5719 = CARTESIAN_POINT ( 'NONE',  ( 19.97556768595678633, 0.9976311127888722874, 6.022116293331983172 ) ) ;
#5720 = CARTESIAN_POINT ( 'NONE',  ( -5.558642104773812598, 29.41166917570222950, 8.000000000000001776 ) ) ;
#5721 = CIRCLE ( 'NONE', #1570, 29.50000000000000355 ) ;
#5722 = LINE ( 'NONE', #5027, #4038 ) ;
#5723 = LINE ( 'NONE', #2786, #6029 ) ;
#5724 = ADVANCED_FACE ( 'NONE', ( #3955, #4394, #3695, #6781, #6529, #898 ), #406, .F. ) ;
#5725 = CARTESIAN_POINT ( 'NONE',  ( -21.21762239271885875, -12.24999999999980460, 7.500000000000007105 ) ) ;
#5726 = AXIS2_PLACEMENT_3D ( 'NONE', #3599, #2178, #5701 ) ;
#5727 = CIRCLE ( 'NONE', #8383, 30.00000000000000000 ) ;
#5728 = VECTOR ( 'NONE', #4916, 1000.000000000000114 ) ;
#5729 = FACE_BOUND ( 'NONE', #2472, .T. ) ;
#5730 = DIRECTION ( 'NONE',  ( -0.1729873939250868853, 0.9810602621904069842, 0.08715574274766180185 ) ) ;
#5731 = FACE_OUTER_BOUND ( 'NONE', #4124, .T. ) ;
#5732 = AXIS2_PLACEMENT_3D ( 'NONE', #5395, #4585, #9115 ) ;
#5733 = CARTESIAN_POINT ( 'NONE',  ( 21.21762239271877704, 12.24999999999995381, 3.500000000000000444 ) ) ;
#5734 = AXIS2_PLACEMENT_3D ( 'NONE', #3020, #6411, #2979 ) ;
#5735 = DIRECTION ( 'NONE',  ( 0.000000000000000000, 0.000000000000000000, -1.000000000000000000 ) ) ;
#5736 = EDGE_CURVE ( 'NONE', #1855, #890, #4489, .T. ) ;
#5737 = CARTESIAN_POINT ( 'NONE',  ( 9.492764790688701382, 17.60420755289376515, 6.178600303529425908 ) ) ;
#5738 = VECTOR ( 'NONE', #8074, 1000.000000000000000 ) ;
#5739 = CARTESIAN_POINT ( 'NONE',  ( -6.661077500980168153, 30.45736014849545725, 0.000000000000000000 ) ) ;
#5740 = ORIENTED_EDGE ( 'NONE', *, *, #6312, .T. ) ;
#5741 = ORIENTED_EDGE ( 'NONE', *, *, #2507, .F. ) ;
#5742 = VERTEX_POINT ( 'NONE', #7989 ) ;
#5743 = ADVANCED_FACE ( 'NONE', ( #1619 ), #194, .F. ) ;
#5744 = CARTESIAN_POINT ( 'NONE',  ( -6.245014829722849825, 30.74593893176524162, 0.5124473095387155341 ) ) ;
#5745 = CARTESIAN_POINT ( 'NONE',  ( 19.89763492594362759, 2.021720633793394839, 3.001549112155865284 ) ) ;
#5746 = AXIS2_PLACEMENT_3D ( 'NONE', #7563, #1332, #6286 ) ;
#5747 = EDGE_CURVE ( 'NONE', #8927, #1623, #5240, .T. ) ;
#5748 = FACE_OUTER_BOUND ( 'NONE', #2436, .T. ) ;
#5749 = EDGE_CURVE ( 'NONE', #8842, #2995, #5184, .T. ) ;
#5750 = EDGE_CURVE ( 'NONE', #8291, #6229, #1545, .T. ) ;
#5751 = CARTESIAN_POINT ( 'NONE',  ( -20.52852007099598453, -6.886934274023167823, 8.000000000000000000 ) ) ;
#5752 = EDGE_CURVE ( 'NONE', #1749, #7749, #6820, .T. ) ;
#5753 = CARTESIAN_POINT ( 'NONE',  ( -20.27852007099599163, -7.319946975915381238, 7.500000000000007105 ) ) ;
#5754 = EDGE_LOOP ( 'NONE', ( #7373, #2804, #6278, #4584 ) ) ;
#5755 = CIRCLE ( 'NONE', #8718, 1.000000000000000888 ) ;
#5756 = DIRECTION ( 'NONE',  ( -1.000000000000000000, 0.000000000000000000, 0.000000000000000000 ) ) ;
#5757 = AXIS2_PLACEMENT_3D ( 'NONE', #2377, #4479, #3068 ) ;
#5758 = ORIENTED_EDGE ( 'NONE', *, *, #7162, .T. ) ;
#5759 = FACE_OUTER_BOUND ( 'NONE', #5956, .T. ) ;
#5760 = CARTESIAN_POINT ( 'NONE',  ( -3.800000000000002043, 24.50000000000000000, 3.500000000000000444 ) ) ;
#5761 = EDGE_CURVE ( 'NONE', #2563, #3037, #3426, .T. ) ;
#5762 = CIRCLE ( 'NONE', #8419, 2.999999999999999112 ) ;
#5763 = LINE ( 'NONE', #5899, #8966 ) ;
#5764 = CARTESIAN_POINT ( 'NONE',  ( -4.456770078452115591, 29.78467676445879775, 0.5040117103793222419 ) ) ;
#5765 = EDGE_LOOP ( 'NONE', ( #8870, #3219, #4219, #932 ) ) ;
#5766 = PLANE ( 'NONE',  #8574 ) ;
#5767 = ORIENTED_EDGE ( 'NONE', *, *, #776, .T. ) ;
#5768 = ORIENTED_EDGE ( 'NONE', *, *, #4615, .F. ) ;
#5769 = CARTESIAN_POINT ( 'NONE',  ( -9.476169651492579504, -23.97379462949506745, 0.4999999999999831246 ) ) ;
#5770 = AXIS2_PLACEMENT_3D ( 'NONE', #871, #3712, #6713 ) ;
#5771 = DIRECTION ( 'NONE',  ( 0.8660254037844400399, -0.4999999999999976130, 0.000000000000000000 ) ) ;
#5772 = CARTESIAN_POINT ( 'NONE',  ( 19.88003818717542615, 2.190170065664589494, 4.592810171743047398 ) ) ;
#5773 = ADVANCED_FACE ( 'NONE', ( #448 ), #6421, .F. ) ;
#5774 = CARTESIAN_POINT ( 'NONE',  ( -6.405797292961472600, 29.84872304307342361, 8.000000000000005329 ) ) ;
#5775 = FACE_OUTER_BOUND ( 'NONE', #708, .T. ) ;
#5776 = CARTESIAN_POINT ( 'NONE',  ( -18.31001060738572406, -9.219192565372640757, 0.000000000000000000 ) ) ;
#5777 = CIRCLE ( 'NONE', #5308, 2.249999999999999556 ) ;
#5778 = DIRECTION ( 'NONE',  ( 0.000000000000000000, 0.000000000000000000, -1.000000000000000000 ) ) ;
#5779 = CARTESIAN_POINT ( 'NONE',  ( -9.476169651492579504, -23.97379462949506745, 7.500000000000009770 ) ) ;
#5780 = CARTESIAN_POINT ( 'NONE',  ( -23.39299222405513490, 21.51785107312753098, 8.000000000000000000 ) ) ;
#5781 = CARTESIAN_POINT ( 'NONE',  ( -4.806263634301755516, -19.47061290897579866, 3.053910558995101887 ) ) ;
#5782 = EDGE_CURVE ( 'NONE', #718, #1416, #7481, .T. ) ;
#5783 = VECTOR ( 'NONE', #3196, 1000.000000000000000 ) ;
#5784 = CARTESIAN_POINT ( 'NONE',  ( 3.300000000000011813, -21.92623998774071481, 0.000000000000000000 ) ) ;
#5785 = VECTOR ( 'NONE', #87, 1000.000000000000000 ) ;
#5786 = CARTESIAN_POINT ( 'NONE',  ( -5.062332957799798194, 29.41161058746627077, 0.000000000000000000 ) ) ;
#5787 = VERTEX_POINT ( 'NONE', #3286 ) ;
#5788 = EDGE_LOOP ( 'NONE', ( #6097, #802, #246, #5944 ) ) ;
#5789 = ORIENTED_EDGE ( 'NONE', *, *, #7557, .T. ) ;
#5790 = LINE ( 'NONE', #2986, #4670 ) ;
#5791 = CARTESIAN_POINT ( 'NONE',  ( -5.957990089586346905, 30.46676151421090495, 0.5111603058191420690 ) ) ;
#5792 = VERTEX_POINT ( 'NONE', #1305 ) ;
#5793 = CYLINDRICAL_SURFACE ( 'NONE', #71, 1.000000000000000888 ) ;
#5794 = FACE_OUTER_BOUND ( 'NONE', #7825, .T. ) ;
#5795 = DIRECTION ( 'NONE',  ( 1.000000000000000000, 0.000000000000000000, 0.000000000000000000 ) ) ;
#5796 = EDGE_CURVE ( 'NONE', #5882, #5928, #627, .T. ) ;
#5797 = DIRECTION ( 'NONE',  ( -0.000000000000000000, -0.000000000000000000, 1.000000000000000000 ) ) ;
#5798 = DIRECTION ( 'NONE',  ( -0.3535533905932700116, -0.6123724356957919168, 0.7071067811865516806 ) ) ;
#5799 = ORIENTED_EDGE ( 'NONE', *, *, #3651, .F. ) ;
#5800 = ADVANCED_FACE ( 'NONE', ( #4035 ), #2003, .F. ) ;
#5801 = ORIENTED_EDGE ( 'NONE', *, *, #1831, .T. ) ;
#5802 = EDGE_CURVE ( 'NONE', #7437, #5459, #1691, .T. ) ;
#5803 = ORIENTED_EDGE ( 'NONE', *, *, #4749, .T. ) ;
#5804 = DIRECTION ( 'NONE',  ( 0.000000000000000000, 0.000000000000000000, -1.000000000000000000 ) ) ;
#5805 = DIRECTION ( 'NONE',  ( 0.9789804197376049677, -0.2039542541120011598, 0.000000000000000000 ) ) ;
#5806 = LINE ( 'NONE', #5056, #4058 ) ;
#5807 = CARTESIAN_POINT ( 'NONE',  ( -16.47852007099605132, -13.90174004467715108, 3.500000000000000444 ) ) ;
#5808 = CARTESIAN_POINT ( 'NONE',  ( -4.795961723673363153, 29.85750223846635976, 0.5056640381996794220 ) ) ;
#5809 = EDGE_LOOP ( 'NONE', ( #4995, #3507, #3736, #7378 ) ) ;
#5810 = DIRECTION ( 'NONE',  ( 1.000000000000000000, 0.000000000000000000, 0.000000000000000000 ) ) ;
#5811 = ORIENTED_EDGE ( 'NONE', *, *, #113, .F. ) ;
#5812 = EDGE_LOOP ( 'NONE', ( #2058, #7392, #906, #7439 ) ) ;
#5813 = LINE ( 'NONE', #2406, #5470 ) ;
#5814 = ADVANCED_FACE ( 'NONE', ( #2736 ), #1960, .F. ) ;
#5815 = EDGE_CURVE ( 'NONE', #2089, #3962, #3445, .T. ) ;
#5816 = VERTEX_POINT ( 'NONE', #2640 ) ;
#5817 = CARTESIAN_POINT ( 'NONE',  ( -21.21762239271860651, 12.25000000000024691, 3.500000000000000444 ) ) ;
#5818 = EDGE_CURVE ( 'NONE', #3870, #7783, #6112, .T. ) ;
#5819 = CARTESIAN_POINT ( 'NONE',  ( 3.299999999999747580, -27.94208295743178638, 3.500000000000000444 ) ) ;
#5820 = DIRECTION ( 'NONE',  ( 0.000000000000000000, -1.000000000000000000, 0.000000000000000000 ) ) ;
#5821 = DIRECTION ( 'NONE',  ( -0.000000000000000000, -0.000000000000000000, -1.000000000000000000 ) ) ;
#5822 = CARTESIAN_POINT ( 'NONE',  ( -26.77595687594901008, 26.37731773041731742, 7.499999999999985789 ) ) ;
#5823 = VERTEX_POINT ( 'NONE', #3476 ) ;
#5824 = CARTESIAN_POINT ( 'NONE',  ( -24.55961359711024627, -7.251296291209023970, 3.000000000000000000 ) ) ;
#5825 = EDGE_CURVE ( 'NONE', #3195, #1592, #2589, .T. ) ;
#5826 = ORIENTED_EDGE ( 'NONE', *, *, #5686, .F. ) ;
#5827 = DIRECTION ( 'NONE',  ( -4.588859039144119206E-16, 1.000000000000000000, 0.000000000000000000 ) ) ;
#5828 = CARTESIAN_POINT ( 'NONE',  ( 19.87303449400720368, -2.249999999999992450, 4.293876757501657870 ) ) ;
#5829 = CARTESIAN_POINT ( 'NONE',  ( -1.360023205165817945E-15, 24.50000000000000000, 3.500000000000000444 ) ) ;
#5830 = DIRECTION ( 'NONE',  ( -0.04635128650187805843, 0.08028278321743541335, -0.9956938449937726698 ) ) ;
#5831 = ORIENTED_EDGE ( 'NONE', *, *, #4547, .T. ) ;
#5832 = ORIENTED_EDGE ( 'NONE', *, *, #2550, .F. ) ;
#5833 = CARTESIAN_POINT ( 'NONE',  ( -5.801060937556910879, 30.34241467434553030, 0.5104406302061720302 ) ) ;
#5834 = CARTESIAN_POINT ( 'NONE',  ( 26.26880120609473579, -5.472666917936403586, -0.0009999999999992653654 ) ) ;
#5835 = CONICAL_SURFACE ( 'NONE', #1829, 3.800000000000001155, 0.7853981633974460586 ) ;
#5836 = DIRECTION ( 'NONE',  ( 0.000000000000000000, 0.000000000000000000, -1.000000000000000000 ) ) ;
#5837 = ORIENTED_EDGE ( 'NONE', *, *, #1030, .F. ) ;
#5838 = VERTEX_POINT ( 'NONE', #2785 ) ;
#5839 = CARTESIAN_POINT ( 'NONE',  ( -3.799999999999982059, -29.75836016987465271, 2.999999999999745981 ) ) ;
#5840 = ORIENTED_EDGE ( 'NONE', *, *, #227, .F. ) ;
#5841 = DIRECTION ( 'NONE',  ( 0.8660254037844397068, 0.4999999999999979461, 0.000000000000000000 ) ) ;
#5842 = VERTEX_POINT ( 'NONE', #8455 ) ;
#5843 = ORIENTED_EDGE ( 'NONE', *, *, #4759, .T. ) ;
#5844 = CIRCLE ( 'NONE', #3765, 0.8000000000000020428 ) ;
#5845 = FACE_OUTER_BOUND ( 'NONE', #5754, .T. ) ;
#5846 = DIRECTION ( 'NONE',  ( -0.000000000000000000, -0.000000000000000000, -1.000000000000000000 ) ) ;
#5847 = VECTOR ( 'NONE', #610, 1000.000000000000000 ) ;
#5848 = CARTESIAN_POINT ( 'NONE',  ( 23.29855367578807090, -15.52988720552799329, 0.4999999999999831246 ) ) ;
#5849 = DIRECTION ( 'NONE',  ( -0.000000000000000000, -0.000000000000000000, -1.000000000000000000 ) ) ;
#5850 = DIRECTION ( 'NONE',  ( 0.9789804197376047457, 0.2039542541120019370, 0.000000000000000000 ) ) ;
#5851 = ORIENTED_EDGE ( 'NONE', *, *, #2241, .F. ) ;
#5852 = ADVANCED_FACE ( 'NONE', ( #3385 ), #4787, .F. ) ;
#5853 = CONICAL_SURFACE ( 'NONE', #8669, 0.8999999999999875877, 0.7853981633974528309 ) ;
#5854 = CARTESIAN_POINT ( 'NONE',  ( 22.54855367578808156, -16.82892531120461399, 3.500000000000000444 ) ) ;
#5855 = ORIENTED_EDGE ( 'NONE', *, *, #4749, .F. ) ;
#5856 = AXIS2_PLACEMENT_3D ( 'NONE', #6987, #2806, #1280 ) ;
#5857 = ORIENTED_EDGE ( 'NONE', *, *, #8778, .T. ) ;
#5858 = CARTESIAN_POINT ( 'NONE',  ( 17.33868083885758793, -13.82100382635909419, 0.000000000000000000 ) ) ;
#5859 = FACE_OUTER_BOUND ( 'NONE', #2433, .T. ) ;
#5860 = CARTESIAN_POINT ( 'NONE',  ( -25.50000000000000355, 3.780293665983593066, 7.500000000000009770 ) ) ;
#5861 = DIRECTION ( 'NONE',  ( -0.8660254037844395958, -0.4999999999999983347, 0.000000000000000000 ) ) ;
#5862 = VECTOR ( 'NONE', #7141, 1000.000000000000000 ) ;
#5863 = VECTOR ( 'NONE', #2207, 1000.000000000000114 ) ;
#5864 = AXIS2_PLACEMENT_3D ( 'NONE', #8155, #5303, #369 ) ;
#5865 = CARTESIAN_POINT ( 'NONE',  ( -6.487131141858833772, 29.91036595563832989, 7.999999999999994671 ) ) ;
#5866 = EDGE_CURVE ( 'NONE', #2787, #1755, #5424, .T. ) ;
#5867 = EDGE_CURVE ( 'NONE', #6513, #672, #5098, .T. ) ;
#5868 = VERTEX_POINT ( 'NONE', #4089 ) ;
#5869 = ADVANCED_FACE ( 'NONE', ( #6921 ), #543, .T. ) ;
#5870 = VERTEX_POINT ( 'NONE', #6511 ) ;
#5871 = LINE ( 'NONE', #927, #8438 ) ;
#5872 = VECTOR ( 'NONE', #2131, 1000.000000000000000 ) ;
#5873 = VECTOR ( 'NONE', #6999, 1000.000000000000000 ) ;
#5874 = FACE_BOUND ( 'NONE', #1486, .T. ) ;
#5875 = CARTESIAN_POINT ( 'NONE',  ( 19.87995491899225442, -2.190918182098025468, 4.590213221406417077 ) ) ;
#5876 = DIRECTION ( 'NONE',  ( 1.000000000000000000, 0.000000000000000000, 0.000000000000000000 ) ) ;
#5877 = CIRCLE ( 'NONE', #1716, 2.000000000000000000 ) ;
#5878 = DIRECTION ( 'NONE',  ( 1.000000000000000000, 0.000000000000000000, 0.000000000000000000 ) ) ;
#5879 = AXIS2_PLACEMENT_3D ( 'NONE', #6442, #2960, #6496 ) ;
#5880 = AXIS2_PLACEMENT_3D ( 'NONE', #7876, #4229, #1506 ) ;
#5881 = LINE ( 'NONE', #2255, #3333 ) ;
#5882 = VERTEX_POINT ( 'NONE', #8556 ) ;
#5883 = AXIS2_PLACEMENT_3D ( 'NONE', #1510, #4985, #6557 ) ;
#5884 = VERTEX_POINT ( 'NONE', #8605 ) ;
#5885 = CARTESIAN_POINT ( 'NONE',  ( -5.350592265980309570, 29.51832566614531572, 0.000000000000000000 ) ) ;
#5886 = CARTESIAN_POINT ( 'NONE',  ( 0.000000000000000000, 0.000000000000000000, 8.000000000000000000 ) ) ;
#5887 = CIRCLE ( 'NONE', #6168, 1.199999999999997735 ) ;
#5888 = DIRECTION ( 'NONE',  ( 0.000000000000000000, 0.000000000000000000, -1.000000000000000000 ) ) ;
#5889 = EDGE_LOOP ( 'NONE', ( #1711, #4912 ) ) ;
#5890 = CARTESIAN_POINT ( 'NONE',  ( -23.99999999999999645, -3.780293665983591733, 0.4999999999999831246 ) ) ;
#5891 = ORIENTED_EDGE ( 'NONE', *, *, #4928, .T. ) ;
#5892 = DIRECTION ( 'NONE',  ( -0.000000000000000000, -0.000000000000000000, -1.000000000000000000 ) ) ;
#5893 = ORIENTED_EDGE ( 'NONE', *, *, #4145, .F. ) ;
#5894 = ORIENTED_EDGE ( 'NONE', *, *, #4272, .T. ) ;
#5895 = VECTOR ( 'NONE', #3933, 1000.000000000000000 ) ;
#5896 = DIRECTION ( 'NONE',  ( -0.6661197751397005540, -0.7458447862443196019, 0.000000000000000000 ) ) ;
#5897 = CARTESIAN_POINT ( 'NONE',  ( -30.08119558807443639, 28.07438566655898171, -18.16314593833187274 ) ) ;
#5898 = CARTESIAN_POINT ( 'NONE',  ( -23.86679327408269558, -6.851296291209027167, 0.2999999999999947153 ) ) ;
#5899 = CARTESIAN_POINT ( 'NONE',  ( 25.09209149177600295, -5.738254505458794341, 0.000000000000000000 ) ) ;
#5900 = CARTESIAN_POINT ( 'NONE',  ( 17.13906026768622937, 11.24733804687219063, 0.000000000000000000 ) ) ;
#5901 = ORIENTED_EDGE ( 'NONE', *, *, #5442, .F. ) ;
#5902 = B_SPLINE_CURVE_WITH_KNOTS ( 'NONE', 3,
 ( #2173, #2077, #5001, #7842, #1474, #3432, #4180, #552, #9012, #2105, #3352, #7729, #4933, #1360, #3392, #6878, #6186, #2646, #6326, #6826, #8463, #2693, #4095, #1210, #7589, #6974 ),
 .UNSPECIFIED., .F., .F.,
 ( 4, 2, 2, 2, 2, 2, 2, 2, 2, 2, 2, 2, 4 ),
 ( 0.007040093150452963328, 0.007919896263996389907, 0.008799699377539816486, 0.009239600934311528041, 0.009679502491083241331, 0.01011940404785495289, 0.01055930560462666444, 0.01099920716139837773, 0.01143910871817008928, 0.01187901027494180084, 0.01231891183171351239, 0.01319871494525693550, 0.01407851805880035688 ),
 .UNSPECIFIED. ) ;
#5903 = VECTOR ( 'NONE', #2012, 1000.000000000000000 ) ;
#5904 = PLANE ( 'NONE',  #5439 ) ;
#5905 = CIRCLE ( 'NONE', #9147, 1.499999999999959588 ) ;
#5906 = VERTEX_POINT ( 'NONE', #5822 ) ;
#5907 = CARTESIAN_POINT ( 'NONE',  ( -15.02383034850702437, -18.46145015594265004, 8.000000000000000000 ) ) ;
#5908 = ORIENTED_EDGE ( 'NONE', *, *, #5686, .T. ) ;
#5909 = CARTESIAN_POINT ( 'NONE',  ( -20.11140353916377066, -18.01475638705422000, 0.000000000000000000 ) ) ;
#5910 = ADVANCED_FACE ( 'NONE', ( #692 ), #8702, .F. ) ;
#5911 = CARTESIAN_POINT ( 'NONE',  ( 8.726169651492748258, 22.67475652381833839, -0.0009999999999992653654 ) ) ;
#5912 = CARTESIAN_POINT ( 'NONE',  ( -4.641199496377272027, 29.71941830639654825, 7.508913810726782323 ) ) ;
#5913 = CIRCLE ( 'NONE', #4266, 20.49999999999998934 ) ;
#5914 = CARTESIAN_POINT ( 'NONE',  ( -23.50000000000000000, -1.078381874198868008E-14, 0.000000000000000000 ) ) ;
#5915 = VERTEX_POINT ( 'NONE', #8652 ) ;
#5916 = DIRECTION ( 'NONE',  ( 1.000000000000000000, 0.000000000000000000, 0.000000000000000000 ) ) ;
#5917 = ORIENTED_EDGE ( 'NONE', *, *, #7415, .F. ) ;
#5918 = FACE_OUTER_BOUND ( 'NONE', #6572, .T. ) ;
#5919 = AXIS2_PLACEMENT_3D ( 'NONE', #7993, #5797, #902 ) ;
#5920 = EDGE_CURVE ( 'NONE', #6229, #3867, #8212, .T. ) ;
#5921 = LINE ( 'NONE', #3681, #2352 ) ;
#5922 = ADVANCED_FACE ( 'NONE', ( #2831 ), #3151, .T. ) ;
#5923 = DIRECTION ( 'NONE',  ( -0.000000000000000000, -0.000000000000000000, -1.000000000000000000 ) ) ;
#5924 = VECTOR ( 'NONE', #4102, 999.9999999999998863 ) ;
#5925 = CIRCLE ( 'NONE', #4127, 2.000000000000000000 ) ;
#5926 = DIRECTION ( 'NONE',  ( -0.000000000000000000, -0.000000000000000000, 1.000000000000000000 ) ) ;
#5927 = DIRECTION ( 'NONE',  ( 0.000000000000000000, 1.000000000000000000, 0.000000000000000000 ) ) ;
#5928 = VERTEX_POINT ( 'NONE', #7163 ) ;
#5929 = ADVANCED_FACE ( 'NONE', ( #5775 ), #1400, .F. ) ;
#5930 = AXIS2_PLACEMENT_3D ( 'NONE', #884, #5211, #4610 ) ;
#5931 = EDGE_CURVE ( 'NONE', #472, #6561, #186, .T. ) ;
#5932 = ORIENTED_EDGE ( 'NONE', *, *, #5384, .F. ) ;
#5933 = CARTESIAN_POINT ( 'NONE',  ( 0.000000000000000000, 0.000000000000000000, 8.000000000000000000 ) ) ;
#5934 = CARTESIAN_POINT ( 'NONE',  ( -25.65693844375873667, -8.409608177149221930, 8.000000000000000000 ) ) ;
#5935 = DIRECTION ( 'NONE',  ( 0.000000000000000000, 0.000000000000000000, 1.000000000000000000 ) ) ;
#5936 = VECTOR ( 'NONE', #2635, 1000.000000000000000 ) ;
#5937 = ORIENTED_EDGE ( 'NONE', *, *, #4432, .F. ) ;
#5938 = DIRECTION ( 'NONE',  ( -0.000000000000000000, -0.000000000000000000, -1.000000000000000000 ) ) ;
#5939 = EDGE_LOOP ( 'NONE', ( #3849, #5857, #6295, #762 ) ) ;
#5940 = EDGE_CURVE ( 'NONE', #3269, #467, #6495, .T. ) ;
#5941 = DIRECTION ( 'NONE',  ( -0.000000000000000000, -0.000000000000000000, -1.000000000000000000 ) ) ;
#5942 = ORIENTED_EDGE ( 'NONE', *, *, #226, .T. ) ;
#5943 = EDGE_CURVE ( 'NONE', #5167, #1855, #6553, .T. ) ;
#5944 = ORIENTED_EDGE ( 'NONE', *, *, #4115, .F. ) ;
#5945 = DIRECTION ( 'NONE',  ( -0.01513443590133930518, 0.08583165117743511707, -0.9961946980917452121 ) ) ;
#5946 = CARTESIAN_POINT ( 'NONE',  ( 8.051471090958266075, 24.44308559639185319, 7.500000000000007105 ) ) ;
#5947 = CARTESIAN_POINT ( 'NONE',  ( 8.197860617326631072, 18.24276043822614568, 3.001764640880368873 ) ) ;
#5948 = CARTESIAN_POINT ( 'NONE',  ( 19.87303449400720012, 2.250000000000009326, 3.999999999999999112 ) ) ;
#5949 = AXIS2_PLACEMENT_3D ( 'NONE', #362, #9003, #8920 ) ;
#5950 = CYLINDRICAL_SURFACE ( 'NONE', #6913, 2.999999999999999112 ) ;
#5951 = CARTESIAN_POINT ( 'NONE',  ( 6.161705449549705449, 29.36040507133697020, 8.000000000000000000 ) ) ;
#5952 = DIRECTION ( 'NONE',  ( -0.1093943731990668633, 0.6985934948969892977, 0.7071067811865427988 ) ) ;
#5953 = ORIENTED_EDGE ( 'NONE', *, *, #4196, .F. ) ;
#5954 = EDGE_LOOP ( 'NONE', ( #4363, #3054, #967, #1099 ) ) ;
#5955 = CARTESIAN_POINT ( 'NONE',  ( 15.02383034850715937, 18.46145015594255412, 0.000000000000000000 ) ) ;
#5956 = EDGE_LOOP ( 'NONE', ( #7929, #5566, #8198, #8449 ) ) ;
#5957 = ORIENTED_EDGE ( 'NONE', *, *, #5455, .T. ) ;
#5958 = CARTESIAN_POINT ( 'NONE',  ( 17.32050807568882078, 9.999999999999916511, 0.4999999999999831246 ) ) ;
#5959 = CARTESIAN_POINT ( 'NONE',  ( -3.911192109540838846, 29.23957209471892327, 8.000000000000000000 ) ) ;
#5960 = CARTESIAN_POINT ( 'NONE',  ( -6.059010358723679879, -28.87106498681473710, 0.000000000000000000 ) ) ;
#5961 = CARTESIAN_POINT ( 'NONE',  ( -5.391108614400094368, 29.88246558779954754, 7.518843451213323092 ) ) ;
#5962 = DIRECTION ( 'NONE',  ( 0.5000000000000101030, 0.8660254037844328234, 0.000000000000000000 ) ) ;
#5963 = EDGE_CURVE ( 'NONE', #2071, #8865, #4, .T. ) ;
#5964 = EDGE_CURVE ( 'NONE', #7523, #2042, #3754, .T. ) ;
#5965 = VERTEX_POINT ( 'NONE', #5670 ) ;
#5966 = VERTEX_POINT ( 'NONE', #1546 ) ;
#5967 = CARTESIAN_POINT ( 'NONE',  ( -5.098115960893206733, 29.95594503886684379, 0.5071258965653657746 ) ) ;
#5968 = EDGE_LOOP ( 'NONE', ( #1641, #1601, #8169, #6264 ) ) ;
#5969 = EDGE_CURVE ( 'NONE', #1837, #4597, #8499, .T. ) ;
#5970 = EDGE_CURVE ( 'NONE', #1815, #5742, #8500, .T. ) ;
#5971 = CARTESIAN_POINT ( 'NONE',  ( -23.99999999999999645, -3.780293665983591733, 7.500000000000009770 ) ) ;
#5972 = ORIENTED_EDGE ( 'NONE', *, *, #3865, .T. ) ;
#5973 = CARTESIAN_POINT ( 'NONE',  ( -21.27852007099586018, 5.587896168346938808, -0.0009999999999992653654 ) ) ;
#5974 = EDGE_LOOP ( 'NONE', ( #9085, #5541, #1297, #2316 ) ) ;
#5975 = ORIENTED_EDGE ( 'NONE', *, *, #7974, .T. ) ;
#5976 = CARTESIAN_POINT ( 'NONE',  ( -14.49064054862632211, 29.42775516924913504, -2.452965475130965523 ) ) ;
#5977 = CARTESIAN_POINT ( 'NONE',  ( -16.38661371934865230, -10.75355247408290360, 0.000000000000000000 ) ) ;
#5978 = DIRECTION ( 'NONE',  ( -0.6719331540025100802, 0.2202404062660786033, 0.7071067811865417996 ) ) ;
#5979 = CARTESIAN_POINT ( 'NONE',  ( -11.83741295270784200, -16.12105336377671705, 4.589939230941615378 ) ) ;
#5980 = FACE_OUTER_BOUND ( 'NONE', #4060, .T. ) ;
#5981 = CARTESIAN_POINT ( 'NONE',  ( -5.529416016724124638, 30.16409804587856058, 0.5091742718399602241 ) ) ;
#5982 = ORIENTED_EDGE ( 'NONE', *, *, #7925, .F. ) ;
#5983 = DIRECTION ( 'NONE',  ( -3.717264591378873190E-16, 1.000000000000000000, 0.000000000000000000 ) ) ;
#5984 = ORIENTED_EDGE ( 'NONE', *, *, #4435, .T. ) ;
#5985 = ORIENTED_EDGE ( 'NONE', *, *, #4136, .F. ) ;
#5986 = VERTEX_POINT ( 'NONE', #3674 ) ;
#5987 = CARTESIAN_POINT ( 'NONE',  ( -20.11140353916377066, -18.01475638705422000, 7.500000000000009770 ) ) ;
#5988 = CARTESIAN_POINT ( 'NONE',  ( 16.47852007099595895, 13.90174004467726654, 7.500000000000007105 ) ) ;
#5989 = ORIENTED_EDGE ( 'NONE', *, *, #8882, .T. ) ;
#5990 = FACE_OUTER_BOUND ( 'NONE', #6460, .T. ) ;
#5991 = CARTESIAN_POINT ( 'NONE',  ( 0.000000000000000000, 0.000000000000000000, 7.500000000000007105 ) ) ;
#5992 = CIRCLE ( 'NONE', #3302, 2.249999999999999556 ) ;
#5993 = DIRECTION ( 'NONE',  ( -0.000000000000000000, -0.000000000000000000, -1.000000000000000000 ) ) ;
#5994 = ORIENTED_EDGE ( 'NONE', *, *, #2287, .F. ) ;
#5995 = CARTESIAN_POINT ( 'NONE',  ( -26.26880120609473579, 5.472666917936403586, 7.500000000000009770 ) ) ;
#5996 = VECTOR ( 'NONE', #2310, 1000.000000000000114 ) ;
#5997 = LINE ( 'NONE', #1064, #978 ) ;
#5998 = CARTESIAN_POINT ( 'NONE',  ( 2.250000000000000888, -24.50000000000000000, 3.500000000000000444 ) ) ;
#5999 = CARTESIAN_POINT ( 'NONE',  ( 0.000000000000000000, 0.000000000000000000, 0.4999999999999831246 ) ) ;
#6000 = ORIENTED_EDGE ( 'NONE', *, *, #7850, .T. ) ;
#6001 = ORIENTED_EDGE ( 'NONE', *, *, #6356, .F. ) ;
#6002 = EDGE_LOOP ( 'NONE', ( #6592, #8387, #1326, #3096 ) ) ;
#6003 = ORIENTED_EDGE ( 'NONE', *, *, #2121, .T. ) ;
#6004 = CIRCLE ( 'NONE', #7209, 1.999999999999998224 ) ;
#6005 = PRODUCT_DEFINITION ( 'ๆ', '', #4106, #8335 ) ;
#6006 = LINE ( 'NONE', #8843, #5376 ) ;
#6007 = VECTOR ( 'NONE', #7806, 999.9999999999998863 ) ;
#6008 = EDGE_LOOP ( 'NONE', ( #2235, #6200, #8779, #6462 ) ) ;
#6009 = AXIS2_PLACEMENT_3D ( 'NONE', #2674, #8348, #622 ) ;
#6010 = ORIENTED_EDGE ( 'NONE', *, *, #5931, .F. ) ;
#6011 = AXIS2_PLACEMENT_3D ( 'NONE', #6319, #4927, #785 ) ;
#6012 = VERTEX_POINT ( 'NONE', #1451 ) ;
#6013 = FACE_OUTER_BOUND ( 'NONE', #2594, .T. ) ;
#6014 = AXIS2_PLACEMENT_3D ( 'NONE', #1788, #4611, #6603 ) ;
#6015 = CARTESIAN_POINT ( 'NONE',  ( -13.30887124501167484, 29.63613298244944616, -2.452965475130965523 ) ) ;
#6016 = VERTEX_POINT ( 'NONE', #3573 ) ;
#6017 = ORIENTED_EDGE ( 'NONE', *, *, #2334, .F. ) ;
#6018 = CARTESIAN_POINT ( 'NONE',  ( -28.50770938195415383, 9.344009085721356911, 8.000000000000000000 ) ) ;
#6019 = EDGE_CURVE ( 'NONE', #8092, #2125, #2877, .T. ) ;
#6020 = EDGE_CURVE ( 'NONE', #1198, #6961, #5722, .T. ) ;
#6021 = DIRECTION ( 'NONE',  ( 0.000000000000000000, 0.000000000000000000, 1.000000000000000000 ) ) ;
#6022 = AXIS2_PLACEMENT_3D ( 'NONE', #1800, #6145, #6835 ) ;
#6023 = DIRECTION ( 'NONE',  ( 1.000000000000000000, 0.000000000000000000, 0.000000000000000000 ) ) ;
#6024 = LINE ( 'NONE', #6671, #3036 ) ;
#6025 = DIRECTION ( 'NONE',  ( 0.3128606445978930894, 0.9497990403563222328, 0.000000000000000000 ) ) ;
#6026 = ORIENTED_EDGE ( 'NONE', *, *, #8914, .F. ) ;
#6027 = CARTESIAN_POINT ( 'NONE',  ( -16.72103440749862457, -10.97301272865602506, 3.500000000000000444 ) ) ;
#6028 = ORIENTED_EDGE ( 'NONE', *, *, #5118, .F. ) ;
#6029 = VECTOR ( 'NONE', #7721, 1000.000000000000000 ) ;
#6030 = VERTEX_POINT ( 'NONE', #2931 ) ;
#6031 = ORIENTED_EDGE ( 'NONE', *, *, #3988, .F. ) ;
#6032 = EDGE_LOOP ( 'NONE', ( #7369, #3052, #7987, #3691 ) ) ;
#6033 = CARTESIAN_POINT ( 'NONE',  ( 5.545534904594735082, 26.42436456420327318, 8.000000000000000000 ) ) ;
#6034 = DIRECTION ( 'NONE',  ( -0.000000000000000000, -0.000000000000000000, -1.000000000000000000 ) ) ;
#6035 = CARTESIAN_POINT ( 'NONE',  ( 26.16682407903874363, 5.962157127805197909, 0.000000000000000000 ) ) ;
#6036 = SHAPE_DEFINITION_REPRESENTATION ( #1269, #7048 ) ;
#6037 = ADVANCED_FACE ( 'NONE', ( #4323 ), #8800, .T. ) ;
#6038 = CARTESIAN_POINT ( 'NONE',  ( -4.844392976154424879, 29.74405595790209844, 7.511620777546257344 ) ) ;
#6039 = DIRECTION ( 'NONE',  ( 0.000000000000000000, 0.000000000000000000, 1.000000000000000000 ) ) ;
#6040 = AXIS2_PLACEMENT_3D ( 'NONE', #7212, #5069, #3670 ) ;
#6041 = CARTESIAN_POINT ( 'NONE',  ( -17.02050807568852164, -9.999999999999973355, 0.000000000000000000 ) ) ;
#6042 = B_SPLINE_CURVE_WITH_KNOTS ( 'NONE', 3,
 ( #8476, #8876, #3947, #8991, #3237, #4945, #1238, #8220 ),
 .UNSPECIFIED., .F., .F.,
 ( 4, 2, 2, 4 ),
 ( 0.000000000000000000, 0.0003706685844454871734, 0.0007413371688909743467, 0.001482674337781947609 ),
 .UNSPECIFIED. ) ;
#6043 = ORIENTED_EDGE ( 'NONE', *, *, #4951, .T. ) ;
#6044 = DIRECTION ( 'NONE',  ( 0.000000000000000000, 0.000000000000000000, -1.000000000000000000 ) ) ;
#6045 = EDGE_CURVE ( 'NONE', #6513, #7135, #7763, .T. ) ;
#6046 = CYLINDRICAL_SURFACE ( 'NONE', #8855, 1.500000000000001332 ) ;
#6047 = ADVANCED_FACE ( 'NONE', ( #1645 ), #6118, .T. ) ;
#6048 = ORIENTED_EDGE ( 'NONE', *, *, #4085, .F. ) ;
#6049 = ORIENTED_EDGE ( 'NONE', *, *, #5747, .T. ) ;
#6050 = AXIS2_PLACEMENT_3D ( 'NONE', #4233, #8461, #2744 ) ;
#6051 = AXIS2_PLACEMENT_3D ( 'NONE', #7438, #4596, #6762 ) ;
#6052 = FACE_OUTER_BOUND ( 'NONE', #5493, .T. ) ;
#6053 = VERTEX_POINT ( 'NONE', #1061 ) ;
#6054 = EDGE_LOOP ( 'NONE', ( #5407, #2291, #7320, #2562 ) ) ;
#6055 = ORIENTED_EDGE ( 'NONE', *, *, #4326, .F. ) ;
#6056 = CARTESIAN_POINT ( 'NONE',  ( -1.360023205165817945E-15, 24.50000000000000000, 0.000000000000000000 ) ) ;
#6057 = VECTOR ( 'NONE', #606, 1000.000000000000114 ) ;
#6058 = LINE ( 'NONE', #6195, #8113 ) ;
#6059 = ORIENTED_EDGE ( 'NONE', *, *, #8655, .F. ) ;
#6060 = VERTEX_POINT ( 'NONE', #1686 ) ;
#6061 = ORIENTED_EDGE ( 'NONE', *, *, #4720, .F. ) ;
#6062 = CARTESIAN_POINT ( 'NONE',  ( 19.87303449400720012, -2.249999999999992006, 3.853129741907380890 ) ) ;
#6063 = CARTESIAN_POINT ( 'NONE',  ( -25.50000000000000000, -3.780293665983593066, 0.000000000000000000 ) ) ;
#6064 = DIRECTION ( 'NONE',  ( 0.000000000000000000, 0.000000000000000000, -1.000000000000000000 ) ) ;
#6065 = ORIENTED_EDGE ( 'NONE', *, *, #1685, .F. ) ;
#6066 = EDGE_CURVE ( 'NONE', #7235, #472, #8352, .T. ) ;
#6067 = LINE ( 'NONE', #8904, #8150 ) ;
#6068 = EDGE_LOOP ( 'NONE', ( #7812, #4004, #2816, #4815 ) ) ;
#6069 = EDGE_CURVE ( 'NONE', #3540, #4251, #4563, .T. ) ;
#6070 = ORIENTED_EDGE ( 'NONE', *, *, #6803, .F. ) ;
#6071 = AXIS2_PLACEMENT_3D ( 'NONE', #874, #4599, #2276 ) ;
#6072 = ORIENTED_EDGE ( 'NONE', *, *, #8656, .F. ) ;
#6073 = DIRECTION ( 'NONE',  ( 1.000000000000000000, -5.329070518200751394E-15, 0.000000000000000000 ) ) ;
#6074 = CARTESIAN_POINT ( 'NONE',  ( -3.589199869236606499, 29.28084090832557251, 0.000000000000000000 ) ) ;
#6075 = LINE ( 'NONE', #438, #8940 ) ;
#6076 = EDGE_CURVE ( 'NONE', #2071, #8716, #5992, .T. ) ;
#6077 = EDGE_CURVE ( 'NONE', #1419, #8071, #8506, .T. ) ;
#6078 = AXIS2_PLACEMENT_3D ( 'NONE', #970, #7211, #6594 ) ;
#6079 = EDGE_CURVE ( 'NONE', #7801, #7437, #3193, .T. ) ;
#6080 = CARTESIAN_POINT ( 'NONE',  ( 16.08868083885759859, -12.52196572068243086, 2.999999999999961808 ) ) ;
#6081 = DIRECTION ( 'NONE',  ( 1.000000000000000000, -4.440892098500626162E-15, 0.000000000000000000 ) ) ;
#6082 = DIRECTION ( 'NONE',  ( -0.000000000000000000, -0.000000000000000000, -1.000000000000000000 ) ) ;
#6083 = VECTOR ( 'NONE', #4643, 999.9999999999998863 ) ;
#6084 = CARTESIAN_POINT ( 'NONE',  ( 30.33153002580038660, 37.12093862003843725, -0.08715574274767981522 ) ) ;
#6085 = PLANE ( 'NONE',  #7360 ) ;
#6086 = ORIENTED_EDGE ( 'NONE', *, *, #5749, .F. ) ;
#6087 = ADVANCED_FACE ( 'NONE', ( #7403 ), #8878, .F. ) ;
#6088 = AXIS2_PLACEMENT_3D ( 'NONE', #1985, #4064, #1236 ) ;
#6089 = ORIENTED_EDGE ( 'NONE', *, *, #1725, .T. ) ;
#6090 = CARTESIAN_POINT ( 'NONE',  ( -4.972641476534864324, 29.91063978323319716, 0.5065222327304327310 ) ) ;
#6091 = ORIENTED_EDGE ( 'NONE', *, *, #5273, .T. ) ;
#6092 = CIRCLE ( 'NONE', #6552, 2.500000000000009326 ) ;
#6093 = EDGE_LOOP ( 'NONE', ( #5840, #7418 ) ) ;
#6094 = FACE_OUTER_BOUND ( 'NONE', #5954, .T. ) ;
#6095 = LINE ( 'NONE', #1756, #8555 ) ;
#6096 = ORIENTED_EDGE ( 'NONE', *, *, #8588, .T. ) ;
#6097 = ORIENTED_EDGE ( 'NONE', *, *, #2820, .T. ) ;
#6098 = VERTEX_POINT ( 'NONE', #6724 ) ;
#6099 = CARTESIAN_POINT ( 'NONE',  ( -24.05961359711026049, -8.117321694993467673, 0.2999999999999947153 ) ) ;
#6100 = CARTESIAN_POINT ( 'NONE',  ( 16.47852007099595895, 13.90174004467726832, 3.500000000000000444 ) ) ;
#6101 = LINE ( 'NONE', #4634, #8693 ) ;
#6102 = CARTESIAN_POINT ( 'NONE',  ( 15.47852007099596072, 15.63379085224614684, 3.500000000000000444 ) ) ;
#6103 = ORIENTED_EDGE ( 'NONE', *, *, #2339, .T. ) ;
#6104 = ORIENTED_EDGE ( 'NONE', *, *, #1364, .F. ) ;
#6105 = CARTESIAN_POINT ( 'NONE',  ( -26.16682407903874363, -5.962157127805198797, 0.000000000000000000 ) ) ;
#6106 = VECTOR ( 'NONE', #2900, 1000.000000000000000 ) ;
#6107 = ORIENTED_EDGE ( 'NONE', *, *, #5825, .T. ) ;
#6108 = DIRECTION ( 'NONE',  ( -1.000000000000000000, 0.000000000000000000, 0.000000000000000000 ) ) ;
#6109 = CYLINDRICAL_SURFACE ( 'NONE', #7809, 0.8000000000000020428 ) ;
#6110 = EDGE_CURVE ( 'NONE', #7307, #484, #4646, .T. ) ;
#6111 = CARTESIAN_POINT ( 'NONE',  ( -5.404545454545452543, 19.77475381464334703, 8.000000000000000000 ) ) ;
#6112 = CIRCLE ( 'NONE', #2703, 2.500000000000002220 ) ;
#6113 = ORIENTED_EDGE ( 'NONE', *, *, #4316, .T. ) ;
#6114 = DIRECTION ( 'NONE',  ( -0.7071067811865587860, 0.000000000000000000, -0.7071067811865362485 ) ) ;
#6115 = CARTESIAN_POINT ( 'NONE',  ( -30.94565614038048196, 32.97698508062907052, -17.72760725656574721 ) ) ;
#6116 = LINE ( 'NONE', #2638, #4745 ) ;
#6117 = DIRECTION ( 'NONE',  ( 1.000000000000000000, 4.625929269271481378E-15, 0.000000000000000000 ) ) ;
#6118 = CONICAL_SURFACE ( 'NONE', #7774, 1.499999999999743316, 0.7853981633974512766 ) ;
#6119 = VECTOR ( 'NONE', #5434, 1000.000000000000114 ) ;
#6120 = EDGE_CURVE ( 'NONE', #7326, #8850, #1980, .T. ) ;
#6121 = ADVANCED_FACE ( 'NONE', ( #3948 ), #5853, .F. ) ;
#6122 = EDGE_CURVE ( 'NONE', #4715, #1811, #311, .T. ) ;
#6123 = EDGE_CURVE ( 'NONE', #2669, #6030, #357, .T. ) ;
#6124 = DIRECTION ( 'NONE',  ( 1.000000000000000000, 0.000000000000000000, 0.000000000000000000 ) ) ;
#6125 = EDGE_LOOP ( 'NONE', ( #2521, #8891, #696, #5767 ) ) ;
#6126 = DIRECTION ( 'NONE',  ( 0.8660254037844395958, 0.4999999999999982792, 0.000000000000000000 ) ) ;
#6127 = AXIS2_PLACEMENT_3D ( 'NONE', #664, #7794, #7893 ) ;
#6128 = VECTOR ( 'NONE', #4793, 1000.000000000000000 ) ;
#6129 = ORIENTED_EDGE ( 'NONE', *, *, #1258, .F. ) ;
#6130 = AXIS2_PLACEMENT_3D ( 'NONE', #8682, #337, #952 ) ;
#6131 = DIRECTION ( 'NONE',  ( 1.000000000000000000, 0.000000000000000000, 0.000000000000000000 ) ) ;
#6132 = DIRECTION ( 'NONE',  ( 1.000000000000000000, 4.336808689942006692E-15, 0.000000000000000000 ) ) ;
#6133 = CARTESIAN_POINT ( 'NONE',  ( -23.99999999999999645, -3.780293665983591733, 7.500000000000009770 ) ) ;
#6134 = ORIENTED_EDGE ( 'NONE', *, *, #3758, .F. ) ;
#6135 = ORIENTED_EDGE ( 'NONE', *, *, #5964, .F. ) ;
#6136 = EDGE_CURVE ( 'NONE', #7190, #6704, #3451, .T. ) ;
#6137 = AXIS2_PLACEMENT_3D ( 'NONE', #7021, #8466, #3486 ) ;
#6138 = CARTESIAN_POINT ( 'NONE',  ( 10.96150023391379946, 16.72902911737983445, 2.047914812324407308 ) ) ;
#6139 = VECTOR ( 'NONE', #2553, 1000.000000000000000 ) ;
#6140 = ORIENTED_EDGE ( 'NONE', *, *, #9140, .T. ) ;
#6141 = CARTESIAN_POINT ( 'NONE',  ( -16.38661371934865230, -10.75355247408290360, 3.500000000000000444 ) ) ;
#6142 = DIRECTION ( 'NONE',  ( -0.000000000000000000, -0.000000000000000000, -1.000000000000000000 ) ) ;
#6143 = AXIS2_PLACEMENT_3D ( 'NONE', #2774, #5617, #8685 ) ;
#6144 = DIRECTION ( 'NONE',  ( -0.5813922219943405967, 0.4024712215854594488, 0.7071067811865414665 ) ) ;
#6145 = DIRECTION ( 'NONE',  ( 0.000000000000000000, 0.000000000000000000, 1.000000000000000000 ) ) ;
#6146 = ORIENTED_EDGE ( 'NONE', *, *, #7344, .F. ) ;
#6147 = ORIENTED_EDGE ( 'NONE', *, *, #3457, .F. ) ;
#6148 = DIRECTION ( 'NONE',  ( 0.000000000000000000, 0.000000000000000000, -1.000000000000000000 ) ) ;
#6149 = LINE ( 'NONE', #383, #8106 ) ;
#6150 = CARTESIAN_POINT ( 'NONE',  ( -6.141050712857048843, 30.63661184652581682, 0.5119858766299593134 ) ) ;
#6151 = VECTOR ( 'NONE', #409, 1000.000000000000000 ) ;
#6152 = LINE ( 'NONE', #527, #4843 ) ;
#6153 = AXIS2_PLACEMENT_3D ( 'NONE', #5848, #6578, #207 ) ;
#6154 = CARTESIAN_POINT ( 'NONE',  ( 3.299999999999999378, 1.837943339865477752E-15, 0.000000000000000000 ) ) ;
#6155 = ORIENTED_EDGE ( 'NONE', *, *, #1246, .T. ) ;
#6156 = EDGE_CURVE ( 'NONE', #6822, #4486, #6075, .T. ) ;
#6157 = ORIENTED_EDGE ( 'NONE', *, *, #8867, .T. ) ;
#6158 = EDGE_LOOP ( 'NONE', ( #8653, #8304 ) ) ;
#6159 = AXIS2_PLACEMENT_3D ( 'NONE', #7848, #1380, #5551 ) ;
#6160 = CARTESIAN_POINT ( 'NONE',  ( 11.99999999999993960, 20.78460969082655652, 3.999999999999999112 ) ) ;
#6161 = DIRECTION ( 'NONE',  ( 0.4999999999999975575, -0.8660254037844401509, 0.000000000000000000 ) ) ;
#6162 = CARTESIAN_POINT ( 'NONE',  ( 25.01762239271877775, 12.24999999999995381, 3.500000000000000444 ) ) ;
#6163 = DIRECTION ( 'NONE',  ( -0.3128606445978996953, -0.9497990403563201234, 0.000000000000000000 ) ) ;
#6164 = DIRECTION ( 'NONE',  ( -0.8660254037844401509, 0.4999999999999975575, 0.000000000000000000 ) ) ;
#6165 = DIRECTION ( 'NONE',  ( 1.000000000000000000, 0.000000000000000000, 0.000000000000000000 ) ) ;
#6166 = DIRECTION ( 'NONE',  ( -0.9848077530122084644, -0.1736481776669281663, 0.000000000000000000 ) ) ;
#6167 = ORIENTED_EDGE ( 'NONE', *, *, #5752, .T. ) ;
#6168 = AXIS2_PLACEMENT_3D ( 'NONE', #6015, #1842, #5446 ) ;
#6169 = ORIENTED_EDGE ( 'NONE', *, *, #9020, .F. ) ;
#6170 = EDGE_CURVE ( 'NONE', #4037, #8933, #3377, .T. ) ;
#6171 = DIRECTION ( 'NONE',  ( -0.7071067811865469066, 0.000000000000000000, -0.7071067811865481278 ) ) ;
#6172 = CARTESIAN_POINT ( 'NONE',  ( -17.36692017755615680, -9.703611881479282886, 0.000000000000000000 ) ) ;
#6173 = FACE_OUTER_BOUND ( 'NONE', #417, .T. ) ;
#6174 = CARTESIAN_POINT ( 'NONE',  ( -16.47852007099575999, 13.90174004467749569, 7.500000000000007105 ) ) ;
#6175 = AXIS2_PLACEMENT_3D ( 'NONE', #7187, #2262, #2902 ) ;
#6176 = CARTESIAN_POINT ( 'NONE',  ( 1.800000000000004263, -27.94208295743178638, 3.500000000000000444 ) ) ;
#6177 = CARTESIAN_POINT ( 'NONE',  ( 19.06762239271878911, 15.97390923627303749, 8.000000000000000000 ) ) ;
#6178 = CIRCLE ( 'NONE', #3957, 2.249999999999999556 ) ;
#6179 = ORIENTED_EDGE ( 'NONE', *, *, #7161, .F. ) ;
#6180 = EDGE_CURVE ( 'NONE', #6703, #6632, #7574, .T. ) ;
#6181 = DIRECTION ( 'NONE',  ( -0.4974984774969615220, 0.5024890694216176401, 0.7071067811865490160 ) ) ;
#6182 = EDGE_CURVE ( 'NONE', #1877, #6657, #9093, .T. ) ;
#6183 = ADVANCED_FACE ( 'NONE', ( #9082 ), #3155, .T. ) ;
#6184 = CARTESIAN_POINT ( 'NONE',  ( -18.98968187731284374, 30.10695833551460865, -19.02808290795733370 ) ) ;
#6185 = CARTESIAN_POINT ( 'NONE',  ( 25.19406861883199866, -5.248764295590002682, 7.500000000000007105 ) ) ;
#6186 = CARTESIAN_POINT ( 'NONE',  ( -19.98735395034863771, -0.7240735067352547238, 6.135406941728072105 ) ) ;
#6187 = DIRECTION ( 'NONE',  ( 0.000000000000000000, 0.000000000000000000, 1.000000000000000000 ) ) ;
#6188 = VERTEX_POINT ( 'NONE', #8403 ) ;
#6189 = VECTOR ( 'NONE', #3053, 1000.000000000000000 ) ;
#6190 = B_SPLINE_CURVE_WITH_KNOTS ( 'NONE', 3,
 ( #6604, #5828, #5875, #8709, #4571, #2338, #5173, #4525, #8021, #1026, #1741, #4480, #7363, #7317 ),
 .UNSPECIFIED., .F., .F.,
 ( 4, 2, 2, 2, 2, 2, 4 ),
 ( 0.007040093150452959858, 0.007920307851179114733, 0.008800522551905267873, 0.009240629902268347046, 0.009680737252631424483, 0.01012084460299450366, 0.01056095195335758283 ),
 .UNSPECIFIED. ) ;
#6191 = EDGE_CURVE ( 'NONE', #5059, #8030, #6723, .T. ) ;
#6192 = CARTESIAN_POINT ( 'NONE',  ( 17.86342498281539903, 8.994334210119545148, -0.0009999999999992653654 ) ) ;
#6193 = EDGE_CURVE ( 'NONE', #1428, #3269, #585, .T. ) ;
#6194 = LINE ( 'NONE', #1971, #5924 ) ;
#6195 = CARTESIAN_POINT ( 'NONE',  ( -8.476169651492597268, -22.24174382192617827, 8.000000000000000000 ) ) ;
#6196 = VERTEX_POINT ( 'NONE', #6255 ) ;
#6197 = AXIS2_PLACEMENT_3D ( 'NONE', #8338, #6244, #8481 ) ;
#6198 = ORIENTED_EDGE ( 'NONE', *, *, #8586, .F. ) ;
#6199 = DIRECTION ( 'NONE',  ( 0.000000000000000000, 0.000000000000000000, 1.000000000000000000 ) ) ;
#6200 = ORIENTED_EDGE ( 'NONE', *, *, #1671, .T. ) ;
#6201 = FILL_AREA_STYLE_COLOUR ( '', #1069 ) ;
#6202 = DIRECTION ( 'NONE',  ( 0.000000000000000000, 0.000000000000000000, 1.000000000000000000 ) ) ;
#6203 = AXIS2_PLACEMENT_3D ( 'NONE', #3070, #3727, #7412 ) ;
#6204 = CIRCLE ( 'NONE', #2214, 2.249999999999999556 ) ;
#6205 = EDGE_CURVE ( 'NONE', #8394, #5471, #5105, .T. ) ;
#6206 = DIRECTION ( 'NONE',  ( 1.000000000000000000, 0.000000000000000000, 0.000000000000000000 ) ) ;
#6207 = VERTEX_POINT ( 'NONE', #6305 ) ;
#6208 = ORIENTED_EDGE ( 'NONE', *, *, #6700, .T. ) ;
#6209 = CARTESIAN_POINT ( 'NONE',  ( -16.69791183812861135, -10.50236831605526255, 5.762741699796959161 ) ) ;
#6210 = CARTESIAN_POINT ( 'NONE',  ( 0.000000000000000000, 0.000000000000000000, 8.000000000000000000 ) ) ;
#6211 = CARTESIAN_POINT ( 'NONE',  ( -15.47852007099574045, 15.63379085224636178, 8.000000000000000000 ) ) ;
#6212 = DIRECTION ( 'NONE',  ( 0.000000000000000000, 0.000000000000000000, 1.000000000000000000 ) ) ;
#6213 = ORIENTED_EDGE ( 'NONE', *, *, #748, .F. ) ;
#6214 = CARTESIAN_POINT ( 'NONE',  ( -26.42408113730069275, 19.76785107312754164, 8.000000000000000000 ) ) ;
#6215 = VERTEX_POINT ( 'NONE', #7665 ) ;
#6216 = ORIENTED_EDGE ( 'NONE', *, *, #4937, .T. ) ;
#6217 = FACE_OUTER_BOUND ( 'NONE', #5939, .T. ) ;
#6218 = CARTESIAN_POINT ( 'NONE',  ( -20.00000601449406190, 0.1460613938232939446, 1.749946537827020032 ) ) ;
#6219 = CARTESIAN_POINT ( 'NONE',  ( -11.43274060259268055, -16.41047050496085546, 2.513801142812993383 ) ) ;
#6220 = CARTESIAN_POINT ( 'NONE',  ( -5.312844954950406873, 29.85537236617566492, 7.517816239299643044 ) ) ;
#6221 = CARTESIAN_POINT ( 'NONE',  ( -30.00100000000001543, -2.250000000000015099, 3.999999999999999112 ) ) ;
#6222 = CARTESIAN_POINT ( 'NONE',  ( -3.800000000000000711, 21.22168702059287071, 3.500000000000000444 ) ) ;
#6223 = VERTEX_POINT ( 'NONE', #2543 ) ;
#6224 = CIRCLE ( 'NONE', #5949, 3.800000000000001155 ) ;
#6225 = FACE_OUTER_BOUND ( 'NONE', #6985, .T. ) ;
#6226 = DIRECTION ( 'NONE',  ( 0.000000000000000000, 0.000000000000000000, -1.000000000000000000 ) ) ;
#6227 = DIRECTION ( 'NONE',  ( 1.000000000000000000, 0.000000000000000000, 0.000000000000000000 ) ) ;
#6228 = DIRECTION ( 'NONE',  ( 1.000000000000000000, 4.588859039144120192E-16, -0.000000000000000000 ) ) ;
#6229 = VERTEX_POINT ( 'NONE', #1296 ) ;
#6230 = ADVANCED_FACE ( 'NONE', ( #4167 ), #4122, .T. ) ;
#6231 = EDGE_LOOP ( 'NONE', ( #4844, #8162, #2431, #7625 ) ) ;
#6232 = LINE ( 'NONE', #7692, #6947 ) ;
#6233 = CARTESIAN_POINT ( 'NONE',  ( 25.09209149177599940, 5.738254505458794341, 0.000000000000000000 ) ) ;
#6234 = ORIENTED_EDGE ( 'NONE', *, *, #2381, .F. ) ;
#6235 = EDGE_LOOP ( 'NONE', ( #1854, #8170, #1143, #8482 ) ) ;
#6236 = ORIENTED_EDGE ( 'NONE', *, *, #12, .F. ) ;
#6237 = CIRCLE ( 'NONE', #16, 20.00000000000000000 ) ;
#6238 = AXIS2_PLACEMENT_3D ( 'NONE', #4651, #4740, #6863 ) ;
#6239 = EDGE_CURVE ( 'NONE', #1390, #4576, #6854, .T. ) ;
#6240 = EDGE_CURVE ( 'NONE', #8969, #4508, #7616, .T. ) ;
#6241 = CARTESIAN_POINT ( 'NONE',  ( -11.16550329795139618, -16.59356847956859937, 5.788698481632258641 ) ) ;
#6242 = EDGE_CURVE ( 'NONE', #6247, #1537, #4204, .T. ) ;
#6243 = DIRECTION ( 'NONE',  ( 1.000000000000000000, 0.000000000000000000, 0.000000000000000000 ) ) ;
#6244 = DIRECTION ( 'NONE',  ( -0.000000000000000000, 0.000000000000000000, 1.000000000000000000 ) ) ;
#6245 = ORIENTED_EDGE ( 'NONE', *, *, #1841, .T. ) ;
#6246 = CARTESIAN_POINT ( 'NONE',  ( -24.01679327408269415, -6.591488670073688994, 0.000000000000000000 ) ) ;
#6247 = VERTEX_POINT ( 'NONE', #6812 ) ;
#6248 = VERTEX_POINT ( 'NONE', #3274 ) ;
#6249 = LINE ( 'NONE', #5554, #4361 ) ;
#6250 = VERTEX_POINT ( 'NONE', #6111 ) ;
#6251 = CARTESIAN_POINT ( 'NONE',  ( 28.03258089225490934, 9.188275600959331157, 0.000000000000000000 ) ) ;
#6252 = DIRECTION ( 'NONE',  ( 0.000000000000000000, 0.000000000000000000, -1.000000000000000000 ) ) ;
#6253 = CARTESIAN_POINT ( 'NONE',  ( 0.000000000000000000, 0.000000000000000000, 3.500000000000000444 ) ) ;
#6254 = EDGE_CURVE ( 'NONE', #2307, #5838, #2580, .T. ) ;
#6255 = CARTESIAN_POINT ( 'NONE',  ( 8.051471090958266075, 24.44308559639185319, 0.4999999999999831246 ) ) ;
#6256 = ORIENTED_EDGE ( 'NONE', *, *, #1128, .T. ) ;
#6257 = VERTEX_POINT ( 'NONE', #8994 ) ;
#6258 = CARTESIAN_POINT ( 'NONE',  ( 3.799999999999999378, 24.50000000000000000, 3.500000000000000444 ) ) ;
#6259 = CARTESIAN_POINT ( 'NONE',  ( -19.88105852423485587, -2.178150829090161000, 3.417180988884868764 ) ) ;
#6260 = CARTESIAN_POINT ( 'NONE',  ( -11.88507440551843075, -16.08555272209476783, 3.853095518495518235 ) ) ;
#6261 = CARTESIAN_POINT ( 'NONE',  ( 15.10499926492200551, -13.10873743755307963, 0.4999999999999854006 ) ) ;
#6262 = DIRECTION ( 'NONE',  ( 0.000000000000000000, 0.000000000000000000, -1.000000000000000000 ) ) ;
#6263 = CARTESIAN_POINT ( 'NONE',  ( 1.360023205165817945E-15, -24.50000000000000000, -0.001000000000000132727 ) ) ;
#6264 = ORIENTED_EDGE ( 'NONE', *, *, #2344, .F. ) ;
#6265 = DIRECTION ( 'NONE',  ( 0.000000000000000000, 0.000000000000000000, -1.000000000000000000 ) ) ;
#6266 = VECTOR ( 'NONE', #6867, 1000.000000000000000 ) ;
#6267 = FACE_OUTER_BOUND ( 'NONE', #4538, .T. ) ;
#6268 = AXIS2_PLACEMENT_3D ( 'NONE', #1057, #8943, #4641 ) ;
#6269 = DIRECTION ( 'NONE',  ( -4.588859039144119206E-16, 1.000000000000000000, 0.000000000000000000 ) ) ;
#6270 = CARTESIAN_POINT ( 'NONE',  ( -18.20674152189305417, -36.03500135619290035, 3.999999999999999112 ) ) ;
#6271 = ADVANCED_FACE ( 'NONE', ( #5468 ), #6429, .F. ) ;
#6272 = DIRECTION ( 'NONE',  ( -0.000000000000000000, -0.000000000000000000, 1.000000000000000000 ) ) ;
#6273 = CARTESIAN_POINT ( 'NONE',  ( -6.059010358723677214, -28.87106498681472289, 8.000000000000000000 ) ) ;
#6274 = CARTESIAN_POINT ( 'NONE',  ( 8.249869978575224749, 18.21956178770173551, 5.134196291647054267 ) ) ;
#6275 = CIRCLE ( 'NONE', #4207, 1.500000000000001332 ) ;
#6276 = CARTESIAN_POINT ( 'NONE',  ( 1.800000000000000711, -21.92623998774071481, 3.500000000000000444 ) ) ;
#6277 = FACE_OUTER_BOUND ( 'NONE', #5411, .T. ) ;
#6278 = ORIENTED_EDGE ( 'NONE', *, *, #4714, .F. ) ;
#6279 = PRODUCT_RELATED_PRODUCT_CATEGORY ( 'part', '', ( #2090 ) ) ;
#6280 = ORIENTED_EDGE ( 'NONE', *, *, #2272, .T. ) ;
#6281 = VECTOR ( 'NONE', #7374, 1000.000000000000000 ) ;
#6282 = CARTESIAN_POINT ( 'NONE',  ( 17.14259752787362956, 19.19432130080187804, 0.4999999999999831246 ) ) ;
#6283 = DIRECTION ( 'NONE',  ( -1.000000000000000000, 0.000000000000000000, 0.000000000000000000 ) ) ;
#6284 = AXIS2_PLACEMENT_3D ( 'NONE', #6787, #1748, #4578 ) ;
#6285 = CARTESIAN_POINT ( 'NONE',  ( 19.77852007099592413, 5.587896168346640380, 8.000000000000000000 ) ) ;
#6286 = DIRECTION ( 'NONE',  ( 1.000000000000000000, 0.000000000000000000, 0.000000000000000000 ) ) ;
#6287 = CIRCLE ( 'NONE', #6882, 4.000000000000000888 ) ;
#6288 = CARTESIAN_POINT ( 'NONE',  ( -25.65693844375873667, -8.409608177149221930, 8.000000000000000000 ) ) ;
#6289 = ORIENTED_EDGE ( 'NONE', *, *, #2777, .T. ) ;
#6290 = AXIS2_PLACEMENT_3D ( 'NONE', #9196, #5821, #2281 ) ;
#6291 = DIRECTION ( 'NONE',  ( 1.000000000000000000, 1.734723475976805517E-15, 0.000000000000000000 ) ) ;
#6292 = ORIENTED_EDGE ( 'NONE', *, *, #2121, .F. ) ;
#6293 = EDGE_CURVE ( 'NONE', #3318, #3216, #5693, .T. ) ;
#6294 = EDGE_CURVE ( 'NONE', #1767, #2856, #8491, .T. ) ;
#6295 = ORIENTED_EDGE ( 'NONE', *, *, #494, .T. ) ;
#6296 = DIRECTION ( 'NONE',  ( 1.000000000000000000, 0.000000000000000000, 0.000000000000000000 ) ) ;
#6297 = EDGE_CURVE ( 'NONE', #5882, #7136, #4216, .T. ) ;
#6298 = EDGE_LOOP ( 'NONE', ( #8250, #1843, #6967, #9141, #443 ) ) ;
#6299 = DIRECTION ( 'NONE',  ( 0.000000000000000000, 0.000000000000000000, 1.000000000000000000 ) ) ;
#6300 = CARTESIAN_POINT ( 'NONE',  ( -22.86679327408264228, -8.583347098777874606, 0.2999999999999947153 ) ) ;
#6301 = CIRCLE ( 'NONE', #3479, 1.499999999999742872 ) ;
#6302 = CARTESIAN_POINT ( 'NONE',  ( -28.03258089225492000, 9.188275600959334710, 0.000000000000000000 ) ) ;
#6303 = AXIS2_PLACEMENT_3D ( 'NONE', #124, #7947, #5805 ) ;
#6304 = DIRECTION ( 'NONE',  ( 0.9789804197376047457, 0.2039542541120019370, 0.000000000000000000 ) ) ;
#6305 = CARTESIAN_POINT ( 'NONE',  ( 13.94855715851492839, 19.65960969082656362, 3.999999999999999112 ) ) ;
#6306 = CIRCLE ( 'NONE', #2588, 4.299999999999990941 ) ;
#6307 = ORIENTED_EDGE ( 'NONE', *, *, #2843, .T. ) ;
#6308 = DIRECTION ( 'NONE',  ( 0.000000000000000000, 0.000000000000000000, -1.000000000000000000 ) ) ;
#6309 = AXIS2_PLACEMENT_3D ( 'NONE', #2743, #642, #6876 ) ;
#6310 = ADVANCED_FACE ( 'NONE', ( #4968 ), #7903, .T. ) ;
#6311 = CARTESIAN_POINT ( 'NONE',  ( 25.65693844375873311, -8.409608177149218378, 7.500000000000007105 ) ) ;
#6312 = EDGE_CURVE ( 'NONE', #1220, #8137, #818, .T. ) ;
#6313 = DIRECTION ( 'NONE',  ( -0.000000000000000000, -0.000000000000000000, 1.000000000000000000 ) ) ;
#6314 = CARTESIAN_POINT ( 'NONE',  ( -28.65693844375872956, 8.409608177149218378, 0.4999999999999831246 ) ) ;
#6315 = AXIS2_PLACEMENT_3D ( 'NONE', #3427, #5028, #7120 ) ;
#6316 = DIRECTION ( 'NONE',  ( 1.000000000000000000, 4.588859039144120192E-16, -0.000000000000000000 ) ) ;
#6317 = CARTESIAN_POINT ( 'NONE',  ( 23.99999999999999645, 3.780293665983591733, -0.0009999999999992653654 ) ) ;
#6318 = ORIENTED_EDGE ( 'NONE', *, *, #5249, .T. ) ;
#6319 = CARTESIAN_POINT ( 'NONE',  ( 21.21762239271877704, 12.24999999999995381, 0.000000000000000000 ) ) ;
#6320 = ADVANCED_FACE ( 'NONE', ( #3660 ), #5251, .F. ) ;
#6321 = ORIENTED_EDGE ( 'NONE', *, *, #3711, .F. ) ;
#6322 = DIRECTION ( 'NONE',  ( 0.04635128650187803762, -0.08028278321743541335, 0.9956938449937726698 ) ) ;
#6323 = AXIS2_PLACEMENT_3D ( 'NONE', #3367, #6202, #8334 ) ;
#6324 = CYLINDRICAL_SURFACE ( 'NONE', #7370, 1.000000000000000888 ) ;
#6325 = DIRECTION ( 'NONE',  ( -0.000000000000000000, -0.000000000000000000, -1.000000000000000000 ) ) ;
#6326 = CARTESIAN_POINT ( 'NONE',  ( -19.96866408273291782, -1.125818986712608272, 5.953620755937949482 ) ) ;
#6327 = CARTESIAN_POINT ( 'NONE',  ( -17.32050807568853301, -9.999999999999973355, 0.4999999999999831246 ) ) ;
#6328 = DIRECTION ( 'NONE',  ( 1.000000000000000000, 4.588859039144119206E-16, 0.000000000000000000 ) ) ;
#6329 = CARTESIAN_POINT ( 'NONE',  ( 23.50000000000000355, -3.780293665983593066, 8.000000000000000000 ) ) ;
#6330 = AXIS2_PLACEMENT_3D ( 'NONE', #4234, #7225, #3682 ) ;
#6331 = CARTESIAN_POINT ( 'NONE',  ( 8.403477940764753740, 18.15006596977976017, 5.384858111591642960 ) ) ;
#6332 = VERTEX_POINT ( 'NONE', #2865 ) ;
#6333 = VECTOR ( 'NONE', #541, 1000.000000000000000 ) ;
#6334 = FACE_OUTER_BOUND ( 'NONE', #8203, .T. ) ;
#6335 = PLANE ( 'NONE',  #3531 ) ;
#6336 = ORIENTED_EDGE ( 'NONE', *, *, #2529, .F. ) ;
#6337 = EDGE_LOOP ( 'NONE', ( #8797, #6664, #6234, #2491 ) ) ;
#6338 = ORIENTED_EDGE ( 'NONE', *, *, #6738, .T. ) ;
#6340 = AXIS2_PLACEMENT_3D ( 'NONE', #215, #3801, #7205 ) ;
#6339 = CARTESIAN_POINT ( 'NONE',  ( 23.99999999999999289, 3.780293665983592177, 0.4999999999999831246 ) ) ;
#6341 = DIRECTION ( 'NONE',  ( 0.000000000000000000, 0.000000000000000000, -1.000000000000000000 ) ) ;
#6342 = CARTESIAN_POINT ( 'NONE',  ( 20.27852007099588860, -7.319946975915660126, 3.500000000000000444 ) ) ;
#6343 = ORIENTED_EDGE ( 'NONE', *, *, #6869, .F. ) ;
#6344 = CONICAL_SURFACE ( 'NONE', #848, 29.50000000000000000, 0.7853981633974587151 ) ;
#6345 = EDGE_LOOP ( 'NONE', ( #9061, #7436, #2482, #4619 ) ) ;
#6346 = CARTESIAN_POINT ( 'NONE',  ( 0.000000000000000000, 0.000000000000000000, 2.999999999999961808 ) ) ;
#6347 = ORIENTED_EDGE ( 'NONE', *, *, #725, .F. ) ;
#6348 = DIRECTION ( 'NONE',  ( -0.8660254037844403729, 0.4999999999999972244, 0.000000000000000000 ) ) ;
#6349 = CARTESIAN_POINT ( 'NONE',  ( 25.50000000000000355, -3.780293665983593066, 0.000000000000000000 ) ) ;
#6350 = LINE ( 'NONE', #7148, #8543 ) ;
#6351 = AXIS2_PLACEMENT_3D ( 'NONE', #5678, #4986, #7270 ) ;
#6352 = DIRECTION ( 'NONE',  ( 0.000000000000000000, 0.000000000000000000, -1.000000000000000000 ) ) ;
#6353 = CARTESIAN_POINT ( 'NONE',  ( -7.920032505485361973, -25.64221295270857226, 8.000000000000000000 ) ) ;
#6354 = CIRCLE ( 'NONE', #8745, 1.499999999999959588 ) ;
#6355 = CARTESIAN_POINT ( 'NONE',  ( -4.237675887377384321, 29.76296044890675319, 0.5029258537780799676 ) ) ;
#6356 = EDGE_CURVE ( 'NONE', #6942, #7823, #5058, .T. ) ;
#6357 = ADVANCED_FACE ( 'NONE', ( #82 ), #3608, .T. ) ;
#6358 = ORIENTED_EDGE ( 'NONE', *, *, #7299, .T. ) ;
#6359 = CARTESIAN_POINT ( 'NONE',  ( 22.29855367578806380, -17.26193801309686648, 0.4999999999999854006 ) ) ;
#6360 = VECTOR ( 'NONE', #5675, 1000.000000000000114 ) ;
#6361 = CARTESIAN_POINT ( 'NONE',  ( -23.49999999999999645, -3.780293665983591733, 8.000000000000000000 ) ) ;
#6362 = CARTESIAN_POINT ( 'NONE',  ( 16.72103440749877024, 10.97301272865579946, 3.500000000000000444 ) ) ;
#6363 = DIRECTION ( 'NONE',  ( 0.000000000000000000, 0.000000000000000000, 1.000000000000000000 ) ) ;
#6364 = EDGE_CURVE ( 'NONE', #6390, #5599, #8808, .T. ) ;
#6365 = DIRECTION ( 'NONE',  ( 4.588859039144119206E-16, -1.000000000000000000, 0.000000000000000000 ) ) ;
#6366 = DIRECTION ( 'NONE',  ( -0.000000000000000000, -0.000000000000000000, -1.000000000000000000 ) ) ;
#6367 = ORIENTED_EDGE ( 'NONE', *, *, #4214, .F. ) ;
#6368 = ADVANCED_FACE ( 'NONE', ( #4918 ), #335, .T. ) ;
#6369 = EDGE_CURVE ( 'NONE', #3753, #9150, #1039, .T. ) ;
#6370 = DIRECTION ( 'NONE',  ( 0.000000000000000000, 0.000000000000000000, 1.000000000000000000 ) ) ;
#6371 = EDGE_CURVE ( 'NONE', #7708, #8933, #7476, .T. ) ;
#6372 = DIRECTION ( 'NONE',  ( -0.7071067811865463515, 0.000000000000000000, 0.7071067811865487940 ) ) ;
#6373 = PLANE ( 'NONE',  #3342 ) ;
#6374 = CIRCLE ( 'NONE', #1157, 0.8000000000000020428 ) ;
#6375 = DIRECTION ( 'NONE',  ( 0.9848077530122084644, 0.1736481776669281663, 0.000000000000000000 ) ) ;
#6376 = DIRECTION ( 'NONE',  ( 0.8660254037844330455, -0.5000000000000097700, 0.000000000000000000 ) ) ;
#6377 = DIRECTION ( 'NONE',  ( -0.000000000000000000, -0.000000000000000000, 1.000000000000000000 ) ) ;
#6378 = EDGE_CURVE ( 'NONE', #3411, #5051, #5533, .T. ) ;
#6379 = CARTESIAN_POINT ( 'NONE',  ( -5.799999999999999822, -21.22168702059287071, 3.500000000000000444 ) ) ;
#6380 = CARTESIAN_POINT ( 'NONE',  ( 10.62333256746207866, 16.94589554988230162, 6.134366575363619845 ) ) ;
#6381 = LINE ( 'NONE', #3587, #707 ) ;
#6382 = ORIENTED_EDGE ( 'NONE', *, *, #4565, .T. ) ;
#6383 = ORIENTED_EDGE ( 'NONE', *, *, #5676, .T. ) ;
#6384 = ORIENTED_EDGE ( 'NONE', *, *, #6700, .F. ) ;
#6385 = CARTESIAN_POINT ( 'NONE',  ( -4.600075393356416242, 29.30306637802717518, 0.000000000000000000 ) ) ;
#6386 = CARTESIAN_POINT ( 'NONE',  ( 2.249999999999998224, 24.50000000000000000, 3.500000000000000444 ) ) ;
#6387 = LINE ( 'NONE', #1373, #6438 ) ;
#6388 = CARTESIAN_POINT ( 'NONE',  ( -25.65693844375873667, -8.409608177149221930, 0.4999999999999831246 ) ) ;
#6389 = CARTESIAN_POINT ( 'NONE',  ( 10.05144284148495082, 21.90960969082655296, 3.999999999999999112 ) ) ;
#6390 = VERTEX_POINT ( 'NONE', #5199 ) ;
#6391 = CARTESIAN_POINT ( 'NONE',  ( -1.360023205165817945E-15, 24.50000000000000000, 7.500000000000007105 ) ) ;
#6392 = ORIENTED_EDGE ( 'NONE', *, *, #6841, .F. ) ;
#6393 = EDGE_LOOP ( 'NONE', ( #3759, #8174, #2286, #401 ) ) ;
#6394 = LINE ( 'NONE', #4817, #899 ) ;
#6395 = DIRECTION ( 'NONE',  ( 0.3535533905932806142, 0.6123724356957904735, 0.7071067811865475727 ) ) ;
#6396 = EDGE_CURVE ( 'NONE', #1312, #5241, #3907, .T. ) ;
#6397 = DIRECTION ( 'NONE',  ( -0.000000000000000000, -0.000000000000000000, 1.000000000000000000 ) ) ;
#6398 = CARTESIAN_POINT ( 'NONE',  ( -4.972018600557847279, 29.91120489671234139, 0.5065187662781556188 ) ) ;
#6399 = ORIENTED_EDGE ( 'NONE', *, *, #7415, .T. ) ;
#6400 = ORIENTED_EDGE ( 'NONE', *, *, #3114, .F. ) ;
#6401 = FACE_OUTER_BOUND ( 'NONE', #8997, .T. ) ;
#6402 = LINE ( 'NONE', #2192, #104 ) ;
#6403 = EDGE_CURVE ( 'NONE', #1172, #1581, #2448, .T. ) ;
#6404 = CARTESIAN_POINT ( 'NONE',  ( 19.99834292333498098, 0.2948955178806423882, 6.235403009112270745 ) ) ;
#6405 = CARTESIAN_POINT ( 'NONE',  ( -5.445910655004411183, 29.37368865172988919, 7.999999999999998224 ) ) ;
#6406 = DIRECTION ( 'NONE',  ( 0.7071067811865414665, 3.244813344487963653E-16, 0.7071067811865536790 ) ) ;
#6407 = CARTESIAN_POINT ( 'NONE',  ( -25.19406861883199866, 5.248764295590002682, 7.500000000000009770 ) ) ;
#6408 = ORIENTED_EDGE ( 'NONE', *, *, #2798, .F. ) ;
#6409 = CYLINDRICAL_SURFACE ( 'NONE', #5717, 2.000000000000000000 ) ;
#6410 = ADVANCED_FACE ( 'NONE', ( #3843 ), #7435, .F. ) ;
#6411 = DIRECTION ( 'NONE',  ( -0.000000000000000000, -0.000000000000000000, -1.000000000000000000 ) ) ;
#6412 = EDGE_CURVE ( 'NONE', #414, #4339, #4967, .T. ) ;
#6413 = DIRECTION ( 'NONE',  ( 1.000000000000000000, 0.000000000000000000, 0.000000000000000000 ) ) ;
#6414 = EDGE_CURVE ( 'NONE', #8071, #68, #8817, .T. ) ;
#6415 = CARTESIAN_POINT ( 'NONE',  ( 1.360023205165817945E-15, -24.50000000000000000, 0.000000000000000000 ) ) ;
#6416 = EDGE_CURVE ( 'NONE', #2089, #1830, #2488, .T. ) ;
#6417 = AXIS2_PLACEMENT_3D ( 'NONE', #2760, #8436, #4906 ) ;
#6418 = CARTESIAN_POINT ( 'NONE',  ( -15.35510110093237301, 34.33035458331919898, -2.017426793364850202 ) ) ;
#6419 = DIRECTION ( 'NONE',  ( 0.000000000000000000, 0.000000000000000000, -1.000000000000000000 ) ) ;
#6420 = DIRECTION ( 'NONE',  ( 1.000000000000000000, 0.000000000000000000, 0.000000000000000000 ) ) ;
#6421 = CONICAL_SURFACE ( 'NONE', #7324, 20.00000000000000000, 0.7853981633974482790 ) ;
#6422 = AXIS2_PLACEMENT_3D ( 'NONE', #1897, #7440, #4731 ) ;
#6423 = DIRECTION ( 'NONE',  ( -0.000000000000000000, -0.000000000000000000, -1.000000000000000000 ) ) ;
#6424 = VERTEX_POINT ( 'NONE', #1764 ) ;
#6425 = ORIENTED_EDGE ( 'NONE', *, *, #2495, .T. ) ;
#6426 = EDGE_CURVE ( 'NONE', #2525, #1759, #4051, .T. ) ;
#6427 = ORIENTED_EDGE ( 'NONE', *, *, #6932, .T. ) ;
#6428 = CARTESIAN_POINT ( 'NONE',  ( -5.803861505164169543, 29.74554924397310174, 0.000000000000000000 ) ) ;
#6429 = CONICAL_SURFACE ( 'NONE', #2867, 1.500000000000001332, 0.7853981633974543852 ) ;
#6430 = AXIS2_PLACEMENT_3D ( 'NONE', #291, #3089, #6622 ) ;
#6431 = CARTESIAN_POINT ( 'NONE',  ( -21.21762239271885875, -12.24999999999980460, 7.500000000000007105 ) ) ;
#6432 = LINE ( 'NONE', #1374, #6473 ) ;
#6433 = CARTESIAN_POINT ( 'NONE',  ( -3.977483501227964791, 29.73515806242602366, 7.500000000000024869 ) ) ;
#6434 = ORIENTED_EDGE ( 'NONE', *, *, #4082, .F. ) ;
#6435 = CONICAL_SURFACE ( 'NONE', #1403, 2.500000000000002220, 0.7853981633974552734 ) ;
#6436 = DIRECTION ( 'NONE',  ( -0.8660254037844434816, 0.4999999999999915623, 0.000000000000000000 ) ) ;
#6437 = VERTEX_POINT ( 'NONE', #7300 ) ;
#6438 = VECTOR ( 'NONE', #1524, 1000.000000000000114 ) ;
#6439 = AXIS2_PLACEMENT_3D ( 'NONE', #4430, #234, #185 ) ;
#6440 = EDGE_LOOP ( 'NONE', ( #1898, #1738, #1746, #7984 ) ) ;
#6441 = DIRECTION ( 'NONE',  ( -0.000000000000000000, -0.000000000000000000, 1.000000000000000000 ) ) ;
#6442 = CARTESIAN_POINT ( 'NONE',  ( 25.65693844375873667, 8.409608177149221930, 7.500000000000007105 ) ) ;
#6443 = CARTESIAN_POINT ( 'NONE',  ( -19.34410915545078069, 5.079905607588125704, 7.500000000000007105 ) ) ;
#6444 = CIRCLE ( 'NONE', #3469, 2.500000000000002220 ) ;
#6445 = FACE_OUTER_BOUND ( 'NONE', #7274, .T. ) ;
#6446 = CARTESIAN_POINT ( 'NONE',  ( 8.726169651492748258, 22.67475652381833839, 7.500000000000007105 ) ) ;
#6447 = ORIENTED_EDGE ( 'NONE', *, *, #3776, .F. ) ;
#6448 = LINE ( 'NONE', #962, #6189 ) ;
#6449 = ORIENTED_EDGE ( 'NONE', *, *, #3199, .F. ) ;
#6450 = CARTESIAN_POINT ( 'NONE',  ( -0.3729223931221481991, 0.3330598875698352890, 0.000000000000000000 ) ) ;
#6451 = ORIENTED_EDGE ( 'NONE', *, *, #985, .F. ) ;
#6452 = VECTOR ( 'NONE', #6782, 1000.000000000000000 ) ;
#6453 = DIRECTION ( 'NONE',  ( 1.000000000000000000, 0.000000000000000000, 0.000000000000000000 ) ) ;
#6454 = DIRECTION ( 'NONE',  ( -0.000000000000000000, -0.000000000000000000, 1.000000000000000000 ) ) ;
#6455 = DIRECTION ( 'NONE',  ( -1.000000000000000000, -4.588859039144120192E-16, -0.000000000000000000 ) ) ;
#6456 = CARTESIAN_POINT ( 'NONE',  ( -6.255166741857911106, 29.75051300988298664, 8.000000000000001776 ) ) ;
#6457 = VECTOR ( 'NONE', #173, 1000.000000000000000 ) ;
#6458 = DIRECTION ( 'NONE',  ( 0.000000000000000000, 0.000000000000000000, -1.000000000000000000 ) ) ;
#6459 = CARTESIAN_POINT ( 'NONE',  ( 17.71320343559646204, 16.57757573283802799, 3.000000000000000000 ) ) ;
#6460 = EDGE_LOOP ( 'NONE', ( #1056, #290, #3306, #6785 ) ) ;
#6461 = VECTOR ( 'NONE', #4294, 1000.000000000000000 ) ;
#6462 = ORIENTED_EDGE ( 'NONE', *, *, #8197, .T. ) ;
#6463 = DIRECTION ( 'NONE',  ( 1.000000000000000000, 0.000000000000000000, 0.000000000000000000 ) ) ;
#6464 = DIRECTION ( 'NONE',  ( 0.4999999999999975575, -0.8660254037844401509, 0.000000000000000000 ) ) ;
#6465 = DIRECTION ( 'NONE',  ( -0.000000000000000000, -0.000000000000000000, 1.000000000000000000 ) ) ;
#6466 = CARTESIAN_POINT ( 'NONE',  ( -4.288977007317671841, -19.90692952153640860, 3.363520524407633605 ) ) ;
#6467 = CONICAL_SURFACE ( 'NONE', #7659, 2.500000000000009326, 0.7853981633974548293 ) ;
#6468 = VECTOR ( 'NONE', #2510, 1000.000000000000114 ) ;
#6469 = LINE ( 'NONE', #102, #1992 ) ;
#6470 = ADVANCED_FACE ( 'NONE', ( #1676 ), #6435, .T. ) ;
#6471 = CARTESIAN_POINT ( 'NONE',  ( 8.685458949004431162, 18.01592731161036554, 5.695701216230362185 ) ) ;
#6472 = EDGE_CURVE ( 'NONE', #4029, #3830, #5700, .T. ) ;
#6473 = VECTOR ( 'NONE', #5046, 1000.000000000000114 ) ;
#6474 = DIRECTION ( 'NONE',  ( -0.000000000000000000, -0.000000000000000000, 1.000000000000000000 ) ) ;
#6475 = ORIENTED_EDGE ( 'NONE', *, *, #791, .T. ) ;
#6476 = ORIENTED_EDGE ( 'NONE', *, *, #7915, .F. ) ;
#6477 = ORIENTED_EDGE ( 'NONE', *, *, #397, .T. ) ;
#6478 = CARTESIAN_POINT ( 'NONE',  ( -6.281425541095721599, 30.08546309415210729, 0.000000000000000000 ) ) ;
#6479 = ORIENTED_EDGE ( 'NONE', *, *, #844, .F. ) ;
#6480 = CARTESIAN_POINT ( 'NONE',  ( 19.92838848896883164, 1.694157189746705372, 2.512098520277146196 ) ) ;
#6481 = AXIS2_PLACEMENT_3D ( 'NONE', #4084, #5475, #2587 ) ;
#6482 = DIRECTION ( 'NONE',  ( 0.000000000000000000, 0.000000000000000000, -1.000000000000000000 ) ) ;
#6483 = LINE ( 'NONE', #4248, #2467 ) ;
#6484 = ADVANCED_FACE ( 'NONE', ( #8734 ), #7341, .T. ) ;
#6485 = EDGE_CURVE ( 'NONE', #1705, #5792, #6627, .T. ) ;
#6486 = EDGE_CURVE ( 'NONE', #3529, #2856, #5236, .T. ) ;
#6487 = CARTESIAN_POINT ( 'NONE',  ( 17.05544456622769189, 5.459103465619095097, 7.500000000000007105 ) ) ;
#6488 = ORIENTED_EDGE ( 'NONE', *, *, #8694, .T. ) ;
#6489 = CIRCLE ( 'NONE', #3672, 20.00000000000000000 ) ;
#6490 = CARTESIAN_POINT ( 'NONE',  ( -23.50000000000000711, -3.780293665983591289, 0.000000000000000000 ) ) ;
#6491 = ORIENTED_EDGE ( 'NONE', *, *, #1315, .F. ) ;
#6492 = AXIS2_PLACEMENT_3D ( 'NONE', #6311, #9143, #6453 ) ;
#6493 = ORIENTED_EDGE ( 'NONE', *, *, #2904, .T. ) ;
#6494 = DIRECTION ( 'NONE',  ( -0.000000000000000000, -0.000000000000000000, 1.000000000000000000 ) ) ;
#6495 = B_SPLINE_CURVE_WITH_KNOTS ( 'NONE', 3,
 ( #5865, #7965, #94, #1503 ),
 .UNSPECIFIED., .F., .F.,
 ( 4, 4 ),
 ( 0.000000000000000000, 1.000000000000000000 ),
 .UNSPECIFIED. ) ;
#6496 = DIRECTION ( 'NONE',  ( 1.000000000000000000, 0.000000000000000000, 0.000000000000000000 ) ) ;
#6497 = EDGE_CURVE ( 'NONE', #4830, #4877, #7387, .T. ) ;
#6498 = CARTESIAN_POINT ( 'NONE',  ( -22.34600393240419081, -20.01639598561580513, 7.500000000000009770 ) ) ;
#6499 = DIRECTION ( 'NONE',  ( 1.000000000000000000, 0.000000000000000000, 0.000000000000000000 ) ) ;
#6500 = EDGE_LOOP ( 'NONE', ( #4150, #9071, #7463, #1298, #2714 ) ) ;
#6501 = VERTEX_POINT ( 'NONE', #4862 ) ;
#6502 = CARTESIAN_POINT ( 'NONE',  ( -3.800000000000000711, 21.22168702059287071, 7.500000000000007105 ) ) ;
#6503 = ORIENTED_EDGE ( 'NONE', *, *, #5189, .F. ) ;
#6504 = VERTEX_POINT ( 'NONE', #8209 ) ;
#6505 = PLANE ( 'NONE',  #4891 ) ;
#6506 = FACE_BOUND ( 'NONE', #2725, .T. ) ;
#6507 = VECTOR ( 'NONE', #1813, 1000.000000000000000 ) ;
#6508 = DIRECTION ( 'NONE',  ( 1.000000000000000000, 4.588859039144120192E-16, -0.000000000000000000 ) ) ;
#6509 = FACE_OUTER_BOUND ( 'NONE', #1097, .T. ) ;
#6510 = CARTESIAN_POINT ( 'NONE',  ( -4.743937504249467807, 29.22699577061960596, 7.999999999999998224 ) ) ;
#6511 = CARTESIAN_POINT ( 'NONE',  ( -28.15693844375873311, 8.409608177149218378, 8.000000000000000000 ) ) ;
#6512 = LINE ( 'NONE', #2976, #8985 ) ;
#6513 = VERTEX_POINT ( 'NONE', #2666 ) ;
#6514 = CARTESIAN_POINT ( 'NONE',  ( 0.000000000000000000, 0.000000000000000000, 7.500000000000007105 ) ) ;
#6515 = ORIENTED_EDGE ( 'NONE', *, *, #4838, .T. ) ;
#6516 = AXIS2_PLACEMENT_3D ( 'NONE', #4716, #9059, #3399 ) ;
#6517 = FACE_OUTER_BOUND ( 'NONE', #8666, .T. ) ;
#6518 = DIRECTION ( 'NONE',  ( 0.9848077530122081313, 0.1736481776669298871, 0.000000000000000000 ) ) ;
#6519 = FACE_OUTER_BOUND ( 'NONE', #6948, .T. ) ;
#6520 = EDGE_CURVE ( 'NONE', #5241, #2097, #570, .T. ) ;
#6521 = DIRECTION ( 'NONE',  ( -0.000000000000000000, 0.000000000000000000, 1.000000000000000000 ) ) ;
#6522 = DIRECTION ( 'NONE',  ( 0.1729873939250869408, -0.9810602621904069842, -0.08715574274766076102 ) ) ;
#6523 = AXIS2_PLACEMENT_3D ( 'NONE', #1299, #6777, #1907 ) ;
#6524 = DIRECTION ( 'NONE',  ( -0.5267003637674780858, -0.4717909778781397834, 0.7071067811865439090 ) ) ;
#6525 = ORIENTED_EDGE ( 'NONE', *, *, #8244, .F. ) ;
#6526 = ORIENTED_EDGE ( 'NONE', *, *, #8337, .T. ) ;
#6527 = EDGE_CURVE ( 'NONE', #7608, #9072, #8819, .T. ) ;
#6528 = CARTESIAN_POINT ( 'NONE',  ( -3.745775432549426576, 29.26165890393419033, 0.000000000000000000 ) ) ;
#6529 = FACE_OUTER_BOUND ( 'NONE', #3228, .T. ) ;
#6530 = AXIS2_PLACEMENT_3D ( 'NONE', #8151, #4784, #1789 ) ;
#6531 = VERTEX_POINT ( 'NONE', #1891 ) ;
#6532 = DIRECTION ( 'NONE',  ( 1.000000000000000000, 0.000000000000000000, 0.000000000000000000 ) ) ;
#6533 = ORIENTED_EDGE ( 'NONE', *, *, #604, .F. ) ;
#6534 = CARTESIAN_POINT ( 'NONE',  ( -11.31116795716115853, 36.36223555488162162, -16.86267028694028269 ) ) ;
#6535 = EDGE_LOOP ( 'NONE', ( #4343, #7982, #3076, #7526 ) ) ;
#6536 = VERTEX_POINT ( 'NONE', #8300 ) ;
#6537 = ORIENTED_EDGE ( 'NONE', *, *, #561, .F. ) ;
#6538 = EDGE_CURVE ( 'NONE', #6960, #7291, #3913, .T. ) ;
#6539 = CARTESIAN_POINT ( 'NONE',  ( -22.34600393240419081, -20.01639598561580513, 0.4999999999999831246 ) ) ;
#6540 = EDGE_CURVE ( 'NONE', #6060, #7254, #2618, .T. ) ;
#6541 = CARTESIAN_POINT ( 'NONE',  ( -5.960501520849523338, 35.24839400513658205, 6.295224554883788848 ) ) ;
#6542 = EDGE_CURVE ( 'NONE', #8137, #1377, #1940, .T. ) ;
#6543 = DIRECTION ( 'NONE',  ( -0.000000000000000000, 0.000000000000000000, 1.000000000000000000 ) ) ;
#6544 = CARTESIAN_POINT ( 'NONE',  ( 17.87386918043093331, 20.01311571247318355, 0.4999999999999831246 ) ) ;
#6545 = EDGE_LOOP ( 'NONE', ( #1381, #7031, #7290, #453 ) ) ;
#6546 = ORIENTED_EDGE ( 'NONE', *, *, #8474, .F. ) ;
#6547 = EDGE_LOOP ( 'NONE', ( #499, #680, #5901, #3878 ) ) ;
#6548 = CARTESIAN_POINT ( 'NONE',  ( 0.000000000000000000, 0.000000000000000000, 0.4999999999999831246 ) ) ;
#6549 = CARTESIAN_POINT ( 'NONE',  ( 19.87303449400720012, 2.250000000000009326, 3.999999999999999112 ) ) ;
#6550 = ADVANCED_FACE ( 'NONE', ( #2811 ), #4950, .T. ) ;
#6551 = CARTESIAN_POINT ( 'NONE',  ( 3.799999999999999378, 21.22168702059287071, 3.500000000000000444 ) ) ;
#6552 = AXIS2_PLACEMENT_3D ( 'NONE', #7751, #3605, #909 ) ;
#6553 = LINE ( 'NONE', #4422, #2417 ) ;
#6554 = ORIENTED_EDGE ( 'NONE', *, *, #1783, .F. ) ;
#6555 = CYLINDRICAL_SURFACE ( 'NONE', #8548, 1.500000000000001332 ) ;
#6556 = FACE_OUTER_BOUND ( 'NONE', #5478, .T. ) ;
#6557 = DIRECTION ( 'NONE',  ( 1.000000000000000000, 0.000000000000000000, 0.000000000000000000 ) ) ;
#6558 = PLANE ( 'NONE',  #7857 ) ;
#6559 = DIRECTION ( 'NONE',  ( 1.000000000000000000, 0.000000000000000000, 0.000000000000000000 ) ) ;
#6560 = CARTESIAN_POINT ( 'NONE',  ( -9.460770518423412767, 32.06432400227420487, -22.14792473069884338 ) ) ;
#6561 = VERTEX_POINT ( 'NONE', #5696 ) ;
#6562 = VERTEX_POINT ( 'NONE', #2220 ) ;
#6563 = DIRECTION ( 'NONE',  ( -0.000000000000000000, -0.000000000000000000, -1.000000000000000000 ) ) ;
#6564 = ORIENTED_EDGE ( 'NONE', *, *, #2, .F. ) ;
#6565 = CARTESIAN_POINT ( 'NONE',  ( 17.51551992099578925, 18.86126141323203598, 0.000000000000000000 ) ) ;
#6566 = MECHANICAL_DESIGN_GEOMETRIC_PRESENTATION_REPRESENTATION (  '', ( #6847 ), #461 ) ;
#6567 = DIRECTION ( 'NONE',  ( 0.000000000000000000, 0.000000000000000000, -1.000000000000000000 ) ) ;
#6568 = EDGE_CURVE ( 'NONE', #4685, #3123, #8526, .T. ) ;
#6569 = DIRECTION ( 'NONE',  ( 1.000000000000000000, 0.000000000000000000, 0.000000000000000000 ) ) ;
#6570 = ORIENTED_EDGE ( 'NONE', *, *, #8147, .T. ) ;
#6571 = CARTESIAN_POINT ( 'NONE',  ( 21.21762239271877704, 12.24999999999995381, 0.000000000000000000 ) ) ;
#6572 = EDGE_LOOP ( 'NONE', ( #5688, #2650, #5656, #8546 ) ) ;
#6573 = VERTEX_POINT ( 'NONE', #759 ) ;
#6574 = AXIS2_PLACEMENT_3D ( 'NONE', #4278, #3620, #140 ) ;
#6575 = AXIS2_PLACEMENT_3D ( 'NONE', #7591, #6328, #5590 ) ;
#6576 = LINE ( 'NONE', #5946, #7586 ) ;
#6577 = DIRECTION ( 'NONE',  ( 0.000000000000000000, 0.000000000000000000, -1.000000000000000000 ) ) ;
#6578 = DIRECTION ( 'NONE',  ( 0.000000000000000000, 0.000000000000000000, 1.000000000000000000 ) ) ;
#6579 = CARTESIAN_POINT ( 'NONE',  ( -14.07138188272340074, 14.21253713840578392, 7.500000000000007105 ) ) ;
#6580 = DIRECTION ( 'NONE',  ( -0.000000000000000000, -0.000000000000000000, -1.000000000000000000 ) ) ;
#6581 = CARTESIAN_POINT ( 'NONE',  ( 0.000000000000000000, 0.000000000000000000, 0.4999999999999831246 ) ) ;
#6582 = EDGE_CURVE ( 'NONE', #3642, #2787, #2903, .T. ) ;
#6583 = AXIS2_PLACEMENT_3D ( 'NONE', #5103, #2087, #7251 ) ;
#6584 = AXIS2_PLACEMENT_3D ( 'NONE', #1290, #7750, #9131 ) ;
#6585 = ADVANCED_FACE ( 'NONE', ( #1702 ), #5141, .T. ) ;
#6586 = ORIENTED_EDGE ( 'NONE', *, *, #4026, .F. ) ;
#6587 = AXIS2_PLACEMENT_3D ( 'NONE', #436, #2627, #1858 ) ;
#6588 = EDGE_CURVE ( 'NONE', #8071, #4203, #3081, .T. ) ;
#6589 = EDGE_CURVE ( 'NONE', #8315, #8643, #7492, .T. ) ;
#6590 = ORIENTED_EDGE ( 'NONE', *, *, #1067, .F. ) ;
#6591 = DIRECTION ( 'NONE',  ( -1.000000000000000000, -4.588859039144119206E-16, 0.000000000000000000 ) ) ;
#6592 = ORIENTED_EDGE ( 'NONE', *, *, #3922, .T. ) ;
#6593 = FACE_OUTER_BOUND ( 'NONE', #4628, .T. ) ;
#6594 = DIRECTION ( 'NONE',  ( 1.000000000000000000, 0.000000000000000000, 0.000000000000000000 ) ) ;
#6595 = DIRECTION ( 'NONE',  ( 0.000000000000000000, 0.000000000000000000, 1.000000000000000000 ) ) ;
#6596 = DIRECTION ( 'NONE',  ( -0.000000000000000000, -0.000000000000000000, -1.000000000000000000 ) ) ;
#6597 = ADVANCED_FACE ( 'NONE', ( #4533 ), #49, .F. ) ;
#6598 = EDGE_CURVE ( 'NONE', #4029, #3969, #8763, .T. ) ;
#6599 = CIRCLE ( 'NONE', #6143, 3.800000000000000711 ) ;
#6600 = ORIENTED_EDGE ( 'NONE', *, *, #1508, .T. ) ;
#6601 = CARTESIAN_POINT ( 'NONE',  ( -26.16682407903874008, -5.962157127805205903, 8.000000000000000000 ) ) ;
#6602 = VECTOR ( 'NONE', #1192, 1000.000000000000000 ) ;
#6603 = DIRECTION ( 'NONE',  ( 1.000000000000000000, 0.000000000000000000, 0.000000000000000000 ) ) ;
#6604 = CARTESIAN_POINT ( 'NONE',  ( 19.87303449400720012, -2.249999999999992006, 3.999999999999999112 ) ) ;
#6605 = AXIS2_PLACEMENT_3D ( 'NONE', #7860, #7149, #768 ) ;
#6606 = CIRCLE ( 'NONE', #7504, 2.249999999999998668 ) ;
#6607 = CIRCLE ( 'NONE', #5879, 2.999999999999999112 ) ;
#6608 = EDGE_LOOP ( 'NONE', ( #4803, #6447, #4984, #5020 ) ) ;
#6609 = CIRCLE ( 'NONE', #1727, 3.800000000000000711 ) ;
#6610 = ORIENTED_EDGE ( 'NONE', *, *, #4500, .F. ) ;
#6611 = ORIENTED_EDGE ( 'NONE', *, *, #4547, .F. ) ;
#6612 = CARTESIAN_POINT ( 'NONE',  ( -4.909070432177704113, 29.89004662134630763, 0.5062152424636104930 ) ) ;
#6613 = AXIS2_PLACEMENT_3D ( 'NONE', #6534, #2315, #158 ) ;
#6614 = DIRECTION ( 'NONE',  ( -0.6716093422004353330, 0.2212258833615663167, 0.7071067811865429098 ) ) ;
#6615 = ORIENTED_EDGE ( 'NONE', *, *, #5747, .F. ) ;
#6616 = CARTESIAN_POINT ( 'NONE',  ( -28.50770938195415383, 9.344009085721356911, 0.4999999999999831246 ) ) ;
#6617 = ORIENTED_EDGE ( 'NONE', *, *, #1782, .F. ) ;
#6618 = FACE_OUTER_BOUND ( 'NONE', #2866, .T. ) ;
#6619 = ORIENTED_EDGE ( 'NONE', *, *, #8081, .T. ) ;
#6620 = EDGE_LOOP ( 'NONE', ( #8157, #4050, #8395, #6796 ) ) ;
#6621 = VECTOR ( 'NONE', #569, 1000.000000000000341 ) ;
#6622 = DIRECTION ( 'NONE',  ( 0.000000000000000000, -1.000000000000000000, 0.000000000000000000 ) ) ;
#6623 = DIRECTION ( 'NONE',  ( 1.000000000000000000, 0.000000000000000000, 0.000000000000000000 ) ) ;
#6624 = CARTESIAN_POINT ( 'NONE',  ( 7.987960088488564203, 18.33555272209467901, 3.851210412908274261 ) ) ;
#6625 = CARTESIAN_POINT ( 'NONE',  ( 2.249999999999998224, 24.50000000000000000, -0.001000000000000132727 ) ) ;
#6626 = CARTESIAN_POINT ( 'NONE',  ( -25.65693844375873667, -8.409608177149221930, 8.000000000000000000 ) ) ;
#6627 = LINE ( 'NONE', #3095, #1094 ) ;
#6628 = ORIENTED_EDGE ( 'NONE', *, *, #3387, .F. ) ;
#6629 = AXIS2_PLACEMENT_3D ( 'NONE', #1169, #6226, #455 ) ;
#6630 = DIRECTION ( 'NONE',  ( 4.588859039144119206E-16, -1.000000000000000000, 0.000000000000000000 ) ) ;
#6631 = ORIENTED_EDGE ( 'NONE', *, *, #4259, .F. ) ;
#6632 = VERTEX_POINT ( 'NONE', #3872 ) ;
#6633 = DIRECTION ( 'NONE',  ( -0.000000000000000000, -0.000000000000000000, 1.000000000000000000 ) ) ;
#6634 = VERTEX_POINT ( 'NONE', #325 ) ;
#6635 = DIRECTION ( 'NONE',  ( 1.000000000000000000, 0.000000000000000000, 0.000000000000000000 ) ) ;
#6636 = DIRECTION ( 'NONE',  ( 0.000000000000000000, 0.000000000000000000, 1.000000000000000000 ) ) ;
#6637 = DIRECTION ( 'NONE',  ( 0.000000000000000000, 0.000000000000000000, 1.000000000000000000 ) ) ;
#6638 = CARTESIAN_POINT ( 'NONE',  ( -5.922703999298398081, 30.13237431724902393, 7.525750647259659587 ) ) ;
#6639 = EDGE_CURVE ( 'NONE', #3259, #7193, #1849, .T. ) ;
#6640 = AXIS2_PLACEMENT_3D ( 'NONE', #8234, #1873, #4703 ) ;
#6641 = EDGE_CURVE ( 'NONE', #800, #8777, #4805, .T. ) ;
#6642 = EDGE_LOOP ( 'NONE', ( #4867, #67, #8530, #1045, #1233 ) ) ;
#6643 = PLANE ( 'NONE',  #1475 ) ;
#6644 = AXIS2_PLACEMENT_3D ( 'NONE', #6898, #4954, #1333 ) ;
#6645 = DIRECTION ( 'NONE',  ( 0.000000000000000000, 0.000000000000000000, -1.000000000000000000 ) ) ;
#6646 = EDGE_CURVE ( 'NONE', #1521, #799, #156, .T. ) ;
#6647 = CARTESIAN_POINT ( 'NONE',  ( -14.17333179731772574, 34.53873239651951366, -2.017426793364849757 ) ) ;
#6648 = EDGE_CURVE ( 'NONE', #3088, #4411, #8951, .T. ) ;
#6649 = EDGE_CURVE ( 'NONE', #4114, #3170, #795, .T. ) ;
#6650 = EDGE_CURVE ( 'NONE', #1850, #4674, #1663, .T. ) ;
#6651 = DIRECTION ( 'NONE',  ( 0.000000000000000000, 0.000000000000000000, 1.000000000000000000 ) ) ;
#6652 = VECTOR ( 'NONE', #6181, 999.9999999999998863 ) ;
#6653 = VERTEX_POINT ( 'NONE', #7991 ) ;
#6654 = ORIENTED_EDGE ( 'NONE', *, *, #4272, .F. ) ;
#6655 = FACE_OUTER_BOUND ( 'NONE', #6337, .T. ) ;
#6656 = EDGE_CURVE ( 'NONE', #8330, #1529, #3162, .T. ) ;
#6657 = VERTEX_POINT ( 'NONE', #3035 ) ;
#6658 = CARTESIAN_POINT ( 'NONE',  ( 16.47852007099595895, 13.90174004467726654, 7.500000000000007105 ) ) ;
#6659 = VECTOR ( 'NONE', #7347, 1000.000000000000000 ) ;
#6660 = ORIENTED_EDGE ( 'NONE', *, *, #6881, .F. ) ;
#6661 = CARTESIAN_POINT ( 'NONE',  ( -4.974919172980269977, 29.60689684847584857, 5.217195742980164752 ) ) ;
#6662 = EDGE_LOOP ( 'NONE', ( #7896, #7318, #2302, #1627 ) ) ;
#6663 = DIRECTION ( 'NONE',  ( 0.9848077530122081313, 0.1736481776669296373, 0.000000000000000000 ) ) ;
#6664 = ORIENTED_EDGE ( 'NONE', *, *, #844, .T. ) ;
#6665 = ORIENTED_EDGE ( 'NONE', *, *, #2788, .F. ) ;
#6666 = CARTESIAN_POINT ( 'NONE',  ( -32.98010520917516430, 37.12321786125893652, 0.5000000000000004441 ) ) ;
#6667 = DIRECTION ( 'NONE',  ( -0.000000000000000000, -0.000000000000000000, -1.000000000000000000 ) ) ;
#6668 = CARTESIAN_POINT ( 'NONE',  ( -10.05144284148479983, -21.90960969082661691, 3.999999999999999112 ) ) ;
#6669 = AXIS2_PLACEMENT_3D ( 'NONE', #5068, #8695, #266 ) ;
#6670 = DIRECTION ( 'NONE',  ( -0.6719331540025076377, 0.2202404062660795192, 0.7071067811865436870 ) ) ;
#6671 = CARTESIAN_POINT ( 'NONE',  ( -14.07138188272369561, -14.21253713840549260, -0.0009999999999992653654 ) ) ;
#6672 = ORIENTED_EDGE ( 'NONE', *, *, #8584, .T. ) ;
#6673 = DIRECTION ( 'NONE',  ( 0.7071067811865490160, 2.628503000028647648E-16, 0.7071067811865461294 ) ) ;
#6674 = EDGE_LOOP ( 'NONE', ( #3117, #3280, #2123, #4528 ) ) ;
#6675 = CARTESIAN_POINT ( 'NONE',  ( -23.24290994709145863, 28.02280511260159912, -4.009852020456808219 ) ) ;
#6676 = EDGE_CURVE ( 'NONE', #4555, #8738, #8721, .T. ) ;
#6677 = DIRECTION ( 'NONE',  ( -0.000000000000000000, -0.000000000000000000, -1.000000000000000000 ) ) ;
#6678 = LINE ( 'NONE', #307, #3673 ) ;
#6679 = LINE ( 'NONE', #308, #3254 ) ;
#6680 = CARTESIAN_POINT ( 'NONE',  ( -19.31762239271888859, -15.54089653438068908, 3.500000000000000444 ) ) ;
#6681 = CARTESIAN_POINT ( 'NONE',  ( -21.21762239271885875, -12.24999999999980460, 0.000000000000000000 ) ) ;
#6682 = DIRECTION ( 'NONE',  ( -1.000000000000000000, 0.000000000000000000, 0.000000000000000000 ) ) ;
#6683 = FACE_OUTER_BOUND ( 'NONE', #3704, .T. ) ;
#6684 = CIRCLE ( 'NONE', #440, 2.000000000000000000 ) ;
#6685 = EDGE_CURVE ( 'NONE', #289, #3870, #3782, .T. ) ;
#6686 = DIRECTION ( 'NONE',  ( 0.9848077530122081313, 0.1736481776669298871, 0.000000000000000000 ) ) ;
#6687 = CARTESIAN_POINT ( 'NONE',  ( 19.82771188433708076, -5.206903247777686872, 8.000000000000000000 ) ) ;
#6688 = DIRECTION ( 'NONE',  ( 0.1729873939250868853, -0.9810602621904069842, -0.08715574274766180185 ) ) ;
#6689 = AXIS2_PLACEMENT_3D ( 'NONE', #5012, #7946, #7854 ) ;
#6690 = VECTOR ( 'NONE', #7494, 1000.000000000000000 ) ;
#6691 = EDGE_CURVE ( 'NONE', #2125, #2803, #344, .T. ) ;
#6692 = DIRECTION ( 'NONE',  ( 1.000000000000000000, 0.000000000000000000, 0.000000000000000000 ) ) ;
#6693 = ADVANCED_FACE ( 'NONE', ( #5440 ), #3916, .F. ) ;
#6694 = ORIENTED_EDGE ( 'NONE', *, *, #1364, .T. ) ;
#6695 = ORIENTED_EDGE ( 'NONE', *, *, #1490, .T. ) ;
#6696 = DIRECTION ( 'NONE',  ( 0.000000000000000000, 0.000000000000000000, 1.000000000000000000 ) ) ;
#6697 = ORIENTED_EDGE ( 'NONE', *, *, #6403, .F. ) ;
#6698 = VERTEX_POINT ( 'NONE', #3212 ) ;
#6699 = DIRECTION ( 'NONE',  ( 0.000000000000000000, 0.000000000000000000, 1.000000000000000000 ) ) ;
#6700 = EDGE_CURVE ( 'NONE', #3716, #752, #8892, .T. ) ;
#6701 = ADVANCED_FACE ( 'NONE', ( #5036 ), #2722, .F. ) ;
#6702 = CARTESIAN_POINT ( 'NONE',  ( 5.545534904594735082, 26.42436456420327318, 0.000000000000000000 ) ) ;
#6703 = VERTEX_POINT ( 'NONE', #703 ) ;
#6704 = VERTEX_POINT ( 'NONE', #4144 ) ;
#6705 = LINE ( 'NONE', #5311, #8809 ) ;
#6706 = CARTESIAN_POINT ( 'NONE',  ( 4.299999999999990941, 21.22168702059287071, 8.000000000000000000 ) ) ;
#6707 = VECTOR ( 'NONE', #64, 1000.000000000000000 ) ;
#6708 = LINE ( 'NONE', #8683, #7026 ) ;
#6709 = DIRECTION ( 'NONE',  ( 0.6315674470283045849, 0.3179977356116920895, 0.7071067811865376918 ) ) ;
#6710 = CARTESIAN_POINT ( 'NONE',  ( -21.21762239271860651, 12.25000000000024691, 7.500000000000007105 ) ) ;
#6711 = VERTEX_POINT ( 'NONE', #8513 ) ;
#6712 = EDGE_LOOP ( 'NONE', ( #423, #6061, #5412, #6479 ) ) ;
#6713 = DIRECTION ( 'NONE',  ( 1.000000000000000000, 0.000000000000000000, 0.000000000000000000 ) ) ;
#6714 = VERTEX_POINT ( 'NONE', #8469 ) ;
#6715 = AXIS2_PLACEMENT_3D ( 'NONE', #7011, #5578, #637 ) ;
#6716 = ORIENTED_EDGE ( 'NONE', *, *, #2945, .F. ) ;
#6717 = ORIENTED_EDGE ( 'NONE', *, *, #5483, .F. ) ;
#6718 = DIRECTION ( 'NONE',  ( 0.000000000000000000, 0.000000000000000000, -1.000000000000000000 ) ) ;
#6719 = CARTESIAN_POINT ( 'NONE',  ( -21.27852007099597387, -5.587896168346493830, -0.0009999999999992653654 ) ) ;
#6720 = VERTEX_POINT ( 'NONE', #1362 ) ;
#6721 = DIRECTION ( 'NONE',  ( 0.3128606445978996953, 0.9497990403563201234, -0.000000000000000000 ) ) ;
#6722 = LINE ( 'NONE', #4644, #3169 ) ;
#6723 = CIRCLE ( 'NONE', #7933, 1.500000000000001332 ) ;
#6724 = CARTESIAN_POINT ( 'NONE',  ( -24.10737049939751131, 32.92540452667166306, -3.574313338690692454 ) ) ;
#6725 = VECTOR ( 'NONE', #5462, 1000.000000000000000 ) ;
#6726 = DIRECTION ( 'NONE',  ( -0.6954962580751423706, -0.1843314708047204820, 0.6944831631324430710 ) ) ;
#6727 = VECTOR ( 'NONE', #4667, 1000.000000000000114 ) ;
#6728 = DIRECTION ( 'NONE',  ( 0.7458447862443196019, -0.6661197751397005540, 0.000000000000000000 ) ) ;
#6729 = CARTESIAN_POINT ( 'NONE',  ( 0.000000000000000000, 0.000000000000000000, 8.000000000000000000 ) ) ;
#6730 = VECTOR ( 'NONE', #2519, 1000.000000000000114 ) ;
#6731 = LINE ( 'NONE', #8757, #958 ) ;
#6732 = CARTESIAN_POINT ( 'NONE',  ( -20.87937133986216764, 28.43956073900222492, -4.009852020456808219 ) ) ;
#6733 = VECTOR ( 'NONE', #6304, 1000.000000000000114 ) ;
#6734 = CIRCLE ( 'NONE', #6890, 3.000000000000000000 ) ;
#6735 = EDGE_LOOP ( 'NONE', ( #5085, #5254 ) ) ;
#6736 = ORIENTED_EDGE ( 'NONE', *, *, #4273, .T. ) ;
#6737 = CONICAL_SURFACE ( 'NONE', #4230, 0.3000000000000120348, 0.7853981633974552734 ) ;
#6738 = EDGE_CURVE ( 'NONE', #5699, #9132, #3775, .T. ) ;
#6739 = CARTESIAN_POINT ( 'NONE',  ( -4.184724268914112422, 29.75884329557780461, 0.5026691797261672034 ) ) ;
#6740 = VERTEX_POINT ( 'NONE', #4238 ) ;
#6741 = ORIENTED_EDGE ( 'NONE', *, *, #6853, .T. ) ;
#6742 = CIRCLE ( 'NONE', #2165, 20.00000000000000000 ) ;
#6743 = EDGE_CURVE ( 'NONE', #6875, #7708, #7199, .T. ) ;
#6744 = EDGE_LOOP ( 'NONE', ( #2671, #4753, #432, #6104 ) ) ;
#6745 = CARTESIAN_POINT ( 'NONE',  ( -20.17145118092749101, 29.89858052231429753, -19.02808290795733370 ) ) ;
#6746 = ORIENTED_EDGE ( 'NONE', *, *, #6816, .T. ) ;
#6747 = DIRECTION ( 'NONE',  ( 0.8660254037844397068, 0.4999999999999979461, 0.000000000000000000 ) ) ;
#6748 = AXIS2_PLACEMENT_3D ( 'NONE', #2690, #2010, #7682 ) ;
#6749 = CARTESIAN_POINT ( 'NONE',  ( -24.55961359711024627, -7.251296291209023970, 0.2999999999999947153 ) ) ;
#6750 = ORIENTED_EDGE ( 'NONE', *, *, #4242, .F. ) ;
#6751 = EDGE_LOOP ( 'NONE', ( #8276, #5515, #5937, #5183 ) ) ;
#6752 = CARTESIAN_POINT ( 'NONE',  ( -6.325462315075265352, 37.31818952230226216, -17.72760725656574365 ) ) ;
#6753 = ORIENTED_EDGE ( 'NONE', *, *, #8081, .F. ) ;
#6754 = VECTOR ( 'NONE', #8201, 1000.000000000000000 ) ;
#6755 = EDGE_CURVE ( 'NONE', #8949, #7241, #3030, .T. ) ;
#6756 = DIRECTION ( 'NONE',  ( 0.000000000000000000, 0.000000000000000000, 1.000000000000000000 ) ) ;
#6757 = ADVANCED_FACE ( 'NONE', ( #7690 ), #8377, .T. ) ;
#6758 = DIRECTION ( 'NONE',  ( -1.000000000000000000, 0.000000000000000000, 0.000000000000000000 ) ) ;
#6759 = EDGE_CURVE ( 'NONE', #8087, #7247, #209, .T. ) ;
#6760 = ORIENTED_EDGE ( 'NONE', *, *, #6928, .T. ) ;
#6761 = ORIENTED_EDGE ( 'NONE', *, *, #115, .T. ) ;
#6762 = DIRECTION ( 'NONE',  ( 0.9848077530122081313, 0.1736481776669298871, 0.000000000000000000 ) ) ;
#6763 = ORIENTED_EDGE ( 'NONE', *, *, #1823, .T. ) ;
#6764 = CIRCLE ( 'NONE', #7978, 0.4000000000000010214 ) ;
#6765 = ORIENTED_EDGE ( 'NONE', *, *, #3440, .T. ) ;
#6766 = ORIENTED_EDGE ( 'NONE', *, *, #7096, .T. ) ;
#6767 = DIRECTION ( 'NONE',  ( 0.000000000000000000, 0.000000000000000000, -1.000000000000000000 ) ) ;
#6768 = ADVANCED_FACE ( 'NONE', ( #7732 ), #6979, .T. ) ;
#6769 = CARTESIAN_POINT ( 'NONE',  ( -8.051471090958095544, -24.44308559639190648, 7.500000000000009770 ) ) ;
#6770 = CARTESIAN_POINT ( 'NONE',  ( -22.86679327408264228, -8.583347098777874606, 3.000000000000000000 ) ) ;
#6771 = CARTESIAN_POINT ( 'NONE',  ( -21.21762239271885875, -12.24999999999980460, 3.500000000000000444 ) ) ;
#6772 = EDGE_CURVE ( 'NONE', #1370, #8487, #5596, .T. ) ;
#6773 = CONICAL_SURFACE ( 'NONE', #2921, 3.499999999999999556, 0.7853981633974570498 ) ;
#6774 = DIRECTION ( 'NONE',  ( -0.000000000000000000, -0.000000000000000000, -1.000000000000000000 ) ) ;
#6775 = AXIS2_PLACEMENT_3D ( 'NONE', #5909, #6034, #8009 ) ;
#6776 = ORIENTED_EDGE ( 'NONE', *, *, #278, .T. ) ;
#6777 = DIRECTION ( 'NONE',  ( -0.000000000000000000, -0.000000000000000000, 1.000000000000000000 ) ) ;
#6778 = CIRCLE ( 'NONE', #7401, 4.299999999999990941 ) ;
#6779 = CIRCLE ( 'NONE', #999, 1.999999999999991340 ) ;
#6780 = DIRECTION ( 'NONE',  ( 0.9848077530122086864, 0.1736481776669271115, 0.000000000000000000 ) ) ;
#6781 = FACE_BOUND ( 'NONE', #6735, .T. ) ;
#6782 = DIRECTION ( 'NONE',  ( -0.3535533905932724541, -0.6123724356957983561, 0.7071067811865449082 ) ) ;
#6783 = VECTOR ( 'NONE', #5502, 1000.000000000000227 ) ;
#6784 = CARTESIAN_POINT ( 'NONE',  ( 1.636363636363637131, -19.93294544340065499, 0.4999999999999831246 ) ) ;
#6785 = ORIENTED_EDGE ( 'NONE', *, *, #1661, .T. ) ;
#6786 = CIRCLE ( 'NONE', #4431, 4.000000000000001776 ) ;
#6787 = CARTESIAN_POINT ( 'NONE',  ( -26.42408113730069275, 19.76785107312754164, 0.000000000000000000 ) ) ;
#6788 = ORIENTED_EDGE ( 'NONE', *, *, #6743, .T. ) ;
#6789 = CARTESIAN_POINT ( 'NONE',  ( 9.744874539673856972, 17.46779088059716756, 1.750107373978374126 ) ) ;
#6790 = ORIENTED_EDGE ( 'NONE', *, *, #7404, .F. ) ;
#6791 = DIRECTION ( 'NONE',  ( -0.7071067811865525687, 0.000000000000000000, -0.7071067811865425767 ) ) ;
#6792 = AXIS2_PLACEMENT_3D ( 'NONE', #4425, #6044, #3769 ) ;
#6793 = DIRECTION ( 'NONE',  ( 0.5273919060659959523, -0.4710178100837399406, 0.7071067811865430208 ) ) ;
#6794 = ORIENTED_EDGE ( 'NONE', *, *, #4259, .T. ) ;
#6795 = ORIENTED_EDGE ( 'NONE', *, *, #3457, .T. ) ;
#6796 = ORIENTED_EDGE ( 'NONE', *, *, #6589, .F. ) ;
#6797 = VERTEX_POINT ( 'NONE', #2750 ) ;
#6798 = CARTESIAN_POINT ( 'NONE',  ( -10.25601740569105402, -17.17075414774849307, 6.235181552354070789 ) ) ;
#6799 = DIRECTION ( 'NONE',  ( -0.000000000000000000, -0.000000000000000000, -1.000000000000000000 ) ) ;
#6800 = DIRECTION ( 'NONE',  ( 0.7071067811865536790, 0.000000000000000000, 0.7071067811865414665 ) ) ;
#6801 = ORIENTED_EDGE ( 'NONE', *, *, #1493, .T. ) ;
#6802 = ORIENTED_EDGE ( 'NONE', *, *, #8882, .F. ) ;
#6803 = EDGE_CURVE ( 'NONE', #7576, #2969, #354, .T. ) ;
#6804 = VECTOR ( 'NONE', #7019, 1000.000000000000000 ) ;
#6805 = ADVANCED_FACE ( 'NONE', ( #2067 ), #1107, .T. ) ;
#6806 = ORIENTED_EDGE ( 'NONE', *, *, #1978, .T. ) ;
#6807 = DIRECTION ( 'NONE',  ( 1.000000000000000000, 0.000000000000000000, 0.000000000000000000 ) ) ;
#6808 = EDGE_CURVE ( 'NONE', #799, #477, #6287, .T. ) ;
#6809 = CARTESIAN_POINT ( 'NONE',  ( 20.00000000000000000, 0.000000000000000000, 0.4999999999999831246 ) ) ;
#6810 = CARTESIAN_POINT ( 'NONE',  ( -15.27383034850702082, -18.89446285783487056, 7.500000000000009770 ) ) ;
#6811 = DIRECTION ( 'NONE',  ( -0.4999999999999922284, 0.8660254037844431485, 0.000000000000000000 ) ) ;
#6812 = CARTESIAN_POINT ( 'NONE',  ( -19.34410915545088727, -5.079905607587722471, 3.500000000000000444 ) ) ;
#6813 = AXIS2_PLACEMENT_3D ( 'NONE', #3321, #1899, #8944 ) ;
#6814 = ORIENTED_EDGE ( 'NONE', *, *, #6527, .F. ) ;
#6815 = DIRECTION ( 'NONE',  ( -0.000000000000000000, -0.000000000000000000, 1.000000000000000000 ) ) ;
#6816 = EDGE_CURVE ( 'NONE', #2717, #7856, #2578, .T. ) ;
#6817 = CARTESIAN_POINT ( 'NONE',  ( 25.01762239271877775, 12.24999999999995381, 3.500000000000000444 ) ) ;
#6818 = DIRECTION ( 'NONE',  ( -0.000000000000000000, -0.000000000000000000, -1.000000000000000000 ) ) ;
#6819 = DIRECTION ( 'NONE',  ( 0.000000000000000000, 0.000000000000000000, 1.000000000000000000 ) ) ;
#6820 = LINE ( 'NONE', #8414, #6266 ) ;
#6821 = DIRECTION ( 'NONE',  ( -0.3535533905932644050, 0.6123724356957989112, 0.7071067811865484609 ) ) ;
#6822 = VERTEX_POINT ( 'NONE', #8912 ) ;
#6823 = CARTESIAN_POINT ( 'NONE',  ( 16.02383034850715404, 20.19350096351142554, 0.000000000000000000 ) ) ;
#6824 = CARTESIAN_POINT ( 'NONE',  ( -23.24290994709145863, 28.02280511260159912, -4.009852020456808219 ) ) ;
#6825 = VERTEX_POINT ( 'NONE', #1950 ) ;
#6826 = CARTESIAN_POINT ( 'NONE',  ( -19.95337096714283831, -1.370401651871305360, 5.790559063930192707 ) ) ;
#6827 = EDGE_LOOP ( 'NONE', ( #5429, #8928, #8382, #2040 ) ) ;
#6828 = LINE ( 'NONE', #3297, #4375 ) ;
#6829 = DIRECTION ( 'NONE',  ( 0.000000000000000000, -0.000000000000000000, 1.000000000000000000 ) ) ;
#6830 = ORIENTED_EDGE ( 'NONE', *, *, #4890, .T. ) ;
#6831 = EDGE_LOOP ( 'NONE', ( #5994, #2762 ) ) ;
#6832 = ADVANCED_FACE ( 'NONE', ( #7090 ), #6907, .F. ) ;
#6833 = CARTESIAN_POINT ( 'NONE',  ( 27.52597614606354171, -11.50426769179599695, 3.166678278998844576 ) ) ;
#6834 = DIRECTION ( 'NONE',  ( 0.000000000000000000, 0.000000000000000000, 1.000000000000000000 ) ) ;
#6835 = DIRECTION ( 'NONE',  ( 1.000000000000000000, 0.000000000000000000, 0.000000000000000000 ) ) ;
#6836 = ORIENTED_EDGE ( 'NONE', *, *, #6122, .F. ) ;
#6837 = ORIENTED_EDGE ( 'NONE', *, *, #2045, .T. ) ;
#6838 = EDGE_LOOP ( 'NONE', ( #1743, #566, #3601, #5482 ) ) ;
#6839 = CARTESIAN_POINT ( 'NONE',  ( 19.87471644492362444, -2.235281879761868318, 3.703938642125946590 ) ) ;
#6840 = CARTESIAN_POINT ( 'NONE',  ( -9.872661203587076884, -17.39404142080346460, 6.250109748368736895 ) ) ;
#6841 = EDGE_CURVE ( 'NONE', #57, #8173, #5121, .T. ) ;
#6842 = CARTESIAN_POINT ( 'NONE',  ( -22.21768103684819096, 34.59280212318404324, -18.59254422619121883 ) ) ;
#6843 = ORIENTED_EDGE ( 'NONE', *, *, #226, .F. ) ;
#6844 = EDGE_LOOP ( 'NONE', ( #8216, #630, #1185, #8094 ) ) ;
#6845 = ORIENTED_EDGE ( 'NONE', *, *, #4828, .T. ) ;
#6846 = CARTESIAN_POINT ( 'NONE',  ( -30.58069534615474083, 30.90718956346337976, 6.295224554883793289 ) ) ;
#6847 = STYLED_ITEM ( 'NONE', ( #2663 ), #5423 ) ;
#6848 = DIRECTION ( 'NONE',  ( 1.000000000000000000, 0.000000000000000000, 0.000000000000000000 ) ) ;
#6849 = EDGE_LOOP ( 'NONE', ( #7044, #5360, #2573, #7516 ) ) ;
#6850 = DIRECTION ( 'NONE',  ( -0.1729873939250869130, 0.9810602621904069842, 0.08715574274766074714 ) ) ;
#6851 = CARTESIAN_POINT ( 'NONE',  ( -23.36679327408270268, -7.717321694993468206, 0.2999999999999947153 ) ) ;
#6852 = DIRECTION ( 'NONE',  ( 0.1442174361344399913, -0.6922436934453087831, 0.7071067811865519026 ) ) ;
#6853 = EDGE_CURVE ( 'NONE', #5031, #5702, #6042, .T. ) ;
#6854 = LINE ( 'NONE', #625, #6865 ) ;
#6855 = ORIENTED_EDGE ( 'NONE', *, *, #9075, .T. ) ;
#6856 = EDGE_CURVE ( 'NONE', #651, #8137, #803, .T. ) ;
#6857 = EDGE_CURVE ( 'NONE', #8792, #3753, #1832, .T. ) ;
#6858 = EDGE_CURVE ( 'NONE', #1456, #5870, #6444, .T. ) ;
#6859 = VECTOR ( 'NONE', #735, 1000.000000000000114 ) ;
#6860 = ORIENTED_EDGE ( 'NONE', *, *, #8034, .T. ) ;
#6861 = LINE ( 'NONE', #3332, #2076 ) ;
#6862 = CARTESIAN_POINT ( 'NONE',  ( -19.89762428332090849, -2.021824667824188904, 3.001764640880371093 ) ) ;
#6863 = DIRECTION ( 'NONE',  ( 1.000000000000000000, 0.000000000000000000, 0.000000000000000000 ) ) ;
#6864 = CARTESIAN_POINT ( 'NONE',  ( -4.214658655270146603, 29.71185714090887231, 7.503177015450606113 ) ) ;
#6865 = VECTOR ( 'NONE', #2678, 1000.000000000000000 ) ;
#6866 = CIRCLE ( 'NONE', #6422, 2.249999999999998224 ) ;
#6867 = DIRECTION ( 'NONE',  ( 0.7071067811865517916, 0.000000000000000000, 0.7071067811865433539 ) ) ;
#6868 = ORIENTED_EDGE ( 'NONE', *, *, #6648, .F. ) ;
#6869 = EDGE_CURVE ( 'NONE', #7109, #9136, #8232, .T. ) ;
#6870 = ADVANCED_FACE ( 'NONE', ( #4066 ), #3323, .F. ) ;
#6871 = CARTESIAN_POINT ( 'NONE',  ( -29.71623479384869171, 26.00459014939328739, 5.859685873117682853 ) ) ;
#6872 = ADVANCED_FACE ( 'NONE', ( #9170 ), #3374, .F. ) ;
#6873 = DIRECTION ( 'NONE',  ( 1.000000000000000000, 0.000000000000000000, 0.000000000000000000 ) ) ;
#6874 = VECTOR ( 'NONE', #6614, 999.9999999999998863 ) ;
#6875 = VERTEX_POINT ( 'NONE', #4441 ) ;
#6876 = DIRECTION ( 'NONE',  ( 1.000000000000000000, 0.000000000000000000, 0.000000000000000000 ) ) ;
#6877 = DIRECTION ( 'NONE',  ( -0.4999999999999916178, -0.8660254037844435926, -0.000000000000000000 ) ) ;
#6878 = CARTESIAN_POINT ( 'NONE',  ( -19.99207334964423310, -0.5811283155599551442, 6.178600303529424131 ) ) ;
#6879 = LINE ( 'NONE', #1170, #954 ) ;
#6880 = CARTESIAN_POINT ( 'NONE',  ( -20.27852007099599163, -7.319946975915382126, 3.500000000000000444 ) ) ;
#6881 = EDGE_CURVE ( 'NONE', #4696, #2423, #5790, .T. ) ;
#6882 = AXIS2_PLACEMENT_3D ( 'NONE', #4645, #7487, #2541 ) ;
#6883 = CARTESIAN_POINT ( 'NONE',  ( 11.88507440551854266, 16.08555272209469322, 3.999999999999999112 ) ) ;
#6884 = CIRCLE ( 'NONE', #1108, 1.500000000000001332 ) ;
#6885 = DIRECTION ( 'NONE',  ( 0.000000000000000000, 0.000000000000000000, -1.000000000000000000 ) ) ;
#6886 = AXIS2_PLACEMENT_3D ( 'NONE', #6626, #81, #2185 ) ;
#6887 = DIRECTION ( 'NONE',  ( -0.000000000000000000, -0.000000000000000000, 1.000000000000000000 ) ) ;
#6888 = DIRECTION ( 'NONE',  ( -0.000000000000000000, -0.000000000000000000, -1.000000000000000000 ) ) ;
#6889 = ORIENTED_EDGE ( 'NONE', *, *, #8923, .F. ) ;
#6890 = AXIS2_PLACEMENT_3D ( 'NONE', #2540, #3062, #2372 ) ;
#6891 = ORIENTED_EDGE ( 'NONE', *, *, #395, .T. ) ;
#6892 = ORIENTED_EDGE ( 'NONE', *, *, #7161, .T. ) ;
#6893 = CARTESIAN_POINT ( 'NONE',  ( 20.00000000000000000, 3.054587754151540862E-23, 1.749999999999998668 ) ) ;
#6894 = AXIS2_PLACEMENT_3D ( 'NONE', #716, #8535, #6291 ) ;
#6895 = CARTESIAN_POINT ( 'NONE',  ( -10.62333256746196319, -16.94589554988237623, 6.134366575363622509 ) ) ;
#6896 = CIRCLE ( 'NONE', #7219, 3.000000000000000000 ) ;
#6897 = AXIS2_PLACEMENT_3D ( 'NONE', #2130, #7054, #3510 ) ;
#6898 = CARTESIAN_POINT ( 'NONE',  ( 1.360023205165817945E-15, -24.50000000000000000, 0.000000000000000000 ) ) ;
#6899 = ORIENTED_EDGE ( 'NONE', *, *, #4176, .T. ) ;
#6900 = ORIENTED_EDGE ( 'NONE', *, *, #4026, .T. ) ;
#6901 = AXIS2_PLACEMENT_3D ( 'NONE', #6571, #201, #3041 ) ;
#6902 = DIRECTION ( 'NONE',  ( -0.000000000000000000, -0.000000000000000000, 1.000000000000000000 ) ) ;
#6903 = ORIENTED_EDGE ( 'NONE', *, *, #2529, .T. ) ;
#6904 = AXIS2_PLACEMENT_3D ( 'NONE', #787, #3627, #6464 ) ;
#6905 = DIRECTION ( 'NONE',  ( 0.000000000000000000, 0.000000000000000000, 1.000000000000000000 ) ) ;
#6906 = PLANE ( 'NONE',  #2579 ) ;
#6907 = PLANE ( 'NONE',  #8684 ) ;
#6908 = B_SPLINE_CURVE_WITH_KNOTS ( 'NONE', 3,
 ( #3795, #6624, #251, #4631, #3091, #5947, #8773, #5230, #8082, #1714, #1925, #558, #6789, #459, #416, #3301, #5532, #514, #6138, #8971, #2602, #8375, #2016, #3354, #8425, #7689, #603, #2651, #4754, #6883 ),
 .UNSPECIFIED., .F., .F.,
 ( 4, 2, 2, 2, 2, 2, 2, 2, 2, 2, 2, 2, 2, 2, 4 ),
 ( 1.734723475976807094E-18, 0.0004400058219033139485, 0.0008800116438066261622, 0.001320017465709938213, 0.001760023287613250590, 0.002640034931419876427, 0.003520046575226502047, 0.003960052397129810303, 0.004400058219033118993, 0.004840064040936426816, 0.005280069862839734639, 0.005720075684743043329, 0.006160081506646352019, 0.006600087328549660709, 0.007040093150452967664 ),
 .UNSPECIFIED. ) ;
#6909 = FACE_OUTER_BOUND ( 'NONE', #2851, .T. ) ;
#6910 = PLANE ( 'NONE',  #1566 ) ;
#6911 = CARTESIAN_POINT ( 'NONE',  ( 25.65693844375873311, -8.409608177149218378, 0.000000000000000000 ) ) ;
#6912 = ORIENTED_EDGE ( 'NONE', *, *, #8233, .F. ) ;
#6913 = AXIS2_PLACEMENT_3D ( 'NONE', #3884, #832, #3675 ) ;
#6914 = ORIENTED_EDGE ( 'NONE', *, *, #2798, .T. ) ;
#6915 = DIRECTION ( 'NONE',  ( 1.000000000000000000, 0.000000000000000000, 0.000000000000000000 ) ) ;
#6916 = CARTESIAN_POINT ( 'NONE',  ( -19.95319508293206567, -1.383226799916221106, 2.201327482641103561 ) ) ;
#6917 = EDGE_CURVE ( 'NONE', #4339, #8972, #488, .T. ) ;
#6918 = CARTESIAN_POINT ( 'NONE',  ( -8.001450586528527253, -18.32969223936015624, 3.704931223209579905 ) ) ;
#6919 = FACE_OUTER_BOUND ( 'NONE', #6744, .T. ) ;
#6920 = CIRCLE ( 'NONE', #5585, 1.199999999999996625 ) ;
#6921 = FACE_OUTER_BOUND ( 'NONE', #4358, .T. ) ;
#6922 = VERTEX_POINT ( 'NONE', #4847 ) ;
#6923 = DIRECTION ( 'NONE',  ( 0.000000000000000000, 0.000000000000000000, 1.000000000000000000 ) ) ;
#6924 = VECTOR ( 'NONE', #5636, 1000.000000000000000 ) ;
#6925 = CARTESIAN_POINT ( 'NONE',  ( -22.06114064347681492, 28.23118292580191024, -4.009852020456808219 ) ) ;
#6926 = CIRCLE ( 'NONE', #3958, 1.999999999999998224 ) ;
#6927 = DIRECTION ( 'NONE',  ( -0.000000000000000000, -0.000000000000000000, 1.000000000000000000 ) ) ;
#6928 = EDGE_CURVE ( 'NONE', #5842, #4414, #4042, .T. ) ;
#6929 = CARTESIAN_POINT ( 'NONE',  ( 28.65793844375874500, 2.250000000000014211, 3.999999999999999112 ) ) ;
#6930 = EDGE_CURVE ( 'NONE', #107, #6215, #6879, .T. ) ;
#6931 = DIRECTION ( 'NONE',  ( 0.000000000000000000, -1.000000000000000000, 0.000000000000000000 ) ) ;
#6932 = EDGE_CURVE ( 'NONE', #4059, #8315, #554, .T. ) ;
#6933 = DIRECTION ( 'NONE',  ( -0.1442174361344396583, 0.6922436934453175539, 0.7071067811865432429 ) ) ;
#6934 = CARTESIAN_POINT ( 'NONE',  ( -17.51551992099564714, -18.86126141323215677, 0.000000000000000000 ) ) ;
#6935 = DIRECTION ( 'NONE',  ( -0.9848077530122085754, -0.1736481776669278887, 2.264004526240948789E-16 ) ) ;
#6936 = ORIENTED_EDGE ( 'NONE', *, *, #4613, .T. ) ;
#6937 = CARTESIAN_POINT ( 'NONE',  ( -3.800000000000002043, 24.50000000000000000, 7.500000000000007105 ) ) ;
#6938 = DIRECTION ( 'NONE',  ( 0.000000000000000000, 0.000000000000000000, 1.000000000000000000 ) ) ;
#6939 = ORIENTED_EDGE ( 'NONE', *, *, #1082, .T. ) ;
#6940 = VECTOR ( 'NONE', #2741, 1000.000000000000114 ) ;
#6941 = EDGE_CURVE ( 'NONE', #6632, #5263, #8281, .T. ) ;
#6942 = VERTEX_POINT ( 'NONE', #7730 ) ;
#6943 = CARTESIAN_POINT ( 'NONE',  ( -23.99999999999999645, 3.780293665983593066, 0.4999999999999831246 ) ) ;
#6944 = EDGE_LOOP ( 'NONE', ( #9191, #1230, #5202, #1669 ) ) ;
#6945 = CARTESIAN_POINT ( 'NONE',  ( 19.99999999999999645, -0.1468514361640955446, 1.749999999999999112 ) ) ;
#6946 = DIRECTION ( 'NONE',  ( 1.000000000000000000, 0.000000000000000000, 0.000000000000000000 ) ) ;
#6947 = VECTOR ( 'NONE', #2605, 1000.000000000000000 ) ;
#6948 = EDGE_LOOP ( 'NONE', ( #6892, #3028, #3750, #9123, #1000, #7063 ) ) ;
#6949 = CYLINDRICAL_SURFACE ( 'NONE', #6197, 2.249999999999998668 ) ;
#6950 = DIRECTION ( 'NONE',  ( 0.7071067811865521247, 0.000000000000000000, 0.7071067811865430208 ) ) ;
#6951 = ORIENTED_EDGE ( 'NONE', *, *, #117, .F. ) ;
#6952 = ORIENTED_EDGE ( 'NONE', *, *, #4566, .T. ) ;
#6953 = FACE_OUTER_BOUND ( 'NONE', #811, .T. ) ;
#6954 = ORIENTED_EDGE ( 'NONE', *, *, #6646, .T. ) ;
#6955 = AXIS2_PLACEMENT_3D ( 'NONE', #179, #3018, #8706 ) ;
#6956 = CARTESIAN_POINT ( 'NONE',  ( -17.50615648315903528, -8.814447525917257664, 0.000000000000000000 ) ) ;
#6957 = LINE ( 'NONE', #6300, #7799 ) ;
#6958 = LINE ( 'NONE', #582, #3040 ) ;
#6959 = DIRECTION ( 'NONE',  ( 0.000000000000000000, 1.000000000000000000, 0.000000000000000000 ) ) ;
#6960 = VERTEX_POINT ( 'NONE', #601 ) ;
#6961 = VERTEX_POINT ( 'NONE', #2648 ) ;
#6962 = DIRECTION ( 'NONE',  ( 1.000000000000000000, 0.000000000000000000, 0.000000000000000000 ) ) ;
#6963 = CARTESIAN_POINT ( 'NONE',  ( -19.88111075936404504, 2.177676420084768250, 3.415301160803168479 ) ) ;
#6964 = CARTESIAN_POINT ( 'NONE',  ( -20.27852007099599163, -7.319946975915382126, 7.500000000000007105 ) ) ;
#6965 = CARTESIAN_POINT ( 'NONE',  ( -25.50000000000000355, 3.780293665983593066, 0.000000000000000000 ) ) ;
#6966 = CARTESIAN_POINT ( 'NONE',  ( 0.000000000000000000, 0.000000000000000000, 8.000000000000000000 ) ) ;
#6967 = ORIENTED_EDGE ( 'NONE', *, *, #571, .T. ) ;
#6968 = CARTESIAN_POINT ( 'NONE',  ( -23.50000000000000355, 3.780293665983593066, 0.000000000000000000 ) ) ;
#6969 = CIRCLE ( 'NONE', #6238, 2.999999999999999112 ) ;
#6970 = EDGE_LOOP ( 'NONE', ( #7559, #2955, #4352, #3000 ) ) ;
#6971 = CARTESIAN_POINT ( 'NONE',  ( 11.88507440551854266, 16.08555272209469322, 3.999999999999999112 ) ) ;
#6972 = ORIENTED_EDGE ( 'NONE', *, *, #2869, .T. ) ;
#6973 = FACE_BOUND ( 'NONE', #4376, .T. ) ;
#6974 = CARTESIAN_POINT ( 'NONE',  ( -19.87303449400720012, -2.250000000000009326, 3.999999999999999112 ) ) ;
#6975 = CARTESIAN_POINT ( 'NONE',  ( 15.27383034850715049, 18.89446285783476753, 7.500000000000007105 ) ) ;
#6976 = CARTESIAN_POINT ( 'NONE',  ( -20.27852007099584242, 7.319946975915807563, 3.500000000000000444 ) ) ;
#6977 = CARTESIAN_POINT ( 'NONE',  ( -12.12710194139702580, 29.84451079564976084, -2.452965475130965523 ) ) ;
#6978 = EDGE_CURVE ( 'NONE', #833, #6257, #6828, .T. ) ;
#6979 = CYLINDRICAL_SURFACE ( 'NONE', #1250, 2.000000000000000000 ) ;
#6980 = ORIENTED_EDGE ( 'NONE', *, *, #5970, .T. ) ;
#6981 = ADVANCED_FACE ( 'NONE', ( #2062 ), #645, .T. ) ;
#6982 = EDGE_CURVE ( 'NONE', #2966, #7529, #4796, .T. ) ;
#6983 = DIRECTION ( 'NONE',  ( 0.000000000000000000, 0.000000000000000000, 1.000000000000000000 ) ) ;
#6984 = CARTESIAN_POINT ( 'NONE',  ( 16.78661371934879298, 10.75355247408268333, 3.500000000000000444 ) ) ;
#6985 = EDGE_LOOP ( 'NONE', ( #4546, #109, #262, #1818 ) ) ;
#6986 = ORIENTED_EDGE ( 'NONE', *, *, #7283, .T. ) ;
#6987 = CARTESIAN_POINT ( 'NONE',  ( -26.42408113730069275, 19.76785107312754164, 7.500000000000009770 ) ) ;
#6988 = CARTESIAN_POINT ( 'NONE',  ( 19.99312704218406367, 0.5902150736705669143, 1.809092172002678245 ) ) ;
#6989 = CARTESIAN_POINT ( 'NONE',  ( -8.726169651492591939, -22.67475652381839524, 7.500000000000009770 ) ) ;
#6990 = FACE_OUTER_BOUND ( 'NONE', #4175, .T. ) ;
#6991 = EDGE_CURVE ( 'NONE', #3269, #6740, #7590, .T. ) ;
#6992 = CARTESIAN_POINT ( 'NONE',  ( -5.545534904594551229, -26.42436456420330515, 0.4999999999999831246 ) ) ;
#6993 = CARTESIAN_POINT ( 'NONE',  ( 0.000000000000000000, 0.000000000000000000, 0.4999999999999831246 ) ) ;
#6994 = EDGE_LOOP ( 'NONE', ( #6806, #2342, #7143, #5491, #7258, #2458 ) ) ;
#6995 = EDGE_LOOP ( 'NONE', ( #6889, #8770, #5319, #4512 ) ) ;
#6996 = FACE_BOUND ( 'NONE', #6093, .T. ) ;
#6997 = ORIENTED_EDGE ( 'NONE', *, *, #7623, .F. ) ;
#6998 = DIRECTION ( 'NONE',  ( -0.000000000000000000, -0.000000000000000000, -1.000000000000000000 ) ) ;
#6999 = DIRECTION ( 'NONE',  ( -0.000000000000000000, -0.000000000000000000, -1.000000000000000000 ) ) ;
#7000 = CARTESIAN_POINT ( 'NONE',  ( 17.51551992099578925, 18.86126141323202887, 8.000000000000000000 ) ) ;
#7001 = DIRECTION ( 'NONE',  ( 1.000000000000000000, 0.000000000000000000, 0.000000000000000000 ) ) ;
#7002 = CARTESIAN_POINT ( 'NONE',  ( -29.02050359835206450, 45.09398440160718735, -16.71285987513096316 ) ) ;
#7003 = VERTEX_POINT ( 'NONE', #7639 ) ;
#7004 = ORIENTED_EDGE ( 'NONE', *, *, #5492, .F. ) ;
#7005 = DIRECTION ( 'NONE',  ( -1.000000000000000000, 0.000000000000000000, 0.000000000000000000 ) ) ;
#7006 = FACE_OUTER_BOUND ( 'NONE', #1146, .T. ) ;
#7007 = CARTESIAN_POINT ( 'NONE',  ( -9.264938101240458579, 31.66801395401187236, -17.29820896870639757 ) ) ;
#7008 = DIRECTION ( 'NONE',  ( 0.000000000000000000, 0.000000000000000000, -1.000000000000000000 ) ) ;
#7009 = EDGE_CURVE ( 'NONE', #1590, #3959, #2434, .T. ) ;
#7010 = AXIS2_PLACEMENT_3D ( 'NONE', #805, #24, #5000 ) ;
#7011 = CARTESIAN_POINT ( 'NONE',  ( 8.263458297109464112, 0.8237952987848938813, 7.128403295319845512 ) ) ;
#7012 = CARTESIAN_POINT ( 'NONE',  ( -18.96762239271860651, 12.25000000000024691, 3.500000000000000444 ) ) ;
#7013 = ORIENTED_EDGE ( 'NONE', *, *, #2889, .F. ) ;
#7014 = FACE_OUTER_BOUND ( 'NONE', #457, .T. ) ;
#7015 = LINE ( 'NONE', #3481, #4732 ) ;
#7016 = AXIS2_PLACEMENT_3D ( 'NONE', #7821, #1600, #781 ) ;
#7017 = LINE ( 'NONE', #8459, #2749 ) ;
#7018 = CIRCLE ( 'NONE', #2285, 2.500000000000003997 ) ;
#7019 = DIRECTION ( 'NONE',  ( 0.4999999999999948375, -0.8660254037844417052, 0.000000000000000000 ) ) ;
#7020 = LINE ( 'NONE', #9103, #3816 ) ;
#7021 = CARTESIAN_POINT ( 'NONE',  ( -25.65693844375873311, 8.409608177149218378, 7.500000000000009770 ) ) ;
#7022 = LINE ( 'NONE', #1966, #3903 ) ;
#7023 = LINE ( 'NONE', #7174, #5712 ) ;
#7024 = AXIS2_PLACEMENT_3D ( 'NONE', #1154, #483, #7713 ) ;
#7025 = CARTESIAN_POINT ( 'NONE',  ( 25.19406861883199511, 5.248764295590000017, 7.500000000000007105 ) ) ;
#7026 = VECTOR ( 'NONE', #5849, 1000.000000000000000 ) ;
#7027 = ORIENTED_EDGE ( 'NONE', *, *, #8699, .T. ) ;
#7028 = FACE_OUTER_BOUND ( 'NONE', #4349, .T. ) ;
#7029 = CARTESIAN_POINT ( 'NONE',  ( -20.17145118092749101, 29.89858052231429753, -19.02808290795733370 ) ) ;
#7030 = ORIENTED_EDGE ( 'NONE', *, *, #5752, .F. ) ;
#7031 = ORIENTED_EDGE ( 'NONE', *, *, #2066, .T. ) ;
#7032 = ORIENTED_EDGE ( 'NONE', *, *, #1248, .T. ) ;
#7033 = AXIS2_PLACEMENT_3D ( 'NONE', #4635, #2999, #2362 ) ;
#7034 = EDGE_CURVE ( 'NONE', #458, #6030, #5708, .T. ) ;
#7035 = CARTESIAN_POINT ( 'NONE',  ( -11.88507440551843430, -16.08555272209477494, 3.999999999999999112 ) ) ;
#7036 = CARTESIAN_POINT ( 'NONE',  ( -16.47852007099605132, -13.90174004467715108, 7.500000000000007105 ) ) ;
#7037 = ADVANCED_FACE ( 'NONE', ( #2014 ), #60, .F. ) ;
#7038 = AXIS2_PLACEMENT_3D ( 'NONE', #5933, #6696, #8762 ) ;
#7039 = EDGE_CURVE ( 'NONE', #3465, #800, #4165, .T. ) ;
#7040 = DIRECTION ( 'NONE',  ( 1.000000000000000000, 0.000000000000000000, 0.000000000000000000 ) ) ;
#7041 = LINE ( 'NONE', #9175, #7382 ) ;
#7042 = VERTEX_POINT ( 'NONE', #6353 ) ;
#7043 = CARTESIAN_POINT ( 'NONE',  ( -20.32560637303463835, -4.217228155780587961, 7.128403295319851729 ) ) ;
#7044 = ORIENTED_EDGE ( 'NONE', *, *, #3516, .F. ) ;
#7045 = AXIS2_PLACEMENT_3D ( 'NONE', #1437, #6212, #4213 ) ;
#7046 = AXIS2_PLACEMENT_3D ( 'NONE', #2330, #6363, #4225 ) ;
#7047 = DIRECTION ( 'NONE',  ( 0.3128606445978996953, 0.9497990403563201234, 0.000000000000000000 ) ) ;
#7048 = ADVANCED_BREP_SHAPE_REPRESENTATION ( '30-80', ( #5423, #7089 ), #5017 ) ;
#7049 = EDGE_LOOP ( 'NONE', ( #949, #9053, #655, #1080 ) ) ;
#7050 = FACE_OUTER_BOUND ( 'NONE', #4317, .T. ) ;
#7051 = EDGE_CURVE ( 'NONE', #7837, #1623, #5806, .T. ) ;
#7052 = CARTESIAN_POINT ( 'NONE',  ( 22.54855367578806735, -16.82892531120463886, 3.500000000000000444 ) ) ;
#7053 = EDGE_CURVE ( 'NONE', #6196, #3963, #2822, .T. ) ;
#7054 = DIRECTION ( 'NONE',  ( 0.1729873939250869130, -0.9810602621904068732, -0.08715574274766416107 ) ) ;
#7055 = VECTOR ( 'NONE', #6126, 1000.000000000000114 ) ;
#7056 = EDGE_CURVE ( 'NONE', #1581, #8442, #2154, .T. ) ;
#7057 = DIRECTION ( 'NONE',  ( -0.1442174361344398803, 0.6922436934453082280, 0.7071067811865524577 ) ) ;
#7058 = VECTOR ( 'NONE', #3746, 1000.000000000000114 ) ;
#7059 = AXIS2_PLACEMENT_3D ( 'NONE', #3839, #3172, #3882 ) ;
#7060 = DIRECTION ( 'NONE',  ( 1.000000000000000000, 2.602085213965204015E-14, 0.000000000000000000 ) ) ;
#7061 = CARTESIAN_POINT ( 'NONE',  ( 23.11762239271876851, 8.959103465619079998, 7.500000000000006217 ) ) ;
#7062 = VECTOR ( 'NONE', #1548, 1000.000000000000000 ) ;
#7063 = ORIENTED_EDGE ( 'NONE', *, *, #6759, .T. ) ;
#7064 = CARTESIAN_POINT ( 'NONE',  ( 21.27852007099593479, 5.587896168346640380, 7.500000000000007105 ) ) ;
#7065 = AXIS2_PLACEMENT_3D ( 'NONE', #5077, #9, #7878 ) ;
#7066 = ADVANCED_FACE ( 'NONE', ( #1344 ), #6910, .F. ) ;
#7067 = LINE ( 'NONE', #3615, #2197 ) ;
#7068 = FACE_OUTER_BOUND ( 'NONE', #6547, .T. ) ;
#7069 = DIRECTION ( 'NONE',  ( 0.000000000000000000, 0.000000000000000000, 1.000000000000000000 ) ) ;
#7070 = CARTESIAN_POINT ( 'NONE',  ( -4.149907309367610431, 29.21386436233964545, 7.999999999999998224 ) ) ;
#7071 = CIRCLE ( 'NONE', #6901, 2.249999999999998668 ) ;
#7072 = DIRECTION ( 'NONE',  ( -0.7071067811865526798, 0.000000000000000000, -0.7071067811865422437 ) ) ;
#7073 = FACE_OUTER_BOUND ( 'NONE', #3724, .T. ) ;
#7074 = EDGE_LOOP ( 'NONE', ( #4340, #1289, #4044, #8765 ) ) ;
#7075 = FACE_OUTER_BOUND ( 'NONE', #3678, .T. ) ;
#7076 = LINE ( 'NONE', #697, #3537 ) ;
#7077 = EDGE_CURVE ( 'NONE', #6053, #5487, #1388, .T. ) ;
#7078 = CIRCLE ( 'NONE', #8117, 1.999999999999991340 ) ;
#7079 = DIRECTION ( 'NONE',  ( 0.9848077530122085754, 0.1736481776669278054, 0.000000000000000000 ) ) ;
#7080 = DIRECTION ( 'NONE',  ( 0.000000000000000000, -0.000000000000000000, 1.000000000000000000 ) ) ;
#7081 = CARTESIAN_POINT ( 'NONE',  ( -25.65693844375873667, -8.409608177149221930, 7.500000000000009770 ) ) ;
#7082 = VECTOR ( 'NONE', #7271, 1000.000000000000114 ) ;
#7083 = CARTESIAN_POINT ( 'NONE',  ( 23.29855367578807090, -15.52988720552799329, 2.999999999999961808 ) ) ;
#7084 = VECTOR ( 'NONE', #445, 1000.000000000000000 ) ;
#7085 = DIRECTION ( 'NONE',  ( -0.000000000000000000, -0.000000000000000000, 1.000000000000000000 ) ) ;
#7086 = ORIENTED_EDGE ( 'NONE', *, *, #766, .F. ) ;
#7087 = ORIENTED_EDGE ( 'NONE', *, *, #1558, .F. ) ;
#7088 = EDGE_LOOP ( 'NONE', ( #1207, #5619, #1932, #4958 ) ) ;
#7089 = AXIS2_PLACEMENT_3D ( 'NONE', #7353, #6637, #971 ) ;
#7091 = AXIS2_PLACEMENT_3D ( 'NONE', #1413, #3585, #6420 ) ;
#7090 = FACE_OUTER_BOUND ( 'NONE', #6827, .T. ) ;
#7092 = CYLINDRICAL_SURFACE ( 'NONE', #939, 0.8000000000000020428 ) ;
#7093 = FACE_OUTER_BOUND ( 'NONE', #7417, .T. ) ;
#7094 = DIRECTION ( 'NONE',  ( 0.000000000000000000, 0.000000000000000000, 1.000000000000000000 ) ) ;
#7095 = ORIENTED_EDGE ( 'NONE', *, *, #7560, .T. ) ;
#7096 = EDGE_CURVE ( 'NONE', #773, #7529, #1438, .T. ) ;
#7097 = CARTESIAN_POINT ( 'NONE',  ( -5.186386855168978016, 30.85817157536298083, -0.08715574274767562413 ) ) ;
#7098 = CIRCLE ( 'NONE', #5607, 20.50000000000025935 ) ;
#7099 = ORIENTED_EDGE ( 'NONE', *, *, #3127, .F. ) ;
#7100 = DIRECTION ( 'NONE',  ( 0.8660254037844330455, -0.5000000000000097700, 0.000000000000000000 ) ) ;
#7101 = EDGE_LOOP ( 'NONE', ( #4586, #7095 ) ) ;
#7102 = VERTEX_POINT ( 'NONE', #2723 ) ;
#7103 = FACE_OUTER_BOUND ( 'NONE', #7641, .T. ) ;
#7104 = CARTESIAN_POINT ( 'NONE',  ( -5.799999999999999822, -21.22168702059287071, 7.500000000000007105 ) ) ;
#7105 = AXIS2_PLACEMENT_3D ( 'NONE', #5445, #6887, #7736 ) ;
#7106 = CARTESIAN_POINT ( 'NONE',  ( 8.476169651492748258, 22.24174382192612143, 8.000000000000000000 ) ) ;
#7107 = AXIS2_PLACEMENT_3D ( 'NONE', #1799, #330, #4535 ) ;
#7108 = DIRECTION ( 'NONE',  ( 0.000000000000000000, 0.000000000000000000, -1.000000000000000000 ) ) ;
#7109 = VERTEX_POINT ( 'NONE', #5563 ) ;
#7110 = EDGE_CURVE ( 'NONE', #7301, #5842, #4166, .T. ) ;
#7111 = EDGE_CURVE ( 'NONE', #847, #422, #6599, .T. ) ;
#7112 =( BOUNDED_SURFACE ( )  B_SPLINE_SURFACE ( 3, 2, ( 
 ( #8580, #7189, #807 ),
 ( #3649, #118, #2263 ),
 ( #8895, #6661, #4626 ),
 ( #8802, #2523, #7327 ),
 ( #2560, #3785, #994 ),
 ( #1665, #4582, #3214 ) ),
 .UNSPECIFIED., .F., .F., .T. ) 
 B_SPLINE_SURFACE_WITH_KNOTS ( ( 4, 2, 4 ),
 ( 3, 3 ),
 ( 0.005209587325204568901, 0.008838882882210361350, 0.01246817843921615467 ),
 ( 0.000000000000000000, 1.000000000000000000 ),
 .UNSPECIFIED. ) 
 GEOMETRIC_REPRESENTATION_ITEM ( )  RATIONAL_B_SPLINE_SURFACE ( (
 ( 1.000000000000000000, 0.9509699533635798119, 1.000000000000000000),
 ( 1.000000000000000000, 0.9424371829439638359, 1.000000000000000000),
 ( 1.000000000000000000, 0.9337192041090477401, 1.000000000000000000),
 ( 1.000000000000000000, 0.9159039841093302714, 1.000000000000000000),
 ( 1.000000000000000000, 0.9068078674077010293, 1.000000000000000000),
 ( 1.000000000000000000, 0.8975095773727669313, 1.000000000000000000) ) ) 
 REPRESENTATION_ITEM ( '' )  SURFACE ( )  );
#7113 = EDGE_CURVE ( 'NONE', #2531, #367, #2269, .T. ) ;
#7114 = EDGE_LOOP ( 'NONE', ( #8618, #6155, #4125, #7470 ) ) ;
#7115 = CARTESIAN_POINT ( 'NONE',  ( -16.47852007099605132, -13.90174004467715108, 7.500000000000007105 ) ) ;
#7116 = CARTESIAN_POINT ( 'NONE',  ( -8.410330065990681447, -18.14588313191161717, 2.628057737521373394 ) ) ;
#7117 = CARTESIAN_POINT ( 'NONE',  ( 20.00000000000000000, -1.985311391914217979E-16, 6.250000000000000000 ) ) ;
#7118 = CARTESIAN_POINT ( 'NONE',  ( 22.54855367578806025, -16.82892531120465662, 0.000000000000000000 ) ) ;
#7119 = CARTESIAN_POINT ( 'NONE',  ( -24.05961359711026049, -8.117321694993467673, 3.000000000000000000 ) ) ;
#7120 = DIRECTION ( 'NONE',  ( 1.000000000000000000, 0.000000000000000000, 0.000000000000000000 ) ) ;
#7121 = ORIENTED_EDGE ( 'NONE', *, *, #2621, .T. ) ;
#7122 = AXIS2_PLACEMENT_3D ( 'NONE', #918, #6834, #8008 ) ;
#7123 = DIRECTION ( 'NONE',  ( 0.3128606445978996953, 0.9497990403563201234, -0.000000000000000000 ) ) ;
#7124 = ORIENTED_EDGE ( 'NONE', *, *, #767, .T. ) ;
#7125 = DIRECTION ( 'NONE',  ( 1.000000000000000000, 0.000000000000000000, 0.000000000000000000 ) ) ;
#7126 = CARTESIAN_POINT ( 'NONE',  ( -6.059010358723678991, -28.87106498681473354, 0.000000000000000000 ) ) ;
#7127 = DIRECTION ( 'NONE',  ( -1.000000000000000000, 0.000000000000000000, -0.000000000000000000 ) ) ;
#7128 = CARTESIAN_POINT ( 'NONE',  ( -20.52852007099584242, 6.886934274023595925, 8.000000000000000000 ) ) ;
#7129 = CIRCLE ( 'NONE', #7432, 2.000000000000000000 ) ;
#7130 = LINE ( 'NONE', #747, #8821 ) ;
#7131 = ORIENTED_EDGE ( 'NONE', *, *, #8460, .F. ) ;
#7132 = CARTESIAN_POINT ( 'NONE',  ( 11.65494176489718825, 16.25346238275177768, 5.131507876459468598 ) ) ;
#7133 = LINE ( 'NONE', #751, #4090 ) ;
#7134 = VERTEX_POINT ( 'NONE', #2963 ) ;
#7135 = VERTEX_POINT ( 'NONE', #913 ) ;
#7136 = VERTEX_POINT ( 'NONE', #6544 ) ;
#7137 = CARTESIAN_POINT ( 'NONE',  ( -6.416303503344364501, 30.95392208475053408, 0.5131911923438584600 ) ) ;
#7138 = DIRECTION ( 'NONE',  ( -0.3535533905932657928, -0.6123724356957944703, 0.7071067811865516806 ) ) ;
#7139 = EDGE_CURVE ( 'NONE', #3311, #4919, #3313, .T. ) ;
#7140 = DIRECTION ( 'NONE',  ( -0.000000000000000000, 0.000000000000000000, -1.000000000000000000 ) ) ;
#7141 = DIRECTION ( 'NONE',  ( -0.7071067811865479058, 0.000000000000000000, -0.7071067811865472397 ) ) ;
#7142 = FACE_OUTER_BOUND ( 'NONE', #429, .T. ) ;
#7143 = ORIENTED_EDGE ( 'NONE', *, *, #1186, .T. ) ;
#7144 = LINE ( 'NONE', #6246, #7653 ) ;
#7145 = EDGE_LOOP ( 'NONE', ( #1489, #5803, #7342, #1522 ) ) ;
#7146 = EDGE_LOOP ( 'NONE', ( #1574, #6280, #304, #598 ) ) ;
#7147 = CARTESIAN_POINT ( 'NONE',  ( -5.272727272727273373, -19.29244274599351883, 7.500000000000007105 ) ) ;
#7148 = CARTESIAN_POINT ( 'NONE',  ( -23.99999999999999645, 3.780293665983593066, -0.0009999999999992653654 ) ) ;
#7149 = DIRECTION ( 'NONE',  ( 0.000000000000000000, 0.000000000000000000, -1.000000000000000000 ) ) ;
#7150 = CARTESIAN_POINT ( 'NONE',  ( -5.421764402994281973, 30.10385488468091708, 0.5086658666791916694 ) ) ;
#7151 = EDGE_LOOP ( 'NONE', ( #7619, #8266, #2453, #3307, #5435 ) ) ;
#7152 = ORIENTED_EDGE ( 'NONE', *, *, #9021, .T. ) ;
#7153 = CARTESIAN_POINT ( 'NONE',  ( 0.000000000000000000, 0.000000000000000000, 8.000000000000000000 ) ) ;
#7154 = ORIENTED_EDGE ( 'NONE', *, *, #1624, .T. ) ;
#7155 = DIRECTION ( 'NONE',  ( -0.7071067811865487940, 0.000000000000000000, 0.7071067811865462405 ) ) ;
#7156 = ORIENTED_EDGE ( 'NONE', *, *, #5118, .T. ) ;
#7157 = EDGE_CURVE ( 'NONE', #3209, #7241, #5709, .T. ) ;
#7158 = CARTESIAN_POINT ( 'NONE',  ( -15.47852007099606553, -15.63379085224603848, 7.500000000000007105 ) ) ;
#7159 = CARTESIAN_POINT ( 'NONE',  ( 19.90351210883554245, 1.965443709070181288, 5.133710652120593743 ) ) ;
#7160 = CARTESIAN_POINT ( 'NONE',  ( -6.100265689888606957, 29.65782889095023123, 8.000000000000000000 ) ) ;
#7161 = EDGE_CURVE ( 'NONE', #7247, #8689, #2730, .T. ) ;
#7162 = EDGE_CURVE ( 'NONE', #2531, #3359, #5763, .T. ) ;
#7163 = CARTESIAN_POINT ( 'NONE',  ( 22.34600393240432581, 20.01639598561564881, 7.500000000000007105 ) ) ;
#7164 = CARTESIAN_POINT ( 'NONE',  ( -21.03591173323354369, 34.80117993638435792, -18.59254422619121883 ) ) ;
#7165 = CARTESIAN_POINT ( 'NONE',  ( -17.51551992099565780, -18.86126141323214966, 8.000000000000000000 ) ) ;
#7166 = ORIENTED_EDGE ( 'NONE', *, *, #4997, .T. ) ;
#7167 = CARTESIAN_POINT ( 'NONE',  ( -26.26880120609473579, 5.472666917936403586, -0.0009999999999992653654 ) ) ;
#7168 = DIRECTION ( 'NONE',  ( 1.000000000000000000, 0.000000000000000000, 0.000000000000000000 ) ) ;
#7169 = CARTESIAN_POINT ( 'NONE',  ( -16.47852007099575999, 13.90174004467749569, 3.500000000000000444 ) ) ;
#7170 = CARTESIAN_POINT ( 'NONE',  ( -4.222168036104604560, -19.98835421995864081, 3.429276679127339911 ) ) ;
#7171 = VECTOR ( 'NONE', #850, 999.9999999999998863 ) ;
#7172 = EDGE_CURVE ( 'NONE', #1581, #8961, #7298, .T. ) ;
#7173 = EDGE_CURVE ( 'NONE', #321, #3370, #2361, .T. ) ;
#7174 = CARTESIAN_POINT ( 'NONE',  ( 23.50000000000000355, -3.780293665983593510, 0.000000000000000000 ) ) ;
#7175 = CARTESIAN_POINT ( 'NONE',  ( 9.872661203587199452, 17.39404142080339710, 6.250109748368738671 ) ) ;
#7176 = AXIS2_PLACEMENT_3D ( 'NONE', #6176, #4131, #6124 ) ;
#7177 = CARTESIAN_POINT ( 'NONE',  ( -5.876788759250466398, 29.77528630572000168, -0.000000000000000000 ) ) ;
#7178 = ORIENTED_EDGE ( 'NONE', *, *, #2827, .T. ) ;
#7179 = ORIENTED_EDGE ( 'NONE', *, *, #3800, .F. ) ;
#7180 = EDGE_LOOP ( 'NONE', ( #7600, #7156, #1509, #4268 ) ) ;
#7181 = CARTESIAN_POINT ( 'NONE',  ( -5.493074537560457493, 29.58079320332630857, 0.000000000000000000 ) ) ;
#7182 = DIRECTION ( 'NONE',  ( -0.000000000000000000, -0.000000000000000000, -1.000000000000000000 ) ) ;
#7183 = VECTOR ( 'NONE', #8146, 1000.000000000000000 ) ;
#7184 = VECTOR ( 'NONE', #3391, 1000.000000000000000 ) ;
#7185 = CARTESIAN_POINT ( 'NONE',  ( -21.21762239271885875, -12.24999999999980460, 3.500000000000000444 ) ) ;
#7186 = VECTOR ( 'NONE', #4151, 1000.000000000000000 ) ;
#7187 = CARTESIAN_POINT ( 'NONE',  ( 21.27852007099593479, 5.587896168346640380, 8.000000000000000000 ) ) ;
#7188 = ORIENTED_EDGE ( 'NONE', *, *, #6180, .T. ) ;
#7189 = CARTESIAN_POINT ( 'NONE',  ( -4.956940000588320849, 29.60361699551122072, 7.632355732332953835 ) ) ;
#7190 = VERTEX_POINT ( 'NONE', #5807 ) ;
#7191 = VECTOR ( 'NONE', #1719, 1000.000000000000000 ) ;
#7192 = CARTESIAN_POINT ( 'NONE',  ( 15.10499926492200551, -13.10873743755307963, 0.000000000000000000 ) ) ;
#7193 = VERTEX_POINT ( 'NONE', #7339 ) ;
#7194 = VECTOR ( 'NONE', #5735, 1000.000000000000000 ) ;
#7195 = AXIS2_PLACEMENT_3D ( 'NONE', #4192, #6199, #9029 ) ;
#7196 = ORIENTED_EDGE ( 'NONE', *, *, #2102, .F. ) ;
#7197 = PLANE ( 'NONE',  #6689 ) ;
#7198 = PLANE ( 'NONE',  #6303 ) ;
#7199 = CIRCLE ( 'NONE', #8374, 1.500000000000001332 ) ;
#7200 = LINE ( 'NONE', #817, #4981 ) ;
#7201 = DIRECTION ( 'NONE',  ( 0.000000000000000000, 0.000000000000000000, 1.000000000000000000 ) ) ;
#7202 = ORIENTED_EDGE ( 'NONE', *, *, #7866, .F. ) ;
#7203 = CIRCLE ( 'NONE', #4813, 20.00000000000000000 ) ;
#7204 = AXIS2_PLACEMENT_3D ( 'NONE', #1778, #6596, #2411 ) ;
#7205 = DIRECTION ( 'NONE',  ( -1.000000000000000000, 0.000000000000000000, 0.000000000000000000 ) ) ;
#7206 = VERTEX_POINT ( 'NONE', #955 ) ;
#7207 = CARTESIAN_POINT ( 'NONE',  ( 0.000000000000000000, 0.000000000000000000, -0.0009999999999992653654 ) ) ;
#7208 = ORIENTED_EDGE ( 'NONE', *, *, #7110, .T. ) ;
#7209 = AXIS2_PLACEMENT_3D ( 'NONE', #7453, #1166, #1065 ) ;
#7210 = DIRECTION ( 'NONE',  ( -1.000000000000000000, 0.000000000000000000, 0.000000000000000000 ) ) ;
#7211 = DIRECTION ( 'NONE',  ( 0.000000000000000000, 0.000000000000000000, 1.000000000000000000 ) ) ;
#7212 = CARTESIAN_POINT ( 'NONE',  ( 25.65693844375873667, 8.409608177149221930, 0.000000000000000000 ) ) ;
#7213 = DIRECTION ( 'NONE',  ( -0.9789804197376049677, 0.2039542541120011598, 0.000000000000000000 ) ) ;
#7214 = VECTOR ( 'NONE', #5649, 999.9999999999998863 ) ;
#7215 = DIRECTION ( 'NONE',  ( -1.000000000000000000, 0.000000000000000000, 0.000000000000000000 ) ) ;
#7216 = FACE_OUTER_BOUND ( 'NONE', #5142, .T. ) ;
#7217 = EDGE_LOOP ( 'NONE', ( #4169, #1071, #7847, #4018 ) ) ;
#7218 = ORIENTED_EDGE ( 'NONE', *, *, #6588, .F. ) ;
#7219 = AXIS2_PLACEMENT_3D ( 'NONE', #4993, #7834, #8028 ) ;
#7220 = EDGE_LOOP ( 'NONE', ( #5306, #8484, #2404, #595 ) ) ;
#7221 = ADVANCED_FACE ( 'NONE', ( #3797 ), #4356, .T. ) ;
#7222 = DIRECTION ( 'NONE',  ( 0.000000000000000000, 0.000000000000000000, 1.000000000000000000 ) ) ;
#7223 = CARTESIAN_POINT ( 'NONE',  ( -27.06696287193701167, 34.01490439600651428, -21.71238604893271429 ) ) ;
#7224 = CARTESIAN_POINT ( 'NONE',  ( -24.02189194300062880, 17.97077370284322129, 0.4999999999999831246 ) ) ;
#7225 = DIRECTION ( 'NONE',  ( -0.000000000000000000, -0.000000000000000000, -1.000000000000000000 ) ) ;
#7226 = CIRCLE ( 'NONE', #5140, 0.8999999999999875877 ) ;
#7227 = CARTESIAN_POINT ( 'NONE',  ( 26.16682407903874008, -5.962157127805194357, 0.000000000000000000 ) ) ;
#7228 = AXIS2_PLACEMENT_3D ( 'NONE', #5402, #1284, #4724 ) ;
#7229 = ADVANCED_FACE ( 'NONE', ( #1588 ), #8238, .T. ) ;
#7230 = EDGE_CURVE ( 'NONE', #3233, #3311, #127, .T. ) ;
#7231 = ADVANCED_FACE ( 'NONE', ( #6445 ), #6737, .T. ) ;
#7232 = EDGE_CURVE ( 'NONE', #6188, #2727, #7200, .T. ) ;
#7233 = CARTESIAN_POINT ( 'NONE',  ( -25.71646603819449339, 26.35585625535125942, 9.844464665484661481 ) ) ;
#7234 = ORIENTED_EDGE ( 'NONE', *, *, #4183, .T. ) ;
#7235 = VERTEX_POINT ( 'NONE', #6498 ) ;
#7236 = CARTESIAN_POINT ( 'NONE',  ( -5.057859377696113157, 29.41260778306437729, 0.000000000000000000 ) ) ;
#7237 = CONICAL_SURFACE ( 'NONE', #6629, 1.499999999999959588, 0.7853981633974488341 ) ;
#7238 = CARTESIAN_POINT ( 'NONE',  ( 24.54669047984815222, -16.36184544868128654, 0.000000000000000000 ) ) ;
#7239 = ORIENTED_EDGE ( 'NONE', *, *, #3866, .F. ) ;
#7240 = CARTESIAN_POINT ( 'NONE',  ( -3.827692465324825655, 29.75485850989817749, 5.168742113674166916 ) ) ;
#7241 = VERTEX_POINT ( 'NONE', #8637 ) ;
#7242 = EDGE_CURVE ( 'NONE', #3667, #57, #5102, .T. ) ;
#7243 = AXIS2_PLACEMENT_3D ( 'NONE', #8497, #6455, #5820 ) ;
#7244 = CYLINDRICAL_SURFACE ( 'NONE', #1591, 2.000000000000001776 ) ;
#7245 = EDGE_LOOP ( 'NONE', ( #7427, #305, #2634, #3844 ) ) ;
#7246 = CONICAL_SURFACE ( 'NONE', #7091, 3.800000000000001155, 0.7853981633974445042 ) ;
#7247 = VERTEX_POINT ( 'NONE', #868 ) ;
#7248 = CARTESIAN_POINT ( 'NONE',  ( 2.250000000000000888, -24.50000000000000000, -0.001000000000000132727 ) ) ;
#7249 = CARTESIAN_POINT ( 'NONE',  ( -6.161705449549503832, -29.36040507133701283, 0.4999999999999831246 ) ) ;
#7250 = DIRECTION ( 'NONE',  ( -0.000000000000000000, -0.000000000000000000, 1.000000000000000000 ) ) ;
#7251 = DIRECTION ( 'NONE',  ( 1.000000000000000000, 0.000000000000000000, 0.000000000000000000 ) ) ;
#7252 = ORIENTED_EDGE ( 'NONE', *, *, #888, .T. ) ;
#7253 = AXIS2_PLACEMENT_3D ( 'NONE', #345, #5238, #4550 ) ;
#7254 = VERTEX_POINT ( 'NONE', #3710 ) ;
#7255 = FACE_OUTER_BOUND ( 'NONE', #302, .T. ) ;
#7256 = EDGE_LOOP ( 'NONE', ( #3085, #7691, #5201, #3705 ) ) ;
#7257 = DIRECTION ( 'NONE',  ( 0.7071067811865487940, -0.000000000000000000, 0.7071067811865462405 ) ) ;
#7258 = ORIENTED_EDGE ( 'NONE', *, *, #5215, .T. ) ;
#7259 = DIRECTION ( 'NONE',  ( 0.000000000000000000, 0.000000000000000000, 1.000000000000000000 ) ) ;
#7260 = VERTEX_POINT ( 'NONE', #8208 ) ;
#7261 = VECTOR ( 'NONE', #1407, 1000.000000000000227 ) ;
#7262 = CARTESIAN_POINT ( 'NONE',  ( 0.000000000000000000, 0.000000000000000000, 0.000000000000000000 ) ) ;
#7263 = DIRECTION ( 'NONE',  ( 0.000000000000000000, 0.000000000000000000, 1.000000000000000000 ) ) ;
#7264 = DIRECTION ( 'NONE',  ( 0.000000000000000000, 0.000000000000000000, 1.000000000000000000 ) ) ;
#7265 = CARTESIAN_POINT ( 'NONE',  ( -16.72103440749862457, -10.97301272865602684, -0.0009999999999992653654 ) ) ;
#7266 = ORIENTED_EDGE ( 'NONE', *, *, #6589, .T. ) ;
#7267 = CARTESIAN_POINT ( 'NONE',  ( -23.55961359711019298, -8.983347098777866080, 0.2999999999999947153 ) ) ;
#7268 = LINE ( 'NONE', #7409, #3234 ) ;
#7269 = DIRECTION ( 'NONE',  ( 0.1729873939250868853, -0.9810602621904070952, -0.08715574274766178797 ) ) ;
#7270 = DIRECTION ( 'NONE',  ( -1.000000000000000000, 0.000000000000000000, 0.000000000000000000 ) ) ;
#7271 = DIRECTION ( 'NONE',  ( -0.4999999999999915623, -0.8660254037844434816, -0.000000000000000000 ) ) ;
#7272 = CARTESIAN_POINT ( 'NONE',  ( 3.799999999999999378, 24.50000000000000000, 3.500000000000000444 ) ) ;
#7273 = DIRECTION ( 'NONE',  ( 0.000000000000000000, -0.000000000000000000, 1.000000000000000000 ) ) ;
#7274 = EDGE_LOOP ( 'NONE', ( #895, #1636, #3784, #1156, #4374 ) ) ;
#7275 = AXIS2_PLACEMENT_3D ( 'NONE', #5769, #8496, #3467 ) ;
#7276 = DIRECTION ( 'NONE',  ( 0.000000000000000000, 0.000000000000000000, 1.000000000000000000 ) ) ;
#7277 = ORIENTED_EDGE ( 'NONE', *, *, #2652, .F. ) ;
#7278 = ORIENTED_EDGE ( 'NONE', *, *, #6066, .F. ) ;
#7279 = ADVANCED_FACE ( 'NONE', ( #5980 ), #1890, .T. ) ;
#7280 = CARTESIAN_POINT ( 'NONE',  ( 28.50770938195415027, 9.344009085721356911, 7.500000000000007105 ) ) ;
#7281 = EDGE_CURVE ( 'NONE', #6704, #583, #6024, .T. ) ;
#7282 = DIRECTION ( 'NONE',  ( -0.9789804197376049677, 0.2039542541120011598, 0.000000000000000000 ) ) ;
#7283 = EDGE_CURVE ( 'NONE', #5167, #1243, #6101, .T. ) ;
#7284 = ADVANCED_FACE ( 'NONE', ( #3934, #1142 ), #3975, .F. ) ;
#7285 = CARTESIAN_POINT ( 'NONE',  ( 16.02383034850715404, 20.19350096351142554, 7.500000000000007105 ) ) ;
#7286 = ORIENTED_EDGE ( 'NONE', *, *, #8515, .T. ) ;
#7287 = CARTESIAN_POINT ( 'NONE',  ( -3.681630149292411947, 29.77325331191915225, 1.667634576698104443 ) ) ;
#7288 = EDGE_LOOP ( 'NONE', ( #3612, #1079 ) ) ;
#7289 = DIRECTION ( 'NONE',  ( -0.000000000000000000, -0.000000000000000000, 1.000000000000000000 ) ) ;
#7290 = ORIENTED_EDGE ( 'NONE', *, *, #4553, .F. ) ;
#7291 = VERTEX_POINT ( 'NONE', #3135 ) ;
#7292 = FACE_OUTER_BOUND ( 'NONE', #152, .T. ) ;
#7293 = DIRECTION ( 'NONE',  ( 1.000000000000000000, 0.000000000000000000, 0.000000000000000000 ) ) ;
#7294 = AXIS2_PLACEMENT_3D ( 'NONE', #1058, #8218, #3984 ) ;
#7295 = ADVANCED_FACE ( 'NONE', ( #2570 ), #5403, .T. ) ;
#7296 = CARTESIAN_POINT ( 'NONE',  ( 20.00000000000000000, 0.000000000000000000, 7.500000000000007105 ) ) ;
#7297 = ADVANCED_FACE ( 'NONE', ( #7564, #8815 ), #1182, .T. ) ;
#7298 = LINE ( 'NONE', #8733, #66 ) ;
#7299 = EDGE_CURVE ( 'NONE', #5241, #7856, #253, .T. ) ;
#7300 = CARTESIAN_POINT ( 'NONE',  ( -26.26880120609473934, -5.472666917936406250, 7.500000000000009770 ) ) ;
#7301 = VERTEX_POINT ( 'NONE', #1050 ) ;
#7302 = EDGE_LOOP ( 'NONE', ( #705, #2581, #4360, #59 ) ) ;
#7303 = ORIENTED_EDGE ( 'NONE', *, *, #8341, .F. ) ;
#7304 = AXIS2_PLACEMENT_3D ( 'NONE', #8445, #6905, #3372 ) ;
#7305 = EDGE_LOOP ( 'NONE', ( #6795, #1703, #9051, #6790, #7087 ) ) ;
#7306 = PLANE ( 'NONE',  #6071 ) ;
#7307 = VERTEX_POINT ( 'NONE', #3885 ) ;
#7308 = DIRECTION ( 'NONE',  ( -0.000000000000000000, -0.000000000000000000, -1.000000000000000000 ) ) ;
#7309 = CARTESIAN_POINT ( 'NONE',  ( -23.62152707728396095, 17.67126080779583930, 0.000000000000000000 ) ) ;
#7310 = CARTESIAN_POINT ( 'NONE',  ( 17.51551992099578570, 18.86126141323203953, 0.000000000000000000 ) ) ;
#7311 = EDGE_CURVE ( 'NONE', #5986, #4889, #7805, .T. ) ;
#7312 = CARTESIAN_POINT ( 'NONE',  ( -3.977483501227980334, 29.73515806242602011, 7.500000000000007105 ) ) ;
#7313 = DIRECTION ( 'NONE',  ( -0.8660254037844328234, 0.5000000000000101030, 0.000000000000000000 ) ) ;
#7314 = CARTESIAN_POINT ( 'NONE',  ( -6.325462315075262687, 37.31818952230226216, -17.72760725656574010 ) ) ;
#7315 = EDGE_LOOP ( 'NONE', ( #4440, #3044, #4507, #6615 ) ) ;
#7316 = CARTESIAN_POINT ( 'NONE',  ( 8.051471090958266075, 24.44308559639185319, 7.500000000000007105 ) ) ;
#7317 = CARTESIAN_POINT ( 'NONE',  ( 20.00000000000000000, -1.985311391914217979E-16, 6.250000000000000000 ) ) ;
#7318 = ORIENTED_EDGE ( 'NONE', *, *, #1825, .F. ) ;
#7319 = CIRCLE ( 'NONE', #6417, 2.249999999999999556 ) ;
#7320 = ORIENTED_EDGE ( 'NONE', *, *, #8801, .F. ) ;
#7321 = ORIENTED_EDGE ( 'NONE', *, *, #126, .T. ) ;
#7322 = CARTESIAN_POINT ( 'NONE',  ( -6.693550187440879817, 30.49985329543170209, 0.000000000000000000 ) ) ;
#7323 = CARTESIAN_POINT ( 'NONE',  ( 0.000000000000000000, 0.000000000000000000, 7.500000000000007105 ) ) ;
#7324 = AXIS2_PLACEMENT_3D ( 'NONE', #9148, #7583, #7676 ) ;
#7325 = DIRECTION ( 'NONE',  ( -0.000000000000000000, -0.000000000000000000, -1.000000000000000000 ) ) ;
#7326 = VERTEX_POINT ( 'NONE', #5314 ) ;
#7327 = CARTESIAN_POINT ( 'NONE',  ( -3.723377838638252335, 29.76809662243495325, 2.877892500805395493 ) ) ;
#7328 = ORIENTED_EDGE ( 'NONE', *, *, #3694, .F. ) ;
#7329 = LINE ( 'NONE', #4453, #4239 ) ;
#7330 = ORIENTED_EDGE ( 'NONE', *, *, #2339, .F. ) ;
#7331 = EDGE_CURVE ( 'NONE', #3359, #6188, #8380, .T. ) ;
#7332 = ORIENTED_EDGE ( 'NONE', *, *, #8531, .T. ) ;
#7333 = CARTESIAN_POINT ( 'NONE',  ( -29.80658068047420528, 26.51696713368978209, -0.08715574274766582641 ) ) ;
#7334 = VECTOR ( 'NONE', #3419, 1000.000000000000114 ) ;
#7335 = AXIS2_PLACEMENT_3D ( 'NONE', #2574, #5322, #5414 ) ;
#7336 = DIRECTION ( 'NONE',  ( -0.01513443590133914732, 0.08583165117743488115, -0.9961946980917453232 ) ) ;
#7337 = CARTESIAN_POINT ( 'NONE',  ( -17.13906026768608015, -11.24733804687241978, 0.000000000000000000 ) ) ;
#7338 = DIRECTION ( 'NONE',  ( 1.000000000000000000, 0.000000000000000000, 0.000000000000000000 ) ) ;
#7339 = CARTESIAN_POINT ( 'NONE',  ( -8.974734236986952496, 29.30787527568902817, 9.844464665484657928 ) ) ;
#7340 = DIRECTION ( 'NONE',  ( 0.000000000000000000, 0.000000000000000000, -1.000000000000000000 ) ) ;
#7341 = CONICAL_SURFACE ( 'NONE', #4521, 29.50000000000000355, 0.7853981633974552734 ) ;
#7342 = ORIENTED_EDGE ( 'NONE', *, *, #3459, .F. ) ;
#7343 = CIRCLE ( 'NONE', #5703, 2.250000000000000444 ) ;
#7344 = EDGE_CURVE ( 'NONE', #8315, #8407, #1091, .T. ) ;
#7345 = AXIS2_PLACEMENT_3D ( 'NONE', #1088, #7384, #4541 ) ;
#7346 = VERTEX_POINT ( 'NONE', #6871 ) ;
#7347 = DIRECTION ( 'NONE',  ( -0.000000000000000000, -0.000000000000000000, -1.000000000000000000 ) ) ;
#7348 = ADVANCED_FACE ( 'NONE', ( #5524 ), #3289, .T. ) ;
#7349 = EDGE_CURVE ( 'NONE', #7254, #3311, #5877, .T. ) ;
#7350 = ORIENTED_EDGE ( 'NONE', *, *, #3918, .F. ) ;
#7351 = EDGE_CURVE ( 'NONE', #2137, #8030, #500, .T. ) ;
#7352 = CARTESIAN_POINT ( 'NONE',  ( 8.051471090958266075, 24.44308559639185319, 7.500000000000007105 ) ) ;
#7353 = CARTESIAN_POINT ( 'NONE',  ( 0.000000000000000000, 0.000000000000000000, 0.000000000000000000 ) ) ;
#7354 = DIRECTION ( 'NONE',  ( -0.000000000000000000, -0.000000000000000000, -1.000000000000000000 ) ) ;
#7355 = VECTOR ( 'NONE', #5018, 1000.000000000000114 ) ;
#7356 = AXIS2_PLACEMENT_3D ( 'NONE', #1410, #1513, #5130 ) ;
#7357 = DIRECTION ( 'NONE',  ( 1.000000000000000000, 0.000000000000000000, 0.000000000000000000 ) ) ;
#7358 = VECTOR ( 'NONE', #5057, 1000.000000000000000 ) ;
#7359 = CARTESIAN_POINT ( 'NONE',  ( 0.000000000000000000, 0.000000000000000000, 2.999999999999746869 ) ) ;
#7360 = AXIS2_PLACEMENT_3D ( 'NONE', #260, #4558, #5204 ) ;
#7361 = VECTOR ( 'NONE', #8748, 1000.000000000000000 ) ;
#7362 = DIRECTION ( 'NONE',  ( -0.000000000000000000, -0.000000000000000000, -1.000000000000000000 ) ) ;
#7363 = CARTESIAN_POINT ( 'NONE',  ( 19.99999999999999645, -0.1488036505193406078, 6.250000000000000888 ) ) ;
#7364 = FACE_OUTER_BOUND ( 'NONE', #6844, .T. ) ;
#7365 = AXIS2_PLACEMENT_3D ( 'NONE', #2893, #7276, #1655 ) ;
#7366 = AXIS2_PLACEMENT_3D ( 'NONE', #7855, #864, #8489 ) ;
#7367 = VECTOR ( 'NONE', #7047, 1000.000000000000114 ) ;
#7368 = CARTESIAN_POINT ( 'NONE',  ( -3.886005523212596291, 29.24447937631191152, -0.000000000000000000 ) ) ;
#7369 = ORIENTED_EDGE ( 'NONE', *, *, #2272, .F. ) ;
#7370 = AXIS2_PLACEMENT_3D ( 'NONE', #2643, #1358, #8368 ) ;
#7371 = CARTESIAN_POINT ( 'NONE',  ( -4.317693774089840453, 29.76931203016210858, 0.5033263309634085081 ) ) ;
#7372 = AXIS2_PLACEMENT_3D ( 'NONE', #4758, #6888, #3925 ) ;
#7373 = ORIENTED_EDGE ( 'NONE', *, *, #8285, .F. ) ;
#7374 = DIRECTION ( 'NONE',  ( -0.000000000000000000, -0.000000000000000000, 1.000000000000000000 ) ) ;
#7375 = ADVANCED_FACE ( 'NONE', ( #3905 ), #4617, .F. ) ;
#7376 = ORIENTED_EDGE ( 'NONE', *, *, #1261, .T. ) ;
#7377 = DIRECTION ( 'NONE',  ( 0.04545686450484969637, -0.7056441549884726605, 0.7071067811865420216 ) ) ;
#7378 = ORIENTED_EDGE ( 'NONE', *, *, #853, .F. ) ;
#7379 = DIRECTION ( 'NONE',  ( -0.000000000000000000, -0.000000000000000000, 1.000000000000000000 ) ) ;
#7380 = ORIENTED_EDGE ( 'NONE', *, *, #6293, .T. ) ;
#7381 = ORIENTED_EDGE ( 'NONE', *, *, #2439, .T. ) ;
#7382 = VECTOR ( 'NONE', #4907, 1000.000000000000227 ) ;
#7383 = CARTESIAN_POINT ( 'NONE',  ( -17.08703448660355306, -10.18838811852071302, 0.000000000000000000 ) ) ;
#7384 = DIRECTION ( 'NONE',  ( -0.000000000000000000, -0.000000000000000000, 1.000000000000000000 ) ) ;
#7385 = FACE_OUTER_BOUND ( 'NONE', #8848, .T. ) ;
#7386 = CARTESIAN_POINT ( 'NONE',  ( 28.50770938195414672, -9.344009085721355135, 7.500000000000007105 ) ) ;
#7387 = LINE ( 'NONE', #3223, #1988 ) ;
#7388 = ORIENTED_EDGE ( 'NONE', *, *, #3163, .T. ) ;
#7389 = EDGE_CURVE ( 'NONE', #4674, #1273, #3956, .T. ) ;
#7390 = AXIS2_PLACEMENT_3D ( 'NONE', #2251, #2886, #6559 ) ;
#7391 = VECTOR ( 'NONE', #3805, 1000.000000000000000 ) ;
#7392 = ORIENTED_EDGE ( 'NONE', *, *, #4098, .T. ) ;
#7393 = ORIENTED_EDGE ( 'NONE', *, *, #7242, .T. ) ;
#7394 = LINE ( 'NONE', #4511, #6659 ) ;
#7395 = ORIENTED_EDGE ( 'NONE', *, *, #5548, .T. ) ;
#7396 = DIRECTION ( 'NONE',  ( -0.000000000000000000, -0.000000000000000000, -1.000000000000000000 ) ) ;
#7397 = DIRECTION ( 'NONE',  ( -1.000000000000000000, 0.000000000000000000, 0.000000000000000000 ) ) ;
#7398 = ORIENTED_EDGE ( 'NONE', *, *, #2298, .F. ) ;
#7399 = LINE ( 'NONE', #2626, #8465 ) ;
#7400 = CARTESIAN_POINT ( 'NONE',  ( 0.000000000000000000, 0.000000000000000000, 8.000000000000000000 ) ) ;
#7401 = AXIS2_PLACEMENT_3D ( 'NONE', #4224, #4419, #2784 ) ;
#7402 = AXIS2_PLACEMENT_3D ( 'NONE', #3154, #5926, #891 ) ;
#7403 = FACE_OUTER_BOUND ( 'NONE', #754, .T. ) ;
#7404 = EDGE_CURVE ( 'NONE', #6720, #666, #8887, .T. ) ;
#7405 = EDGE_CURVE ( 'NONE', #2097, #1428, #501, .T. ) ;
#7406 = EDGE_CURVE ( 'NONE', #1755, #2423, #6301, .T. ) ;
#7407 = EDGE_CURVE ( 'NONE', #8336, #7837, #6004, .T. ) ;
#7408 = VERTEX_POINT ( 'NONE', #6732 ) ;
#7409 = CARTESIAN_POINT ( 'NONE',  ( -28.50770938195414672, 9.344009085721355135, 7.500000000000009770 ) ) ;
#7410 = VECTOR ( 'NONE', #6800, 1000.000000000000000 ) ;
#7411 = CARTESIAN_POINT ( 'NONE',  ( -21.27852007099586018, 5.587896168346938808, 3.500000000000000444 ) ) ;
#7412 = DIRECTION ( 'NONE',  ( -0.9848077530122085754, -0.1736481776669278887, 0.000000000000000000 ) ) ;
#7413 = CARTESIAN_POINT ( 'NONE',  ( -8.227241335952200529, -4.749999999999952038, 0.000000000000000000 ) ) ;
#7414 = VECTOR ( 'NONE', #5778, 1000.000000000000000 ) ;
#7415 = EDGE_CURVE ( 'NONE', #6332, #8689, #5378, .T. ) ;
#7416 = EDGE_CURVE ( 'NONE', #890, #3359, #5340, .T. ) ;
#7417 = EDGE_LOOP ( 'NONE', ( #5758, #1336, #557, #4191 ) ) ;
#7418 = ORIENTED_EDGE ( 'NONE', *, *, #6538, .F. ) ;
#7419 = EDGE_LOOP ( 'NONE', ( #1382, #8579, #823, #5855 ) ) ;
#7420 = CARTESIAN_POINT ( 'NONE',  ( 23.11762239271876851, 8.959103465619081774, 3.500000000000000444 ) ) ;
#7421 = ORIENTED_EDGE ( 'NONE', *, *, #8586, .T. ) ;
#7422 = DIRECTION ( 'NONE',  ( 0.000000000000000000, 0.000000000000000000, 1.000000000000000000 ) ) ;
#7423 = VECTOR ( 'NONE', #1199, 1000.000000000000114 ) ;
#7424 = CARTESIAN_POINT ( 'NONE',  ( 1.896428571428576682, -29.43898025872278623, 0.000000000000000000 ) ) ;
#7425 = ORIENTED_EDGE ( 'NONE', *, *, #1507, .F. ) ;
#7426 = CARTESIAN_POINT ( 'NONE',  ( 23.46762239271869532, -12.25000000000009948, 0.000000000000000000 ) ) ;
#7427 = ORIENTED_EDGE ( 'NONE', *, *, #6297, .F. ) ;
#7428 = ORIENTED_EDGE ( 'NONE', *, *, #965, .T. ) ;
#7429 = PLANE ( 'NONE',  #1981 ) ;
#7430 = DIRECTION ( 'NONE',  ( -0.000000000000000000, -0.000000000000000000, 1.000000000000000000 ) ) ;
#7431 = DIRECTION ( 'NONE',  ( 1.000000000000000000, 0.000000000000000000, 0.000000000000000000 ) ) ;
#7432 = AXIS2_PLACEMENT_3D ( 'NONE', #7158, #1350, #7870 ) ;
#7433 = LINE ( 'NONE', #2399, #3064 ) ;
#7434 = DIRECTION ( 'NONE',  ( -0.8660254037844362651, 0.5000000000000042188, 0.000000000000000000 ) ) ;
#7435 = PLANE ( 'NONE',  #8088 ) ;
#7436 = ORIENTED_EDGE ( 'NONE', *, *, #6412, .F. ) ;
#7437 = VERTEX_POINT ( 'NONE', #6968 ) ;
#7438 = CARTESIAN_POINT ( 'NONE',  ( -22.92560119578286759, 33.13378233987197774, -3.574313338690692454 ) ) ;
#7439 = ORIENTED_EDGE ( 'NONE', *, *, #8841, .F. ) ;
#7440 = DIRECTION ( 'NONE',  ( 0.000000000000000000, 0.000000000000000000, 1.000000000000000000 ) ) ;
#7441 = CARTESIAN_POINT ( 'NONE',  ( -20.00000000000000000, 0.000000000000000000, 0.4999999999999831246 ) ) ;
#7442 = ORIENTED_EDGE ( 'NONE', *, *, #4322, .F. ) ;
#7443 = CARTESIAN_POINT ( 'NONE',  ( 8.726169651492750035, 22.67475652381834195, 7.500000000000007105 ) ) ;
#7444 = CARTESIAN_POINT ( 'NONE',  ( -4.945739812220550036, 29.76161030371195437, 7.512966718751084905 ) ) ;
#7445 = CIRCLE ( 'NONE', #3414, 1.999999999999991340 ) ;
#7446 = LINE ( 'NONE', #5995, #4887 ) ;
#7447 = DIRECTION ( 'NONE',  ( 0.6661197751397005540, 0.7458447862443196019, 0.000000000000000000 ) ) ;
#7448 = ADVANCED_FACE ( 'NONE', ( #7014 ), #3330, .F. ) ;
#7449 = EDGE_CURVE ( 'NONE', #1052, #2191, #7679, .T. ) ;
#7450 = AXIS2_PLACEMENT_3D ( 'NONE', #814, #3090, #4354 ) ;
#7451 = AXIS2_PLACEMENT_3D ( 'NONE', #2370, #5206, #222 ) ;
#7452 = DIRECTION ( 'NONE',  ( 1.000000000000000000, 4.336808689942013792E-15, 0.000000000000000000 ) ) ;
#7453 = CARTESIAN_POINT ( 'NONE',  ( 21.27852007099589571, -5.587896168346787817, 7.500000000000007105 ) ) ;
#7454 = EDGE_LOOP ( 'NONE', ( #727, #5221, #4402, #5799 ) ) ;
#7455 = ADVANCED_FACE ( 'NONE', ( #7075 ), #6409, .T. ) ;
#7456 = ORIENTED_EDGE ( 'NONE', *, *, #8181, .F. ) ;
#7457 = ADVANCED_FACE ( 'NONE', ( #639 ), #3932, .F. ) ;
#7458 = CARTESIAN_POINT ( 'NONE',  ( 16.85536169075366431, -11.66819533063589809, 0.000000000000000000 ) ) ;
#7459 = EDGE_LOOP ( 'NONE', ( #808, #8741, #4485, #7517 ) ) ;
#7460 = ORIENTED_EDGE ( 'NONE', *, *, #3571, .F. ) ;
#7461 = ORIENTED_EDGE ( 'NONE', *, *, #6650, .F. ) ;
#7462 = DIRECTION ( 'NONE',  ( -0.1442174361344419897, 0.6922436934453150004, 0.7071067811865454633 ) ) ;
#7463 = ORIENTED_EDGE ( 'NONE', *, *, #3230, .T. ) ;
#7464 = ORIENTED_EDGE ( 'NONE', *, *, #3741, .T. ) ;
#7465 = CARTESIAN_POINT ( 'NONE',  ( 0.000000000000000000, 0.000000000000000000, 8.000000000000000000 ) ) ;
#7466 = EDGE_CURVE ( 'NONE', #8949, #9169, #3478, .T. ) ;
#7467 = DIRECTION ( 'NONE',  ( 1.000000000000000000, 0.000000000000000000, 0.000000000000000000 ) ) ;
#7468 = VERTEX_POINT ( 'NONE', #7824 ) ;
#7469 = ADVANCED_FACE ( 'NONE', ( #2880 ), #1573, .F. ) ;
#7470 = ORIENTED_EDGE ( 'NONE', *, *, #6069, .F. ) ;
#7471 = FACE_OUTER_BOUND ( 'NONE', #5154, .T. ) ;
#7472 = CONICAL_SURFACE ( 'NONE', #4502, 1.000000000000000888, 0.7853981633974642662 ) ;
#7473 = CARTESIAN_POINT ( 'NONE',  ( 19.94498890194998353, -1.486104859728551775, 2.304112514406752243 ) ) ;
#7474 = DIRECTION ( 'NONE',  ( -0.3128606445978996953, -0.9497990403563201234, 0.000000000000000000 ) ) ;
#7475 = DIRECTION ( 'NONE',  ( 1.000000000000000000, 0.000000000000000000, 0.000000000000000000 ) ) ;
#7476 = LINE ( 'NONE', #5281, #4359 ) ;
#7477 = ORIENTED_EDGE ( 'NONE', *, *, #3241, .T. ) ;
#7478 = ORIENTED_EDGE ( 'NONE', *, *, #7173, .F. ) ;
#7479 = CARTESIAN_POINT ( 'NONE',  ( -3.800000000000002043, 24.50000000000000000, 7.500000000000007105 ) ) ;
#7480 = EDGE_LOOP ( 'NONE', ( #6564, #3648 ) ) ;
#7481 = CIRCLE ( 'NONE', #4509, 1.199999999999998401 ) ;
#7482 = AXIS2_PLACEMENT_3D ( 'NONE', #509, #4848, #4003 ) ;
#7483 = FACE_OUTER_BOUND ( 'NONE', #4856, .T. ) ;
#7484 = CARTESIAN_POINT ( 'NONE',  ( 0.000000000000000000, 0.000000000000000000, 8.000000000000000000 ) ) ;
#7485 = CYLINDRICAL_SURFACE ( 'NONE', #386, 1.199999999999997735 ) ;
#7486 = DIRECTION ( 'NONE',  ( -1.000000000000000000, 0.000000000000000000, 0.000000000000000000 ) ) ;
#7487 = DIRECTION ( 'NONE',  ( -0.1729873939250868853, 0.9810602621904069842, 0.08715574274766180185 ) ) ;
#7488 = AXIS2_PLACEMENT_3D ( 'NONE', #2373, #5209, #3896 ) ;
#7489 = CARTESIAN_POINT ( 'NONE',  ( -26.16682407903874008, 5.962157127805194357, 0.000000000000000000 ) ) ;
#7490 = VERTEX_POINT ( 'NONE', #594 ) ;
#7491 = DIRECTION ( 'NONE',  ( 0.000000000000000000, 0.000000000000000000, 1.000000000000000000 ) ) ;
#7492 = CIRCLE ( 'NONE', #944, 1.500000000000001332 ) ;
#7493 = CARTESIAN_POINT ( 'NONE',  ( 18.08868083885759859, -12.52196572068243086, 3.500000000000000444 ) ) ;
#7494 = DIRECTION ( 'NONE',  ( 0.7071067811865517916, 0.000000000000000000, 0.7071067811865432429 ) ) ;
#7495 = VECTOR ( 'NONE', #4946, 1000.000000000000000 ) ;
#7496 = CARTESIAN_POINT ( 'NONE',  ( 19.46505356205915405, -6.431305452718730109, 3.500000000000000444 ) ) ;
#7497 = DIRECTION ( 'NONE',  ( -0.000000000000000000, -0.000000000000000000, -1.000000000000000000 ) ) ;
#7498 = AXIS2_PLACEMENT_3D ( 'NONE', #1193, #5466, #5326 ) ;
#7499 = EDGE_CURVE ( 'NONE', #8957, #4210, #5265, .T. ) ;
#7500 = CIRCLE ( 'NONE', #3471, 0.4000000000000010214 ) ;
#7501 = CARTESIAN_POINT ( 'NONE',  ( 18.71320343559646204, 16.57757573283802799, 3.000000000000000000 ) ) ;
#7502 = ORIENTED_EDGE ( 'NONE', *, *, #7053, .F. ) ;
#7503 = CARTESIAN_POINT ( 'NONE',  ( -5.519541570101204719, 30.15838719747211272, 0.5091283523479366302 ) ) ;
#7504 = AXIS2_PLACEMENT_3D ( 'NONE', #2821, #4965, #6165 ) ;
#7505 = ORIENTED_EDGE ( 'NONE', *, *, #667, .T. ) ;
#7506 = ORIENTED_EDGE ( 'NONE', *, *, #235, .F. ) ;
#7507 = VECTOR ( 'NONE', #5100, 1000.000000000000000 ) ;
#7508 = ORIENTED_EDGE ( 'NONE', *, *, #2492, .F. ) ;
#7509 = ADVANCED_FACE ( 'NONE', ( #5632 ), #8559, .F. ) ;
#7510 = EDGE_CURVE ( 'NONE', #4280, #5928, #8362, .T. ) ;
#7511 = EDGE_CURVE ( 'NONE', #6531, #1430, #653, .T. ) ;
#7512 = ADVANCED_FACE ( 'NONE', ( #2006 ), #976, .T. ) ;
#7513 = DIRECTION ( 'NONE',  ( 0.000000000000000000, 0.000000000000000000, -1.000000000000000000 ) ) ;
#7514 = LINE ( 'NONE', #1133, #2181 ) ;
#7515 = ORIENTED_EDGE ( 'NONE', *, *, #1139, .T. ) ;
#7516 = ORIENTED_EDGE ( 'NONE', *, *, #4850, .T. ) ;
#7517 = ORIENTED_EDGE ( 'NONE', *, *, #2099, .F. ) ;
#7518 = VECTOR ( 'NONE', #2146, 1000.000000000000000 ) ;
#7519 = CARTESIAN_POINT ( 'NONE',  ( -8.249869978575095075, -18.21956178770179235, 5.134196291647048938 ) ) ;
#7520 = CARTESIAN_POINT ( 'NONE',  ( 7.777422015672996736, 3.580244025370123762, -24.86398610086376237 ) ) ;
#7521 = CARTESIAN_POINT ( 'NONE',  ( -21.21762239271885875, -12.24999999999980460, 0.000000000000000000 ) ) ;
#7522 = EDGE_CURVE ( 'NONE', #6223, #833, #6306, .T. ) ;
#7523 = VERTEX_POINT ( 'NONE', #7723 ) ;
#7524 = CARTESIAN_POINT ( 'NONE',  ( -23.11762239271864772, 8.959103465619401518, 3.500000000000000444 ) ) ;
#7525 = VECTOR ( 'NONE', #5630, 1000.000000000000000 ) ;
#7526 = ORIENTED_EDGE ( 'NONE', *, *, #2839, .T. ) ;
#7527 = FACE_OUTER_BOUND ( 'NONE', #8189, .T. ) ;
#7528 = CARTESIAN_POINT ( 'NONE',  ( -4.299999999999991829, 21.22168702059287071, 8.000000000000000000 ) ) ;
#7529 = VERTEX_POINT ( 'NONE', #5029 ) ;
#7530 = CARTESIAN_POINT ( 'NONE',  ( 18.20674152189278061, 36.03500135619299272, 3.999999999999999112 ) ) ;
#7531 = CARTESIAN_POINT ( 'NONE',  ( -17.50615648315903528, -8.814447525917257664, 5.762741699796959161 ) ) ;
#7532 = CARTESIAN_POINT ( 'NONE',  ( -3.650033765325360502, 29.77712634744972675, 0.4999999999999831801 ) ) ;
#7533 = CIRCLE ( 'NONE', #8132, 2.249999999999998668 ) ;
#7534 = DIRECTION ( 'NONE',  ( -0.000000000000000000, -0.000000000000000000, -1.000000000000000000 ) ) ;
#7535 = CONICAL_SURFACE ( 'NONE', #7681, 1.500000000000003109, 0.7853981633974526089 ) ;
#7536 = ORIENTED_EDGE ( 'NONE', *, *, #3776, .T. ) ;
#7537 = CARTESIAN_POINT ( 'NONE',  ( -22.06114064347681492, 28.23118292580191024, -4.009852020456808219 ) ) ;
#7538 = CARTESIAN_POINT ( 'NONE',  ( -19.95325161345787990, 1.372097896753377011, 2.210775963961927548 ) ) ;
#7539 = CARTESIAN_POINT ( 'NONE',  ( -7.987960088488438970, -18.33555272209473941, 3.999999999999999112 ) ) ;
#7540 = CARTESIAN_POINT ( 'NONE',  ( 28.65793844375874500, -2.249999999999987121, 3.999999999999999112 ) ) ;
#7541 = DIRECTION ( 'NONE',  ( 1.000000000000000000, 0.000000000000000000, -0.000000000000000000 ) ) ;
#7542 = AXIS2_PLACEMENT_3D ( 'NONE', #6992, #3369, #6206 ) ;
#7543 = VECTOR ( 'NONE', #1869, 1000.000000000000114 ) ;
#7544 = ADVANCED_FACE ( 'NONE', ( #1354 ), #228, .T. ) ;
#7545 = CIRCLE ( 'NONE', #8591, 1.999999999999998224 ) ;
#7546 = CARTESIAN_POINT ( 'NONE',  ( -28.50770938195415383, 9.344009085721356911, 7.500000000000009770 ) ) ;
#7547 = EDGE_LOOP ( 'NONE', ( #3880, #4061, #2897, #2489 ) ) ;
#7548 = ORIENTED_EDGE ( 'NONE', *, *, #2290, .T. ) ;
#7549 = ORIENTED_EDGE ( 'NONE', *, *, #368, .T. ) ;
#7550 = ORIENTED_EDGE ( 'NONE', *, *, #5750, .F. ) ;
#7551 = DIRECTION ( 'NONE',  ( 1.000000000000000000, 1.734723475976807094E-15, 0.000000000000000000 ) ) ;
#7552 = VECTOR ( 'NONE', #358, 1000.000000000000114 ) ;
#7553 = DIRECTION ( 'NONE',  ( 0.9848077530122081313, 0.1736481776669298871, 0.000000000000000000 ) ) ;
#7554 = DIRECTION ( 'NONE',  ( 0.8660254037844434816, -0.4999999999999916178, 0.000000000000000000 ) ) ;
#7555 = ORIENTED_EDGE ( 'NONE', *, *, #397, .F. ) ;
#7556 = ORIENTED_EDGE ( 'NONE', *, *, #4378, .F. ) ;
#7557 = EDGE_CURVE ( 'NONE', #6504, #2323, #77, .T. ) ;
#7558 = ADVANCED_FACE ( 'NONE', ( #7765 ), #3623, .F. ) ;
#7559 = ORIENTED_EDGE ( 'NONE', *, *, #22, .T. ) ;
#7560 = EDGE_CURVE ( 'NONE', #1338, #3227, #8243, .T. ) ;
#7561 = CARTESIAN_POINT ( 'NONE',  ( 19.95322532480513544, -1.372475899366783825, 2.211068780749569473 ) ) ;
#7562 = AXIS2_PLACEMENT_3D ( 'NONE', #8550, #631, #9142 ) ;
#7563 = CARTESIAN_POINT ( 'NONE',  ( 21.21762239271877704, 12.24999999999995381, -0.001000000000000132727 ) ) ;
#7564 = FACE_OUTER_BOUND ( 'NONE', #5571, .T. ) ;
#7565 = CARTESIAN_POINT ( 'NONE',  ( -3.800000000000000711, 21.22168702059287071, 7.500000000000007105 ) ) ;
#7566 = ORIENTED_EDGE ( 'NONE', *, *, #2514, .F. ) ;
#7567 = CIRCLE ( 'NONE', #2633, 1.199999999999998401 ) ;
#7568 = ORIENTED_EDGE ( 'NONE', *, *, #5684, .T. ) ;
#7569 = CARTESIAN_POINT ( 'NONE',  ( -5.272727272727273373, -19.29244274599351883, -0.0009999999999992653654 ) ) ;
#7570 = ADVANCED_FACE ( 'NONE', ( #3108 ), #4476, .T. ) ;
#7571 = LINE ( 'NONE', #2539, #892 ) ;
#7572 = EDGE_CURVE ( 'NONE', #1708, #8343, #8389, .T. ) ;
#7573 = DIRECTION ( 'NONE',  ( 1.000000000000000000, 0.000000000000000000, 0.000000000000000000 ) ) ;
#7574 = LINE ( 'NONE', #1194, #3764 ) ;
#7575 = EDGE_LOOP ( 'NONE', ( #5305, #6939, #5109, #3207, #8630, #3292, #2559, #8302 ) ) ;
#7576 = VERTEX_POINT ( 'NONE', #7314 ) ;
#7577 = CARTESIAN_POINT ( 'NONE',  ( 22.29855367578806380, -17.26193801309686648, 2.999999999999961808 ) ) ;
#7578 = ADVANCED_FACE ( 'NONE', ( #6683 ), #312, .F. ) ;
#7579 = LINE ( 'NONE', #1201, #2930 ) ;
#7580 = DIRECTION ( 'NONE',  ( -0.5000000000000038858, -0.8660254037844363761, 0.000000000000000000 ) ) ;
#7581 = CARTESIAN_POINT ( 'NONE',  ( -4.931042304759976957, 29.75927756848466288, 7.512771341494452138 ) ) ;
#7582 = EDGE_CURVE ( 'NONE', #2042, #8017, #2247, .T. ) ;
#7583 = DIRECTION ( 'NONE',  ( 0.000000000000000000, 0.000000000000000000, 1.000000000000000000 ) ) ;
#7584 = ORIENTED_EDGE ( 'NONE', *, *, #7449, .F. ) ;
#7585 = VERTEX_POINT ( 'NONE', #4373 ) ;
#7586 = VECTOR ( 'NONE', #3794, 1000.000000000000114 ) ;
#7587 = FACE_OUTER_BOUND ( 'NONE', #522, .T. ) ;
#7588 = DIRECTION ( 'NONE',  ( -0.000000000000000000, -0.000000000000000000, 1.000000000000000000 ) ) ;
#7589 = CARTESIAN_POINT ( 'NONE',  ( -19.87303449400719302, -2.250000000000008438, 4.297508658907938539 ) ) ;
#7590 = LINE ( 'NONE', #508, #7795 ) ;
#7591 = CARTESIAN_POINT ( 'NONE',  ( 23.99999999999999289, 1.057958082495168038E-14, 3.999999999999999112 ) ) ;
#7592 = ORIENTED_EDGE ( 'NONE', *, *, #1902, .F. ) ;
#7593 = ORIENTED_EDGE ( 'NONE', *, *, #9139, .T. ) ;
#7594 = DIRECTION ( 'NONE',  ( 1.000000000000000000, 0.000000000000000000, 0.000000000000000000 ) ) ;
#7595 = CARTESIAN_POINT ( 'NONE',  ( 0.000000000000000000, 0.000000000000000000, 2.999999999999961808 ) ) ;
#7596 = CARTESIAN_POINT ( 'NONE',  ( 20.11140353916389145, 18.01475638705407789, 0.000000000000000000 ) ) ;
#7597 = ORIENTED_EDGE ( 'NONE', *, *, #1128, .F. ) ;
#7598 = ORIENTED_EDGE ( 'NONE', *, *, #8035, .F. ) ;
#7599 = DIRECTION ( 'NONE',  ( -0.6661197751397005540, -0.7458447862443196019, 0.000000000000000000 ) ) ;
#7600 = ORIENTED_EDGE ( 'NONE', *, *, #671, .F. ) ;
#7601 = SURFACE_STYLE_USAGE ( .BOTH. , #4762 ) ;
#7602 = DIRECTION ( 'NONE',  ( -0.8660254037844361541, 0.5000000000000042188, 0.000000000000000000 ) ) ;
#7603 = ADVANCED_FACE ( 'NONE', ( #3676 ), #1268, .F. ) ;
#7604 = EDGE_LOOP ( 'NONE', ( #8213, #7393, #8124, #89 ) ) ;
#7605 = ADVANCED_FACE ( 'NONE', ( #144 ), #5569, .T. ) ;
#7606 = ORIENTED_EDGE ( 'NONE', *, *, #2464, .T. ) ;
#7607 = VERTEX_POINT ( 'NONE', #4424 ) ;
#7608 = VERTEX_POINT ( 'NONE', #7267 ) ;
#7609 = CARTESIAN_POINT ( 'NONE',  ( -16.02383034850701193, -20.19350096351154278, 0.4999999999999830136 ) ) ;
#7610 = AXIS2_PLACEMENT_3D ( 'NONE', #1140, #5498, #2485 ) ;
#7611 = CARTESIAN_POINT ( 'NONE',  ( 25.65693844375873667, 8.409608177149221930, 0.4999999999999831246 ) ) ;
#7612 = FACE_OUTER_BOUND ( 'NONE', #1264, .T. ) ;
#7613 = CARTESIAN_POINT ( 'NONE',  ( -20.15529868040804473, -34.91000135619290745, 3.999999999999999112 ) ) ;
#7614 = DIRECTION ( 'NONE',  ( 0.8660254037844435926, -0.4999999999999912292, 0.000000000000000000 ) ) ;
#7615 = CARTESIAN_POINT ( 'NONE',  ( 23.49999999999999289, 3.780293665983591733, 8.000000000000000000 ) ) ;
#7616 = LINE ( 'NONE', #5364, #8221 ) ;
#7617 = ORIENTED_EDGE ( 'NONE', *, *, #5626, .T. ) ;
#7618 = ADVANCED_FACE ( 'NONE', ( #883 ), #6555, .F. ) ;
#7619 = ORIENTED_EDGE ( 'NONE', *, *, #4841, .T. ) ;
#7620 = VECTOR ( 'NONE', #2498, 1000.000000000000114 ) ;
#7621 = EDGE_CURVE ( 'NONE', #6060, #321, #8750, .T. ) ;
#7622 = ADVANCED_FACE ( 'NONE', ( #7747 ), #8109, .T. ) ;
#7623 = EDGE_CURVE ( 'NONE', #3318, #2054, #28, .T. ) ;
#7624 = EDGE_CURVE ( 'NONE', #9132, #5334, #5413, .T. ) ;
#7625 = ORIENTED_EDGE ( 'NONE', *, *, #8464, .F. ) ;
#7626 = DIRECTION ( 'NONE',  ( -0.000000000000000000, -0.000000000000000000, -1.000000000000000000 ) ) ;
#7627 = LINE ( 'NONE', #1251, #8720 ) ;
#7628 = LINE ( 'NONE', #4612, #7724 ) ;
#7629 = CARTESIAN_POINT ( 'NONE',  ( 0.000000000000000000, 0.000000000000000000, 0.000000000000000000 ) ) ;
#7630 = VECTOR ( 'NONE', #5662, 1000.000000000000114 ) ;
#7631 = AXIS2_PLACEMENT_3D ( 'NONE', #5611, #8443, #3456 ) ;
#7632 = CARTESIAN_POINT ( 'NONE',  ( 3.800000000000000711, -21.92623998774071481, 2.999999999999746869 ) ) ;
#7633 = ORIENTED_EDGE ( 'NONE', *, *, #8517, .T. ) ;
#7634 = CARTESIAN_POINT ( 'NONE',  ( 9.476169651492748258, 23.97379462949500351, -0.0009999999999992653654 ) ) ;
#7635 = VECTOR ( 'NONE', #4679, 1000.000000000000114 ) ;
#7636 = DIRECTION ( 'NONE',  ( 0.1729873939250869130, -0.9810602621904068732, -0.08715574274766207941 ) ) ;
#7637 = LINE ( 'NONE', #9011, #6128 ) ;
#7638 = LINE ( 'NONE', #5431, #6924 ) ;
#7639 = CARTESIAN_POINT ( 'NONE',  ( -23.50000000000000000, -3.780293665983591289, 8.000000000000000000 ) ) ;
#7640 = LINE ( 'NONE', #1171, #7927 ) ;
#7641 = EDGE_LOOP ( 'NONE', ( #168, #1179, #1634, #3589 ) ) ;
#7642 = AXIS2_PLACEMENT_3D ( 'NONE', #2108, #8427, #4897 ) ;
#7643 = CARTESIAN_POINT ( 'NONE',  ( 30.48241365603125175, 36.26523503103219781, 9.844464665484649046 ) ) ;
#7644 = DIRECTION ( 'NONE',  ( 0.000000000000000000, 0.000000000000000000, -1.000000000000000000 ) ) ;
#7645 = VECTOR ( 'NONE', #6370, 1000.000000000000000 ) ;
#7646 = DIRECTION ( 'NONE',  ( 0.4999999999999980016, -0.8660254037844398178, 0.000000000000000000 ) ) ;
#7647 = ORIENTED_EDGE ( 'NONE', *, *, #8641, .T. ) ;
#7648 = AXIS2_PLACEMENT_3D ( 'NONE', #6681, #3145, #8308 ) ;
#7649 = EDGE_LOOP ( 'NONE', ( #6493, #7864, #905, #4105 ) ) ;
#7650 = CARTESIAN_POINT ( 'NONE',  ( -17.32050807568853301, -9.999999999999973355, 5.762741699796959161 ) ) ;
#7651 = ORIENTED_EDGE ( 'NONE', *, *, #2334, .T. ) ;
#7652 = LINE ( 'NONE', #8165, #8795 ) ;
#7653 = VECTOR ( 'NONE', #4158, 1000.000000000000114 ) ;
#7654 = LINE ( 'NONE', #3974, #6621 ) ;
#7655 = CIRCLE ( 'NONE', #4079, 29.49999999999996447 ) ;
#7656 = CARTESIAN_POINT ( 'NONE',  ( 0.000000000000000000, 0.000000000000000000, 3.500000000000000444 ) ) ;
#7657 = ORIENTED_EDGE ( 'NONE', *, *, #7009, .F. ) ;
#7658 = ORIENTED_EDGE ( 'NONE', *, *, #767, .F. ) ;
#7659 = AXIS2_PLACEMENT_3D ( 'NONE', #4188, #9164, #3543 ) ;
#7660 = CARTESIAN_POINT ( 'NONE',  ( -3.799999999999999378, -21.22168702059287071, 7.500000000000007105 ) ) ;
#7661 = DIRECTION ( 'NONE',  ( 0.1729873939250869408, -0.9810602621904069842, -0.08715574274766209328 ) ) ;
#7662 = CARTESIAN_POINT ( 'NONE',  ( -19.27852007099597387, -5.587896168346493830, 7.500000000000007105 ) ) ;
#7663 = EDGE_CURVE ( 'NONE', #4508, #2691, #6609, .T. ) ;
#7664 = CARTESIAN_POINT ( 'NONE',  ( 0.000000000000000000, 0.000000000000000000, 0.4999999999999831246 ) ) ;
#7665 = CARTESIAN_POINT ( 'NONE',  ( 7.920032505485539609, 25.64221295270852252, 8.000000000000000000 ) ) ;
#7666 = ORIENTED_EDGE ( 'NONE', *, *, #2713, .T. ) ;
#7667 = CIRCLE ( 'NONE', #239, 2.000000000000000000 ) ;
#7668 = VERTEX_POINT ( 'NONE', #3410 ) ;
#7669 = CYLINDRICAL_SURFACE ( 'NONE', #6523, 0.4000000000000010214 ) ;
#7670 = CARTESIAN_POINT ( 'NONE',  ( -19.88578779143993103, 2.135102991664701744, 3.275029361239809589 ) ) ;
#7671 = CARTESIAN_POINT ( 'NONE',  ( -11.82647848069763796, -16.12870876301912304, 3.415301160803164926 ) ) ;
#7672 = PLANE ( 'NONE',  #3504 ) ;
#7673 = ADVANCED_FACE ( 'NONE', ( #1479 ), #8837, .F. ) ;
#7674 = AXIS2_PLACEMENT_3D ( 'NONE', #2971, #7259, #3565 ) ;
#7675 = EDGE_CURVE ( 'NONE', #8689, #626, #662, .T. ) ;
#7676 = DIRECTION ( 'NONE',  ( 1.000000000000000000, 0.000000000000000000, 0.000000000000000000 ) ) ;
#7677 = FACE_OUTER_BOUND ( 'NONE', #1863, .T. ) ;
#7678 = EDGE_LOOP ( 'NONE', ( #5060, #5832, #3802, #7955 ) ) ;
#7679 = LINE ( 'NONE', #7165, #8529 ) ;
#7680 = ORIENTED_EDGE ( 'NONE', *, *, #3651, .T. ) ;
#7681 = AXIS2_PLACEMENT_3D ( 'NONE', #1539, #2925, #7210 ) ;
#7682 = DIRECTION ( 'NONE',  ( 1.000000000000000000, 0.000000000000000000, 0.000000000000000000 ) ) ;
#7683 = CARTESIAN_POINT ( 'NONE',  ( -23.39299222405515266, 21.51785107312752032, 0.000000000000000000 ) ) ;
#7684 = DIRECTION ( 'NONE',  ( -0.000000000000000000, -0.000000000000000000, 1.000000000000000000 ) ) ;
#7685 = DIRECTION ( 'NONE',  ( -0.3535533905933251342, 0.6123724356957783721, 0.7071067811865358044 ) ) ;
#7686 = DIRECTION ( 'NONE',  ( 1.000000000000000000, 0.000000000000000000, 0.000000000000000000 ) ) ;
#7687 = EDGE_CURVE ( 'NONE', #1530, #8972, #1287, .T. ) ;
#7688 = EDGE_CURVE ( 'NONE', #2870, #2909, #7144, .T. ) ;
#7689 = CARTESIAN_POINT ( 'NONE',  ( 11.79194732619771457, 16.15404590582109634, 3.275029361239810033 ) ) ;
#7690 = FACE_OUTER_BOUND ( 'NONE', #7419, .T. ) ;
#7691 = ORIENTED_EDGE ( 'NONE', *, *, #4378, .T. ) ;
#7692 = CARTESIAN_POINT ( 'NONE',  ( -22.34600393240419081, -20.01639598561580513, 8.000000000000000000 ) ) ;
#7693 = CARTESIAN_POINT ( 'NONE',  ( 23.46762239271877348, 12.24999999999995381, -0.001000000000000132727 ) ) ;
#7694 = VERTEX_POINT ( 'NONE', #2708 ) ;
#7695 = ADVANCED_FACE ( 'NONE', ( #763 ), #3554, .T. ) ;
#7696 = ORIENTED_EDGE ( 'NONE', *, *, #5327, .F. ) ;
#7697 = DIRECTION ( 'NONE',  ( -0.8660254037844365982, 0.5000000000000035527, 0.000000000000000000 ) ) ;
#7698 = ORIENTED_EDGE ( 'NONE', *, *, #6110, .F. ) ;
#7699 = DIRECTION ( 'NONE',  ( 1.000000000000000000, 0.000000000000000000, 0.000000000000000000 ) ) ;
#7700 = CARTESIAN_POINT ( 'NONE',  ( 16.78661371934879298, 10.75355247408268333, 0.4999999999999831246 ) ) ;
#7701 = AXIS2_PLACEMENT_3D ( 'NONE', #4146, #5537, #1367 ) ;
#7702 = LINE ( 'NONE', #8439, #1309 ) ;
#7703 = DIRECTION ( 'NONE',  ( 1.000000000000000000, -1.734723475976805517E-15, 0.000000000000000000 ) ) ;
#7704 = ORIENTED_EDGE ( 'NONE', *, *, #9032, .F. ) ;
#7705 = EDGE_CURVE ( 'NONE', #2969, #1377, #5608, .T. ) ;
#7706 = EDGE_LOOP ( 'NONE', ( #7651, #2681, #6554, #5160 ) ) ;
#7707 = CARTESIAN_POINT ( 'NONE',  ( -1.360023205165817945E-15, 24.50000000000000000, 7.500000000000007105 ) ) ;
#7708 = VERTEX_POINT ( 'NONE', #8582 ) ;
#7709 = AXIS2_PLACEMENT_3D ( 'NONE', #8880, #5255, #1063 ) ;
#7710 = DIRECTION ( 'NONE',  ( 1.000000000000000000, 0.000000000000000000, 0.000000000000000000 ) ) ;
#7711 = DIRECTION ( 'NONE',  ( 0.000000000000000000, 0.000000000000000000, -1.000000000000000000 ) ) ;
#7712 = LINE ( 'NONE', #7000, #969 ) ;
#7713 = DIRECTION ( 'NONE',  ( 1.000000000000000000, 0.000000000000000000, 0.000000000000000000 ) ) ;
#7714 = ORIENTED_EDGE ( 'NONE', *, *, #3264, .T. ) ;
#7715 = AXIS2_PLACEMENT_3D ( 'NONE', #4318, #8450, #2091 ) ;
#7716 = ORIENTED_EDGE ( 'NONE', *, *, #3397, .T. ) ;
#7717 = FACE_BOUND ( 'NONE', #6158, .T. ) ;
#7718 = CARTESIAN_POINT ( 'NONE',  ( -19.87303449400720012, 2.249999999999992006, 3.853095518495519123 ) ) ;
#7719 = CARTESIAN_POINT ( 'NONE',  ( -17.08703448660355662, -10.18838811852070947, 0.000000000000000000 ) ) ;
#7720 = DIRECTION ( 'NONE',  ( -0.1442174361344399913, 0.6922436934453087831, 0.7071067811865519026 ) ) ;
#7721 = DIRECTION ( 'NONE',  ( -0.000000000000000000, -0.000000000000000000, 1.000000000000000000 ) ) ;
#7722 = ORIENTED_EDGE ( 'NONE', *, *, #4712, .T. ) ;
#7723 = CARTESIAN_POINT ( 'NONE',  ( -25.05961359711026049, -8.117321694993467673, 3.000000000000000000 ) ) ;
#7724 = VECTOR ( 'NONE', #4083, 1000.000000000000000 ) ;
#7725 = EDGE_CURVE ( 'NONE', #6196, #8551, #2224, .T. ) ;
#7726 = ADVANCED_FACE ( 'NONE', ( #9070 ), #669, .T. ) ;
#7727 = DIRECTION ( 'NONE',  ( 0.1729873939250869130, -0.9810602621904068732, -0.08715574274766207941 ) ) ;
#7728 = FACE_OUTER_BOUND ( 'NONE', #8473, .T. ) ;
#7729 = CARTESIAN_POINT ( 'NONE',  ( -19.99831799693273027, 0.2965945411097608564, 6.235181552354070789 ) ) ;
#7730 = CARTESIAN_POINT ( 'NONE',  ( 23.11762239271876851, 8.959103465619081774, 7.500000000000007105 ) ) ;
#7731 = DIRECTION ( 'NONE',  ( -0.000000000000000000, -0.000000000000000000, -1.000000000000000000 ) ) ;
#7732 = FACE_OUTER_BOUND ( 'NONE', #4594, .T. ) ;
#7733 = EDGE_CURVE ( 'NONE', #4486, #3123, #816, .T. ) ;
#7734 = CARTESIAN_POINT ( 'NONE',  ( 16.38661371934879440, 10.75355247408268333, 3.500000000000000444 ) ) ;
#7735 = ADVANCED_FACE ( 'NONE', ( #1334 ), #4534, .F. ) ;
#7736 = DIRECTION ( 'NONE',  ( 1.000000000000000000, 0.000000000000000000, 0.000000000000000000 ) ) ;
#7737 = ORIENTED_EDGE ( 'NONE', *, *, #8768, .F. ) ;
#7738 = VERTEX_POINT ( 'NONE', #4205 ) ;
#7739 = DIRECTION ( 'NONE',  ( 1.000000000000000000, 8.673617379884013384E-15, 0.000000000000000000 ) ) ;
#7740 = CARTESIAN_POINT ( 'NONE',  ( 19.99999999999999645, 0.2938397484322450293, 1.749999999999997113 ) ) ;
#7741 = VECTOR ( 'NONE', #1628, 999.9999999999998863 ) ;
#7742 = CARTESIAN_POINT ( 'NONE',  ( -25.65693844375873311, 8.409608177149218378, 0.000000000000000000 ) ) ;
#7743 = CARTESIAN_POINT ( 'NONE',  ( 0.000000000000000000, 0.000000000000000000, 2.999999999999961808 ) ) ;
#7744 = EDGE_LOOP ( 'NONE', ( #4788, #5092, #1135, #6802 ) ) ;
#7745 = DIRECTION ( 'NONE',  ( 1.000000000000000000, 0.000000000000000000, 0.000000000000000000 ) ) ;
#7746 = ORIENTED_EDGE ( 'NONE', *, *, #8527, .F. ) ;
#7747 = FACE_OUTER_BOUND ( 'NONE', #1693, .T. ) ;
#7748 = EDGE_LOOP ( 'NONE', ( #4539, #6213, #1053, #6031 ) ) ;
#7749 = VERTEX_POINT ( 'NONE', #3505 ) ;
#7750 = DIRECTION ( 'NONE',  ( 0.000000000000000000, 0.000000000000000000, 1.000000000000000000 ) ) ;
#7751 = CARTESIAN_POINT ( 'NONE',  ( 25.65693844375873667, 8.409608177149221930, 0.000000000000000000 ) ) ;
#7752 = DIRECTION ( 'NONE',  ( 1.000000000000000000, 0.000000000000000000, 0.000000000000000000 ) ) ;
#7753 = FACE_OUTER_BOUND ( 'NONE', #6642, .T. ) ;
#7754 = ORIENTED_EDGE ( 'NONE', *, *, #368, .F. ) ;
#7755 = EDGE_CURVE ( 'NONE', #4877, #5031, #8541, .T. ) ;
#7756 = ORIENTED_EDGE ( 'NONE', *, *, #3360, .T. ) ;
#7757 = AXIS2_PLACEMENT_3D ( 'NONE', #3049, #5152, #8000 ) ;
#7758 = DIRECTION ( 'NONE',  ( -0.000000000000000000, -1.000000000000000000, 0.000000000000000000 ) ) ;
#7759 = DIRECTION ( 'NONE',  ( -0.3535533905932696785, -0.6123724356958006876, 0.7071067811865442421 ) ) ;
#7760 = CARTESIAN_POINT ( 'NONE',  ( 17.87386918043093331, 20.01311571247318355, 7.500000000000007105 ) ) ;
#7761 = CARTESIAN_POINT ( 'NONE',  ( -25.65693844375873311, 8.409608177149218378, 0.4999999999999831246 ) ) ;
#7762 = AXIS2_PLACEMENT_3D ( 'NONE', #3080, #6482, #8622 ) ;
#7763 = LINE ( 'NONE', #4227, #3602 ) ;
#7764 = DIRECTION ( 'NONE',  ( 0.000000000000000000, 0.000000000000000000, -1.000000000000000000 ) ) ;
#7765 = FACE_OUTER_BOUND ( 'NONE', #1235, .T. ) ;
#7766 = CARTESIAN_POINT ( 'NONE',  ( -3.799999999999999378, -21.22168702059287071, 3.500000000000000444 ) ) ;
#7767 = AXIS2_PLACEMENT_3D ( 'NONE', #2284, #4371, #2245 ) ;
#7768 = DIRECTION ( 'NONE',  ( 1.000000000000000000, 0.000000000000000000, 0.000000000000000000 ) ) ;
#7769 = CIRCLE ( 'NONE', #7482, 4.299999999999990941 ) ;
#7770 = FACE_OUTER_BOUND ( 'NONE', #5144, .T. ) ;
#7771 = DIRECTION ( 'NONE',  ( 1.000000000000000000, 0.000000000000000000, 0.000000000000000000 ) ) ;
#7772 = EDGE_CURVE ( 'NONE', #1708, #153, #5655, .T. ) ;
#7773 = EDGE_CURVE ( 'NONE', #4889, #6531, #1429, .T. ) ;
#7774 = AXIS2_PLACEMENT_3D ( 'NONE', #8055, #5328, #1110 ) ;
#7775 = CARTESIAN_POINT ( 'NONE',  ( 0.000000000000000000, 0.000000000000000000, 8.000000000000000000 ) ) ;
#7776 = VECTOR ( 'NONE', #7588, 1000.000000000000000 ) ;
#7777 = ORIENTED_EDGE ( 'NONE', *, *, #6641, .T. ) ;
#7778 = VECTOR ( 'NONE', #4212, 1000.000000000000000 ) ;
#7779 = FACE_OUTER_BOUND ( 'NONE', #1626, .T. ) ;
#7780 = DIRECTION ( 'NONE',  ( -0.7071067811865465735, 0.000000000000000000, 0.7071067811865483499 ) ) ;
#7781 = CARTESIAN_POINT ( 'NONE',  ( -25.65693844375873667, -8.409608177149221930, 0.000000000000000000 ) ) ;
#7782 = EDGE_LOOP ( 'NONE', ( #3755, #257, #6147, #2815 ) ) ;
#7783 = VERTEX_POINT ( 'NONE', #3703 ) ;
#7784 = EDGE_LOOP ( 'NONE', ( #3979, #3661, #1757, #3939 ) ) ;
#7785 = CARTESIAN_POINT ( 'NONE',  ( -26.14196457602559676, 28.76897837722669493, -18.16314593833186919 ) ) ;
#7786 = CARTESIAN_POINT ( 'NONE',  ( -21.21762239271860651, 12.25000000000024691, 3.500000000000000444 ) ) ;
#7787 = DIRECTION ( 'NONE',  ( -1.000000000000000000, 0.000000000000000000, 0.000000000000000000 ) ) ;
#7788 = AXIS2_PLACEMENT_3D ( 'NONE', #7786, #2660, #1421 ) ;
#7789 = ADVANCED_FACE ( 'NONE', ( #1667 ), #3789, .T. ) ;
#7790 = DIRECTION ( 'NONE',  ( 0.000000000000000000, -0.000000000000000000, 1.000000000000000000 ) ) ;
#7791 = ADVANCED_FACE ( 'NONE', ( #6618 ), #8726, .F. ) ;
#7792 = DIRECTION ( 'NONE',  ( -0.3128606445978930894, -0.9497990403563222328, 0.000000000000000000 ) ) ;
#7793 = ADVANCED_FACE ( 'NONE', ( #5145 ), #5131, .F. ) ;
#7794 = DIRECTION ( 'NONE',  ( -0.000000000000000000, -0.000000000000000000, -1.000000000000000000 ) ) ;
#7795 = VECTOR ( 'NONE', #9014, 1000.000000000000114 ) ;
#7796 = ORIENTED_EDGE ( 'NONE', *, *, #5438, .F. ) ;
#7797 = DIRECTION ( 'NONE',  ( 0.000000000000000000, 0.000000000000000000, -1.000000000000000000 ) ) ;
#7798 = ORIENTED_EDGE ( 'NONE', *, *, #3570, .F. ) ;
#7799 = VECTOR ( 'NONE', #580, 1000.000000000000000 ) ;
#7800 = DIRECTION ( 'NONE',  ( 0.1093943731989199253, -0.6985934948970105030, 0.7071067811865445751 ) ) ;
#7801 = VERTEX_POINT ( 'NONE', #6490 ) ;
#7802 = DIRECTION ( 'NONE',  ( -1.000000000000000000, 0.000000000000000000, 0.000000000000000000 ) ) ;
#7803 = DIRECTION ( 'NONE',  ( -0.3535533905932746190, -0.6123724356957976900, 0.7071067811865442421 ) ) ;
#7804 = LINE ( 'NONE', #7248, #7778 ) ;
#7805 = CIRCLE ( 'NONE', #4819, 3.800000000000001155 ) ;
#7806 = DIRECTION ( 'NONE',  ( 0.7071067811865525687, 6.133173666733662213E-16, 0.7071067811865425767 ) ) ;
#7807 = CARTESIAN_POINT ( 'NONE',  ( 8.051471090958266075, 24.44308559639185319, -0.0009999999999992653654 ) ) ;
#7808 = ADVANCED_FACE ( 'NONE', ( #3835 ), #7244, .T. ) ;
#7809 = AXIS2_PLACEMENT_3D ( 'NONE', #8263, #1949, #8945 ) ;
#7810 = CARTESIAN_POINT ( 'NONE',  ( 29.99637737459479325, 39.02168375761737451, -22.14792473069885403 ) ) ;
#7811 = ORIENTED_EDGE ( 'NONE', *, *, #3709, .F. ) ;
#7812 = ORIENTED_EDGE ( 'NONE', *, *, #42, .F. ) ;
#7813 = CARTESIAN_POINT ( 'NONE',  ( -8.051471090958095544, -24.44308559639190648, 0.4999999999999831246 ) ) ;
#7814 = CIRCLE ( 'NONE', #3488, 2.000000000000001776 ) ;
#7815 = FACE_OUTER_BOUND ( 'NONE', #2632, .T. ) ;
#7816 = CARTESIAN_POINT ( 'NONE',  ( -11.25921680415686943, -16.53000716386271307, 2.303810620186166336 ) ) ;
#7817 = CARTESIAN_POINT ( 'NONE',  ( -25.19406861883199866, 5.248764295590000017, -0.0009999999999992653654 ) ) ;
#7818 = ADVANCED_FACE ( 'NONE', ( #904 ), #7941, .F. ) ;
#7819 = CARTESIAN_POINT ( 'NONE',  ( -5.274050206253192208, 29.32377697670028027, 7.999999999999998224 ) ) ;
#7820 = VECTOR ( 'NONE', #8289, 1000.000000000000000 ) ;
#7821 = CARTESIAN_POINT ( 'NONE',  ( 5.799999999999999822, 21.22168702059287071, 8.000000000000000000 ) ) ;
#7822 = LINE ( 'NONE', #9049, #822 ) ;
#7823 = VERTEX_POINT ( 'NONE', #8804 ) ;
#7824 = CARTESIAN_POINT ( 'NONE',  ( -6.754034138861511494, 30.57401029349516008, 0.000000000000000000 ) ) ;
#7825 = EDGE_LOOP ( 'NONE', ( #1549, #8303, #4475, #5975 ) ) ;
#7826 = DIRECTION ( 'NONE',  ( 0.000000000000000000, 0.000000000000000000, 1.000000000000000000 ) ) ;
#7827 = VECTOR ( 'NONE', #6670, 1000.000000000000000 ) ;
#7828 = DIRECTION ( 'NONE',  ( 0.000000000000000000, 0.000000000000000000, 1.000000000000000000 ) ) ;
#7829 = DIRECTION ( 'NONE',  ( 0.8660254037844365982, -0.5000000000000035527, 0.000000000000000000 ) ) ;
#7830 = PLANE ( 'NONE',  #1286 ) ;
#7831 = CARTESIAN_POINT ( 'NONE',  ( 0.000000000000000000, 0.000000000000000000, 0.4999999999999831246 ) ) ;
#7832 = CIRCLE ( 'NONE', #8567, 1.300000000000006040 ) ;
#7833 = CARTESIAN_POINT ( 'NONE',  ( 11.26143607179053063, 16.52848646670001287, 5.693674694792238533 ) ) ;
#7834 = DIRECTION ( 'NONE',  ( 0.000000000000000000, 0.000000000000000000, -1.000000000000000000 ) ) ;
#7835 = ORIENTED_EDGE ( 'NONE', *, *, #7351, .T. ) ;
#7836 = EDGE_CURVE ( 'NONE', #153, #8136, #121, .T. ) ;
#7837 = VERTEX_POINT ( 'NONE', #1707 ) ;
#7838 = ORIENTED_EDGE ( 'NONE', *, *, #1301, .T. ) ;
#7839 = CARTESIAN_POINT ( 'NONE',  ( -5.278380628601532010, 29.48949317762624389, 0.000000000000000000 ) ) ;
#7840 = CARTESIAN_POINT ( 'NONE',  ( 19.96978620433573326, 1.131866472346487740, 2.033452458559462883 ) ) ;
#7841 = DIRECTION ( 'NONE',  ( -0.000000000000000000, -0.000000000000000000, -1.000000000000000000 ) ) ;
#7842 = CARTESIAN_POINT ( 'NONE',  ( -19.90338220536637692, 1.966744456653357842, 5.131507876459468598 ) ) ;
#7843 = ORIENTED_EDGE ( 'NONE', *, *, #6858, .F. ) ;
#7844 = EDGE_CURVE ( 'NONE', #8667, #2274, #4554, .T. ) ;
#7845 = DIRECTION ( 'NONE',  ( -0.000000000000000000, -0.000000000000000000, 1.000000000000000000 ) ) ;
#7846 = AXIS2_PLACEMENT_3D ( 'NONE', #7465, #244, #2432 ) ;
#7847 = ORIENTED_EDGE ( 'NONE', *, *, #3960, .F. ) ;
#7848 = CARTESIAN_POINT ( 'NONE',  ( -21.27852007099597387, -5.587896168346493830, 8.000000000000000000 ) ) ;
#7849 = ORIENTED_EDGE ( 'NONE', *, *, #8672, .T. ) ;
#7850 = EDGE_CURVE ( 'NONE', #3300, #1273, #4494, .T. ) ;
#7851 = EDGE_CURVE ( 'NONE', #1749, #5610, #8251, .T. ) ;
#7852 = ORIENTED_EDGE ( 'NONE', *, *, #5249, .F. ) ;
#7853 = EDGE_CURVE ( 'NONE', #5059, #8643, #5226, .T. ) ;
#7854 = DIRECTION ( 'NONE',  ( -0.8660254037844410391, -0.4999999999999958367, 0.000000000000000000 ) ) ;
#7855 = CARTESIAN_POINT ( 'NONE',  ( 25.65693844375873667, 8.409608177149221930, 0.000000000000000000 ) ) ;
#7856 = VERTEX_POINT ( 'NONE', #997 ) ;
#7857 = AXIS2_PLACEMENT_3D ( 'NONE', #1554, #3112, #2250 ) ;
#7858 = DIRECTION ( 'NONE',  ( 0.000000000000000000, 0.000000000000000000, -1.000000000000000000 ) ) ;
#7859 = AXIS2_PLACEMENT_3D ( 'NONE', #6823, #5584, #3388 ) ;
#7860 = CARTESIAN_POINT ( 'NONE',  ( -5.545534904594551229, -26.42436456420330515, 8.000000000000000000 ) ) ;
#7861 = CARTESIAN_POINT ( 'NONE',  ( -4.984013201665021597, 29.91526335219174371, 0.5065766743922165416 ) ) ;
#7862 = ORIENTED_EDGE ( 'NONE', *, *, #5802, .T. ) ;
#7863 = ORIENTED_EDGE ( 'NONE', *, *, #3988, .T. ) ;
#7864 = ORIENTED_EDGE ( 'NONE', *, *, #4656, .F. ) ;
#7865 = CARTESIAN_POINT ( 'NONE',  ( -6.487131141858833772, 29.91036595563832989, 7.999999999999994671 ) ) ;
#7866 = EDGE_CURVE ( 'NONE', #7206, #6942, #4537, .T. ) ;
#7867 = EDGE_CURVE ( 'NONE', #2274, #8667, #673, .T. ) ;
#7868 = ORIENTED_EDGE ( 'NONE', *, *, #6123, .T. ) ;
#7869 = DIRECTION ( 'NONE',  ( -0.3128606445978930894, -0.9497990403563223438, 0.000000000000000000 ) ) ;
#7870 = DIRECTION ( 'NONE',  ( 1.000000000000000000, -3.469446951953614189E-15, 0.000000000000000000 ) ) ;
#7871 = CARTESIAN_POINT ( 'NONE',  ( 19.95331765061174067, 1.371169708367883100, 5.789965781111553689 ) ) ;
#7872 = CARTESIAN_POINT ( 'NONE',  ( -5.888043968169516695, 29.54807219413949326, 8.000000000000001776 ) ) ;
#7873 = DIRECTION ( 'NONE',  ( 0.000000000000000000, 0.000000000000000000, -1.000000000000000000 ) ) ;
#7874 = DIRECTION ( 'NONE',  ( 1.000000000000000000, 0.000000000000000000, 0.000000000000000000 ) ) ;
#7875 = CIRCLE ( 'NONE', #7122, 20.00000000000000000 ) ;
#7876 = CARTESIAN_POINT ( 'NONE',  ( 0.000000000000000000, 0.000000000000000000, 8.000000000000000000 ) ) ;
#7877 = ORIENTED_EDGE ( 'NONE', *, *, #1, .F. ) ;
#7878 = DIRECTION ( 'NONE',  ( -1.000000000000000000, 0.000000000000000000, 0.000000000000000000 ) ) ;
#7879 = FACE_OUTER_BOUND ( 'NONE', #1814, .T. ) ;
#7880 = PLANE ( 'NONE',  #8125 ) ;
#7881 = LINE ( 'NONE', #5681, #485 ) ;
#7882 = DIRECTION ( 'NONE',  ( 1.000000000000000000, 0.000000000000000000, 0.000000000000000000 ) ) ;
#7883 = CARTESIAN_POINT ( 'NONE',  ( -3.800000000000000711, 21.22168702059287071, 7.500000000000007105 ) ) ;
#7884 = VECTOR ( 'NONE', #8262, 1000.000000000000000 ) ;
#7885 = CARTESIAN_POINT ( 'NONE',  ( -23.50000000000000355, 3.780293665983593066, 0.000000000000000000 ) ) ;
#7886 = EDGE_LOOP ( 'NONE', ( #6491, #6321, #3790, #7178 ) ) ;
#7887 = EDGE_LOOP ( 'NONE', ( #903, #2768, #872, #8369, #1347 ) ) ;
#7888 = ORIENTED_EDGE ( 'NONE', *, *, #612, .T. ) ;
#7889 = CARTESIAN_POINT ( 'NONE',  ( -6.816053011921393789, 30.65382586459853442, 0.000000000000000000 ) ) ;
#7890 = DIRECTION ( 'NONE',  ( 0.3535533905932697341, -0.6123724356957948034, 0.7071067811865492381 ) ) ;
#7891 = CIRCLE ( 'NONE', #5341, 1.999999999999991340 ) ;
#7892 = CARTESIAN_POINT ( 'NONE',  ( 5.799999999999999822, 21.22168702059287071, 7.500000000000007105 ) ) ;
#7893 = DIRECTION ( 'NONE',  ( -1.000000000000000000, 0.000000000000000000, 0.000000000000000000 ) ) ;
#7894 = PLANE ( 'NONE',  #9160 ) ;
#7895 = DIRECTION ( 'NONE',  ( -0.000000000000000000, -0.000000000000000000, 1.000000000000000000 ) ) ;
#7896 = ORIENTED_EDGE ( 'NONE', *, *, #7039, .T. ) ;
#7897 = ORIENTED_EDGE ( 'NONE', *, *, #3264, .F. ) ;
#7898 = LINE ( 'NONE', #9111, #9002 ) ;
#7899 = CIRCLE ( 'NONE', #8901, 29.50000000000000711 ) ;
#7900 = DIRECTION ( 'NONE',  ( -5.569525272319630567E-16, 1.000000000000000000, 0.000000000000000000 ) ) ;
#7901 = CARTESIAN_POINT ( 'NONE',  ( 5.799999999999999822, 21.22168702059287071, 8.000000000000000000 ) ) ;
#7902 = DIRECTION ( 'NONE',  ( 1.000000000000000000, 0.000000000000000000, 0.000000000000000000 ) ) ;
#7903 = CYLINDRICAL_SURFACE ( 'NONE', #2420, 2.000000000000000000 ) ;
#7904 = ORIENTED_EDGE ( 'NONE', *, *, #8329, .T. ) ;
#7905 = DIRECTION ( 'NONE',  ( -0.9789804197376049677, 0.2039542541120011598, 0.000000000000000000 ) ) ;
#7906 = ORIENTED_EDGE ( 'NONE', *, *, #7389, .F. ) ;
#7907 = DIRECTION ( 'NONE',  ( 1.000000000000000000, 9.912705577010326536E-16, 0.000000000000000000 ) ) ;
#7908 = DIRECTION ( 'NONE',  ( 4.588859039144119206E-16, -1.000000000000000000, 0.000000000000000000 ) ) ;
#7909 = CARTESIAN_POINT ( 'NONE',  ( -3.955386370665600726, 29.56996273985698664, 7.666666666666671404 ) ) ;
#7910 = FACE_OUTER_BOUND ( 'NONE', #3689, .T. ) ;
#7911 = CARTESIAN_POINT ( 'NONE',  ( 25.19406861883199866, -5.248764295590000017, 0.4999999999999831246 ) ) ;
#7912 = EDGE_CURVE ( 'NONE', #8030, #8315, #7329, .T. ) ;
#7913 = CARTESIAN_POINT ( 'NONE',  ( -2.250000000000000888, 24.50000000000000000, -0.001000000000000132727 ) ) ;
#7914 = CARTESIAN_POINT ( 'NONE',  ( -28.15693844375873667, -8.409608177149221930, 8.000000000000000000 ) ) ;
#7915 = EDGE_CURVE ( 'NONE', #8487, #2413, #945, .T. ) ;
#7916 = ADVANCED_FACE ( 'NONE', ( #2993 ), #8678, .T. ) ;
#7917 = DIRECTION ( 'NONE',  ( -0.000000000000000000, -0.000000000000000000, 1.000000000000000000 ) ) ;
#7918 = EDGE_CURVE ( 'NONE', #2323, #6504, #7071, .T. ) ;
#7919 = CARTESIAN_POINT ( 'NONE',  ( -12.99156249370307847, 34.74711020971982833, -2.017426793364849757 ) ) ;
#7920 = CARTESIAN_POINT ( 'NONE',  ( -10.44670740485510763, 31.45963614081155768, -17.29820896870639757 ) ) ;
#7921 = DIRECTION ( 'NONE',  ( -0.4974984774969712920, -0.5024890694216079812, 0.7071067811865489050 ) ) ;
#7922 = AXIS2_PLACEMENT_3D ( 'NONE', #1715, #3973, #3405 ) ;
#7923 = CARTESIAN_POINT ( 'NONE',  ( -24.55961359711024627, -7.251296291209022193, 0.2999999999999947153 ) ) ;
#7924 = ORIENTED_EDGE ( 'NONE', *, *, #5626, .F. ) ;
#7925 = EDGE_CURVE ( 'NONE', #2278, #2497, #85, .T. ) ;
#7926 = AXIS2_PLACEMENT_3D ( 'NONE', #1352, #7720, #9005 ) ;
#7927 = VECTOR ( 'NONE', #6228, 1000.000000000000000 ) ;
#7928 = CARTESIAN_POINT ( 'NONE',  ( -4.625319087819086405, 29.30516692806063617, 0.000000000000000000 ) ) ;
#7929 = ORIENTED_EDGE ( 'NONE', *, *, #2442, .T. ) ;
#7930 = ORIENTED_EDGE ( 'NONE', *, *, #4432, .T. ) ;
#7931 = ORIENTED_EDGE ( 'NONE', *, *, #3860, .T. ) ;
#7932 = CARTESIAN_POINT ( 'NONE',  ( -5.634857426100425393, 30.22862383665210473, 0.5096686354125761209 ) ) ;
#7933 = AXIS2_PLACEMENT_3D ( 'NONE', #4022, #1345, #8947 ) ;
#7934 = CIRCLE ( 'NONE', #4523, 3.800000000000001155 ) ;
#7935 = DIRECTION ( 'NONE',  ( -0.1729873939250868853, 0.9810602621904069842, 0.08715574274766180185 ) ) ;
#7936 = DIRECTION ( 'NONE',  ( 0.1729873939250869408, -0.9810602621904072063, -0.08715574274766206553 ) ) ;
#7937 = ORIENTED_EDGE ( 'NONE', *, *, #5749, .T. ) ;
#7938 = DIRECTION ( 'NONE',  ( -0.8660254037844397068, -0.4999999999999979461, 0.000000000000000000 ) ) ;
#7939 = ORIENTED_EDGE ( 'NONE', *, *, #5674, .T. ) ;
#7940 = AXIS2_PLACEMENT_3D ( 'NONE', #4935, #6419, #4852 ) ;
#7941 = PLANE ( 'NONE',  #8710 ) ;
#7942 = EDGE_LOOP ( 'NONE', ( #9026, #4208, #3521, #1074 ) ) ;
#7943 = CIRCLE ( 'NONE', #5390, 2.000000000000001776 ) ;
#7944 = CIRCLE ( 'NONE', #1993, 0.4000000000000010214 ) ;
#7945 = ORIENTED_EDGE ( 'NONE', *, *, #115, .F. ) ;
#7946 = DIRECTION ( 'NONE',  ( -0.4999999999999958367, 0.8660254037844410391, 0.000000000000000000 ) ) ;
#7947 = DIRECTION ( 'NONE',  ( -0.1442174361344391864, -0.6922436934453076729, 0.7071067811865530128 ) ) ;
#7948 = LINE ( 'NONE', #2268, #5107 ) ;
#7949 = VECTOR ( 'NONE', #1319, 1000.000000000000000 ) ;
#7950 = CARTESIAN_POINT ( 'NONE',  ( -23.46762239271860295, 12.25000000000024691, -0.001000000000000132727 ) ) ;
#7951 = DIRECTION ( 'NONE',  ( 1.000000000000000000, 0.000000000000000000, 0.000000000000000000 ) ) ;
#7952 = AXIS2_PLACEMENT_3D ( 'NONE', #2037, #1152, #5511 ) ;
#7953 = ORIENTED_EDGE ( 'NONE', *, *, #7009, .T. ) ;
#7954 = CARTESIAN_POINT ( 'NONE',  ( -9.460770518423402109, 32.06432400227419777, -22.14792473069884693 ) ) ;
#7955 = ORIENTED_EDGE ( 'NONE', *, *, #821, .F. ) ;
#7956 = ORIENTED_EDGE ( 'NONE', *, *, #1315, .T. ) ;
#7957 = VERTEX_POINT ( 'NONE', #8122 ) ;
#7958 = AXIS2_PLACEMENT_3D ( 'NONE', #5673, #6265, #9097 ) ;
#7959 = CARTESIAN_POINT ( 'NONE',  ( 19.31762239271878556, 15.54089653438082408, 3.500000000000000444 ) ) ;
#7960 = EDGE_CURVE ( 'NONE', #4116, #7856, #2609, .T. ) ;
#7961 = AXIS2_PLACEMENT_3D ( 'NONE', #8518, #8715, #5687 ) ;
#7962 = CARTESIAN_POINT ( 'NONE',  ( -23.62152707728396095, 17.67126080779583930, 0.000000000000000000 ) ) ;
#7963 = CARTESIAN_POINT ( 'NONE',  ( 8.394932025663695896, 25.48578263040957381, 7.500000000000007105 ) ) ;
#7964 = AXIS2_PLACEMENT_3D ( 'NONE', #8810, #7430, #5196 ) ;
#7965 = CARTESIAN_POINT ( 'NONE',  ( -6.244843963497846318, 29.96921036553340301, 7.818517011784570592 ) ) ;
#7966 = DIRECTION ( 'NONE',  ( -1.000000000000000000, 0.000000000000000000, 0.000000000000000000 ) ) ;
#7967 = AXIS2_PLACEMENT_3D ( 'NONE', #574, #2910, #5756 ) ;
#7968 = AXIS2_PLACEMENT_3D ( 'NONE', #7493, #8754, #8020 ) ;
#7969 = ADVANCED_FACE ( 'NONE', ( #1882 ), #5577, .T. ) ;
#7970 = LINE ( 'NONE', #7167, #7414 ) ;
#7971 = DIRECTION ( 'NONE',  ( 0.000000000000000000, 0.000000000000000000, 1.000000000000000000 ) ) ;
#7972 = ADVANCED_FACE ( 'NONE', ( #1177 ), #5277, .T. ) ;
#7973 = DIRECTION ( 'NONE',  ( 0.9848077530122081313, 0.1736481776669296373, 0.000000000000000000 ) ) ;
#7974 = EDGE_CURVE ( 'NONE', #3129, #672, #8974, .T. ) ;
#7975 = DIRECTION ( 'NONE',  ( 1.000000000000000000, 0.000000000000000000, 0.000000000000000000 ) ) ;
#7976 = VECTOR ( 'NONE', #5579, 1000.000000000000114 ) ;
#7977 = CARTESIAN_POINT ( 'NONE',  ( -21.27852007099597387, -5.587896168346493830, 7.500000000000007105 ) ) ;
#7978 = AXIS2_PLACEMENT_3D ( 'NONE', #1939, #4763, #1225 ) ;
#7979 = VERTEX_POINT ( 'NONE', #7426 ) ;
#7980 = CARTESIAN_POINT ( 'NONE',  ( 8.545534904594736858, 26.42436456420327318, 0.4999999999999831246 ) ) ;
#7981 = DIRECTION ( 'NONE',  ( 0.4999999999999952816, -0.8660254037844413721, 0.000000000000000000 ) ) ;
#7982 = ORIENTED_EDGE ( 'NONE', *, *, #6076, .T. ) ;
#7983 = EDGE_CURVE ( 'NONE', #1623, #2357, #8980, .T. ) ;
#7984 = ORIENTED_EDGE ( 'NONE', *, *, #2008, .T. ) ;
#7985 = EDGE_CURVE ( 'NONE', #3370, #7254, #6058, .T. ) ;
#7986 = CARTESIAN_POINT ( 'NONE',  ( -5.904489852288782537, 29.80762937473571483, 0.000000000000000000 ) ) ;
#7987 = ORIENTED_EDGE ( 'NONE', *, *, #1921, .T. ) ;
#7988 = AXIS2_PLACEMENT_3D ( 'NONE', #8602, #137, #878 ) ;
#7989 = CARTESIAN_POINT ( 'NONE',  ( -23.39299222405514911, 21.51785107312752388, 8.000000000000000000 ) ) ;
#7990 = CIRCLE ( 'NONE', #1886, 1.199999999999995959 ) ;
#7991 = CARTESIAN_POINT ( 'NONE',  ( -16.22852007099606197, -14.33475274656936449, 8.000000000000000000 ) ) ;
#7992 = ORIENTED_EDGE ( 'NONE', *, *, #196, .T. ) ;
#7993 = CARTESIAN_POINT ( 'NONE',  ( -15.47852007099574045, 15.63379085224636178, -0.0009999999999992653654 ) ) ;
#7994 = ORIENTED_EDGE ( 'NONE', *, *, #1018, .F. ) ;
#7995 = EDGE_CURVE ( 'NONE', #7856, #3753, #4992, .T. ) ;
#7996 = CARTESIAN_POINT ( 'NONE',  ( 23.11762239271876851, 8.959103465619079998, 7.500000000000006217 ) ) ;
#7997 = EDGE_LOOP ( 'NONE', ( #5580, #4270, #7502, #1010 ) ) ;
#7998 = LINE ( 'NONE', #6752, #1953 ) ;
#7999 = DIRECTION ( 'NONE',  ( -0.000000000000000000, -0.000000000000000000, -1.000000000000000000 ) ) ;
#8000 = DIRECTION ( 'NONE',  ( 1.000000000000000000, 0.000000000000000000, 0.000000000000000000 ) ) ;
#8001 = DIRECTION ( 'NONE',  ( -0.5911778408997996337, -0.3879545855239466268, 0.7071067811865432429 ) ) ;
#8002 = ORIENTED_EDGE ( 'NONE', *, *, #5510, .F. ) ;
#8003 = AXIS2_PLACEMENT_3D ( 'NONE', #6288, #5549, #7745 ) ;
#8004 = ORIENTED_EDGE ( 'NONE', *, *, #3351, .F. ) ;
#8005 = FACE_OUTER_BOUND ( 'NONE', #237, .T. ) ;
#8006 = EDGE_LOOP ( 'NONE', ( #3029, #5609, #3751, #1677 ) ) ;
#8007 = VERTEX_POINT ( 'NONE', #8247 ) ;
#8008 = DIRECTION ( 'NONE',  ( 1.000000000000000000, 0.000000000000000000, 0.000000000000000000 ) ) ;
#8009 = DIRECTION ( 'NONE',  ( 1.000000000000000000, 1.387778780781438773E-15, 0.000000000000000000 ) ) ;
#8010 = VECTOR ( 'NONE', #46, 1000.000000000000000 ) ;
#8011 = AXIS2_PLACEMENT_3D ( 'NONE', #6925, #410, #548 ) ;
#8012 = PLANE ( 'NONE',  #4147 ) ;
#8013 = DIRECTION ( 'NONE',  ( 0.9848077530122086864, 0.1736481776669268340, 0.000000000000000000 ) ) ;
#8014 = CARTESIAN_POINT ( 'NONE',  ( -6.118013586154699368, 30.25697960830038724, 7.528249242499815530 ) ) ;
#8015 = CARTESIAN_POINT ( 'NONE',  ( -23.99999999999999645, 3.780293665983592621, 7.500000000000009770 ) ) ;
#8016 = ORIENTED_EDGE ( 'NONE', *, *, #2439, .F. ) ;
#8017 = VERTEX_POINT ( 'NONE', #6749 ) ;
#8018 = VECTOR ( 'NONE', #1404, 1000.000000000000000 ) ;
#8019 = PLANE ( 'NONE',  #6955 ) ;
#8020 = DIRECTION ( 'NONE',  ( -1.000000000000000000, 0.000000000000000000, 0.000000000000000000 ) ) ;
#8021 = CARTESIAN_POINT ( 'NONE',  ( 19.97553090488798944, -0.9983807313905410652, 6.021755425571740261 ) ) ;
#8022 = CIRCLE ( 'NONE', #5320, 30.00000000000000000 ) ;
#8023 = CARTESIAN_POINT ( 'NONE',  ( -19.82771188433704168, 5.206903247777826316, 8.000000000000000000 ) ) ;
#8024 = EDGE_CURVE ( 'NONE', #7783, #6562, #3492, .T. ) ;
#8025 = EDGE_CURVE ( 'NONE', #5243, #859, #5887, .T. ) ;
#8026 = ORIENTED_EDGE ( 'NONE', *, *, #8197, .F. ) ;
#8027 = EDGE_CURVE ( 'NONE', #4037, #3411, #9025, .T. ) ;
#8028 = DIRECTION ( 'NONE',  ( 1.000000000000000000, 0.000000000000000000, 0.000000000000000000 ) ) ;
#8029 = ORIENTED_EDGE ( 'NONE', *, *, #6369, .T. ) ;
#8030 = VERTEX_POINT ( 'NONE', #4048 ) ;
#8031 = CARTESIAN_POINT ( 'NONE',  ( -5.132014857405574837, 29.43663445537686485, 0.000000000000000000 ) ) ;
#8032 = DIRECTION ( 'NONE',  ( -0.9789804197376047457, -0.2039542541120019370, 0.000000000000000000 ) ) ;
#8033 = CARTESIAN_POINT ( 'NONE',  ( 28.50770938195415027, 9.344009085721356911, 8.000000000000000000 ) ) ;
#8034 = EDGE_CURVE ( 'NONE', #4746, #6922, #7514, .T. ) ;
#8035 = EDGE_CURVE ( 'NONE', #8442, #6248, #9130, .T. ) ;
#8036 = EDGE_CURVE ( 'NONE', #472, #414, #1043, .T. ) ;
#8037 = ORIENTED_EDGE ( 'NONE', *, *, #7624, .T. ) ;
#8038 = CARTESIAN_POINT ( 'NONE',  ( 17.44427368066899930, 9.209631683944740743, 5.762741699796959161 ) ) ;
#8039 = ORIENTED_EDGE ( 'NONE', *, *, #979, .F. ) ;
#8040 = ORIENTED_EDGE ( 'NONE', *, *, #2890, .T. ) ;
#8041 = DIRECTION ( 'NONE',  ( 0.5273919060659866265, -0.4710178100837379978, 0.7071067811865512365 ) ) ;
#8042 = LINE ( 'NONE', #2441, #3480 ) ;
#8043 = ORIENTED_EDGE ( 'NONE', *, *, #3017, .T. ) ;
#8044 = DIRECTION ( 'NONE',  ( 0.8660254037844410391, 0.4999999999999958367, -0.000000000000000000 ) ) ;
#8045 = DIRECTION ( 'NONE',  ( 0.1442174361344396583, 0.6922436934453175539, 0.7071067811865433539 ) ) ;
#8046 = CARTESIAN_POINT ( 'NONE',  ( -22.86679327408264228, -8.583347098777874606, 0.2999999999999947153 ) ) ;
#8047 = EDGE_LOOP ( 'NONE', ( #926, #3087, #1279, #8172 ) ) ;
#8048 = LINE ( 'NONE', #131, #6940 ) ;
#8049 = EDGE_LOOP ( 'NONE', ( #5317, #8002, #5272, #392 ) ) ;
#8050 = ORIENTED_EDGE ( 'NONE', *, *, #3569, .T. ) ;
#8051 = ORIENTED_EDGE ( 'NONE', *, *, #9032, .T. ) ;
#8052 = CARTESIAN_POINT ( 'NONE',  ( -4.299999999999990941, -21.22168702059287071, 8.000000000000000000 ) ) ;
#8053 = CARTESIAN_POINT ( 'NONE',  ( -28.65693844375872956, 8.409608177149218378, 7.500000000000009770 ) ) ;
#8054 = CARTESIAN_POINT ( 'NONE',  ( -5.810813874670706980, 30.06866141036559625, 7.524309542416374619 ) ) ;
#8055 = CARTESIAN_POINT ( 'NONE',  ( 1.800000000000004263, -27.94208295743178638, 3.500000000000000444 ) ) ;
#8056 = CARTESIAN_POINT ( 'NONE',  ( -5.799999999999999822, -21.22168702059287071, -0.0009999999999992653654 ) ) ;
#8057 = ORIENTED_EDGE ( 'NONE', *, *, #6598, .F. ) ;
#8058 = ORIENTED_EDGE ( 'NONE', *, *, #4936, .T. ) ;
#8059 = CARTESIAN_POINT ( 'NONE',  ( -21.03591173323354369, 34.80117993638435792, -18.59254422619121883 ) ) ;
#8060 = CARTESIAN_POINT ( 'NONE',  ( 18.08868083885759859, -12.52196572068243086, 3.500000000000000444 ) ) ;
#8061 = DIRECTION ( 'NONE',  ( 0.000000000000000000, 0.000000000000000000, -1.000000000000000000 ) ) ;
#8062 = ORIENTED_EDGE ( 'NONE', *, *, #6803, .T. ) ;
#8063 = LINE ( 'NONE', #2689, #4858 ) ;
#8064 = ORIENTED_EDGE ( 'NONE', *, *, #6527, .T. ) ;
#8065 = EDGE_CURVE ( 'NONE', #5966, #7136, #6095, .T. ) ;
#8066 = CYLINDRICAL_SURFACE ( 'NONE', #2868, 1.500000000000001332 ) ;
#8067 = ORIENTED_EDGE ( 'NONE', *, *, #2596, .F. ) ;
#8068 = VECTOR ( 'NONE', #880, 1000.000000000000000 ) ;
#8069 = DIRECTION ( 'NONE',  ( 0.000000000000000000, 0.000000000000000000, 1.000000000000000000 ) ) ;
#8070 = AXIS2_PLACEMENT_3D ( 'NONE', #2649, #3434, #5485 ) ;
#8071 = VERTEX_POINT ( 'NONE', #8931 ) ;
#8072 = CARTESIAN_POINT ( 'NONE',  ( 18.08868083885759859, -12.52196572068243086, 3.500000000000000444 ) ) ;
#8073 = ORIENTED_EDGE ( 'NONE', *, *, #6396, .T. ) ;
#8074 = DIRECTION ( 'NONE',  ( -0.000000000000000000, -0.000000000000000000, 1.000000000000000000 ) ) ;
#8075 = ORIENTED_EDGE ( 'NONE', *, *, #5825, .F. ) ;
#8076 = ORIENTED_EDGE ( 'NONE', *, *, #4199, .F. ) ;
#8077 = DIRECTION ( 'NONE',  ( -0.8660254037844432595, -0.4999999999999919509, 0.000000000000000000 ) ) ;
#8078 = AXIS2_PLACEMENT_3D ( 'NONE', #6911, #538, #769 ) ;
#8079 = EDGE_LOOP ( 'NONE', ( #8631, #5274 ) ) ;
#8080 = EDGE_CURVE ( 'NONE', #4159, #3233, #525, .T. ) ;
#8081 = EDGE_CURVE ( 'NONE', #3088, #3233, #2020, .T. ) ;
#8082 = CARTESIAN_POINT ( 'NONE',  ( 8.496785683260627664, 18.10567481902083387, 2.512384134223439425 ) ) ;
#8083 = ADVANCED_FACE ( 'NONE', ( #5598 ), #6467, .T. ) ;
#8084 = DIRECTION ( 'NONE',  ( 1.000000000000000000, 0.000000000000000000, 0.000000000000000000 ) ) ;
#8085 = CARTESIAN_POINT ( 'NONE',  ( 15.02383034850715582, 18.46145015594254701, 8.000000000000000000 ) ) ;
#8086 = CARTESIAN_POINT ( 'NONE',  ( -23.39299222405515266, 21.51785107312752032, 0.000000000000000000 ) ) ;
#8087 = VERTEX_POINT ( 'NONE', #6222 ) ;
#8088 = AXIS2_PLACEMENT_3D ( 'NONE', #8046, #8860, #254 ) ;
#8089 = VECTOR ( 'NONE', #1760, 1000.000000000000000 ) ;
#8090 = LINE ( 'NONE', #8171, #546 ) ;
#8091 = ORIENTED_EDGE ( 'NONE', *, *, #1247, .F. ) ;
#8092 = VERTEX_POINT ( 'NONE', #2878 ) ;
#8093 = DIRECTION ( 'NONE',  ( 0.3128606445978930894, 0.9497990403563223438, 0.000000000000000000 ) ) ;
#8094 = ORIENTED_EDGE ( 'NONE', *, *, #1067, .T. ) ;
#8095 = CARTESIAN_POINT ( 'NONE',  ( -4.299999999999993605, 24.50000000000000000, 8.000000000000000000 ) ) ;
#8096 = CARTESIAN_POINT ( 'NONE',  ( -22.92408113730069275, 19.76785107312754164, 8.000000000000000000 ) ) ;
#8097 = ORIENTED_EDGE ( 'NONE', *, *, #1685, .T. ) ;
#8098 = FACE_OUTER_BOUND ( 'NONE', #1534, .T. ) ;
#8099 = EDGE_CURVE ( 'NONE', #8933, #289, #7822, .T. ) ;
#8100 = CARTESIAN_POINT ( 'NONE',  ( -4.079996445430315255, 29.72144874269811510, 7.501384924984061620 ) ) ;
#8101 = AXIS2_PLACEMENT_3D ( 'NONE', #7083, #2846, #1412 ) ;
#8102 = CARTESIAN_POINT ( 'NONE',  ( 17.32050807568882078, 9.999999999999916511, 0.000000000000000000 ) ) ;
#8103 = VECTOR ( 'NONE', #2934, 1000.000000000000000 ) ;
#8104 = ORIENTED_EDGE ( 'NONE', *, *, #4335, .T. ) ;
#8105 = DIRECTION ( 'NONE',  ( 0.9848077530122086864, 0.1736481776669271115, 0.000000000000000000 ) ) ;
#8106 = VECTOR ( 'NONE', #8979, 1000.000000000000000 ) ;
#8107 = CARTESIAN_POINT ( 'NONE',  ( 17.14259752787362956, 19.19432130080187804, -0.0009999999999992653654 ) ) ;
#8108 = CARTESIAN_POINT ( 'NONE',  ( 0.3729223931221497534, -0.3330598875698413397, 0.000000000000000000 ) ) ;
#8109 = CONICAL_SURFACE ( 'NONE', #6159, 1.500000000000008216, 0.7853981633974456145 ) ;
#8110 = CIRCLE ( 'NONE', #6587, 4.299999999999991829 ) ;
#8111 = DIRECTION ( 'NONE',  ( 1.000000000000000000, 4.588859039144119206E-16, 0.000000000000000000 ) ) ;
#8112 = EDGE_CURVE ( 'NONE', #2437, #4414, #1274, .T. ) ;
#8113 = VECTOR ( 'NONE', #7554, 1000.000000000000000 ) ;
#8114 = EDGE_LOOP ( 'NONE', ( #5469, #2179, #9028, #4536 ) ) ;
#8115 = ORIENTED_EDGE ( 'NONE', *, *, #7688, .T. ) ;
#8116 = CARTESIAN_POINT ( 'NONE',  ( -5.282165722815666875, 30.03419896498957442, 0.5080055725769452302 ) ) ;
#8117 = AXIS2_PLACEMENT_3D ( 'NONE', #6063, #8902, #3176 ) ;
#8118 = DIRECTION ( 'NONE',  ( 1.000000000000000000, 0.000000000000000000, 0.000000000000000000 ) ) ;
#8119 = VERTEX_POINT ( 'NONE', #9096 ) ;
#8120 = CARTESIAN_POINT ( 'NONE',  ( 7.920032505485545826, 25.64221295270851897, 0.000000000000000000 ) ) ;
#8121 = ORIENTED_EDGE ( 'NONE', *, *, #4115, .T. ) ;
#8122 = CARTESIAN_POINT ( 'NONE',  ( -7.987960088488438970, -18.33555272209473941, 3.999999999999999112 ) ) ;
#8123 = ORIENTED_EDGE ( 'NONE', *, *, #4198, .F. ) ;
#8124 = ORIENTED_EDGE ( 'NONE', *, *, #6841, .T. ) ;
#8125 = AXIS2_PLACEMENT_3D ( 'NONE', #5829, #148, #8659 ) ;
#8126 = DIRECTION ( 'NONE',  ( 1.000000000000000000, 0.000000000000000000, 0.000000000000000000 ) ) ;
#8127 = DIRECTION ( 'NONE',  ( 0.000000000000000000, 0.000000000000000000, 1.000000000000000000 ) ) ;
#8128 = CARTESIAN_POINT ( 'NONE',  ( 8.051471090958266075, 24.44308559639185319, -0.0009999999999992653654 ) ) ;
#8129 = DIRECTION ( 'NONE',  ( -0.000000000000000000, -0.000000000000000000, -1.000000000000000000 ) ) ;
#8130 = CARTESIAN_POINT ( 'NONE',  ( -5.597068137855610637, 30.20499911280596450, 0.5094918967824164646 ) ) ;
#8131 = ADVANCED_FACE ( 'NONE', ( #7677 ), #591, .T. ) ;
#8132 = AXIS2_PLACEMENT_3D ( 'NONE', #1919, #4748, #9056 ) ;
#8133 = EDGE_CURVE ( 'NONE', #6720, #1708, #7226, .T. ) ;
#8134 = VECTOR ( 'NONE', #7908, 1000.000000000000000 ) ;
#8135 = ORIENTED_EDGE ( 'NONE', *, *, #3866, .T. ) ;
#8136 = VERTEX_POINT ( 'NONE', #5671 ) ;
#8137 = VERTEX_POINT ( 'NONE', #1452 ) ;
#8138 = ORIENTED_EDGE ( 'NONE', *, *, #7466, .T. ) ;
#8139 = DIRECTION ( 'NONE',  ( -0.000000000000000000, -0.000000000000000000, -1.000000000000000000 ) ) ;
#8140 = LINE ( 'NONE', #5858, #3664 ) ;
#8141 = ORIENTED_EDGE ( 'NONE', *, *, #6472, .T. ) ;
#8142 = LINE ( 'NONE', #8874, #6083 ) ;
#8143 = CARTESIAN_POINT ( 'NONE',  ( -25.19406861883199866, 5.248764295590002682, -0.0009999999999992653654 ) ) ;
#8144 = CARTESIAN_POINT ( 'NONE',  ( -5.533846428298374143, 29.93729429103163397, 7.520711564110739822 ) ) ;
#8145 = AXIS2_PLACEMENT_3D ( 'NONE', #920, #8872, #3718 ) ;
#8146 = DIRECTION ( 'NONE',  ( -4.588859039144119206E-16, 1.000000000000000000, 0.000000000000000000 ) ) ;
#8147 = EDGE_CURVE ( 'NONE', #1855, #3867, #2199, .T. ) ;
#8148 = EDGE_CURVE ( 'NONE', #8394, #6561, #638, .T. ) ;
#8149 = DIRECTION ( 'NONE',  ( 0.9848077530122086864, 0.1736481776669271115, 0.000000000000000000 ) ) ;
#8150 = VECTOR ( 'NONE', #1893, 1000.000000000000114 ) ;
#8151 = CARTESIAN_POINT ( 'NONE',  ( 18.08868083885759859, -12.52196572068243086, 0.4999999999999831246 ) ) ;
#8152 = DIRECTION ( 'NONE',  ( -0.000000000000000000, -0.000000000000000000, 1.000000000000000000 ) ) ;
#8153 = ORIENTED_EDGE ( 'NONE', *, *, #5508, .T. ) ;
#8154 = ORIENTED_EDGE ( 'NONE', *, *, #318, .T. ) ;
#8155 = CARTESIAN_POINT ( 'NONE',  ( -15.47852007099606553, -15.63379085224603848, 8.000000000000000000 ) ) ;
#8156 = ORIENTED_EDGE ( 'NONE', *, *, #7242, .F. ) ;
#8157 = ORIENTED_EDGE ( 'NONE', *, *, #7344, .T. ) ;
#8158 = CONICAL_SURFACE ( 'NONE', #143, 30.00000000000000000, 0.7853981633974552734 ) ;
#8159 = ORIENTED_EDGE ( 'NONE', *, *, #2402, .F. ) ;
#8160 = CARTESIAN_POINT ( 'NONE',  ( -21.21762239271885875, -12.24999999999980460, 3.500000000000000444 ) ) ;
#8161 = ORIENTED_EDGE ( 'NONE', *, *, #5940, .T. ) ;
#8162 = ORIENTED_EDGE ( 'NONE', *, *, #2732, .F. ) ;
#8163 = DIRECTION ( 'NONE',  ( -0.000000000000000000, -0.000000000000000000, -1.000000000000000000 ) ) ;
#8164 = DIRECTION ( 'NONE',  ( 0.5911778408997957479, 0.3879545855239497909, 0.7071067811865446862 ) ) ;
#8165 = CARTESIAN_POINT ( 'NONE',  ( -22.34600393240418725, -20.01639598561580158, 7.500000000000009770 ) ) ;
#8166 = CONICAL_SURFACE ( 'NONE', #4324, 3.800000000000001155, 0.7853981633974460586 ) ;
#8167 = LINE ( 'NONE', #5776, #3655 ) ;
#8168 = CARTESIAN_POINT ( 'NONE',  ( 25.50000000000000355, -3.780293665983593066, 0.4999999999999831801 ) ) ;
#8169 = ORIENTED_EDGE ( 'NONE', *, *, #3591, .F. ) ;
#8170 = ORIENTED_EDGE ( 'NONE', *, *, #1603, .T. ) ;
#8171 = CARTESIAN_POINT ( 'NONE',  ( -24.02189194300062880, 17.97077370284322129, 7.500000000000009770 ) ) ;
#8172 = ORIENTED_EDGE ( 'NONE', *, *, #4255, .F. ) ;
#8173 = VERTEX_POINT ( 'NONE', #7012 ) ;
#8174 = ORIENTED_EDGE ( 'NONE', *, *, #5582, .F. ) ;
#8175 = ORIENTED_EDGE ( 'NONE', *, *, #1783, .T. ) ;
#8176 = LINE ( 'NONE', #1816, #5380 ) ;
#8177 = DIRECTION ( 'NONE',  ( -0.000000000000000000, -0.000000000000000000, 1.000000000000000000 ) ) ;
#8178 = CARTESIAN_POINT ( 'NONE',  ( 25.65693844375873311, -8.409608177149218378, 8.000000000000000000 ) ) ;
#8179 = CARTESIAN_POINT ( 'NONE',  ( -6.141050712857048843, 30.63661184652581682, 0.5119858766299593134 ) ) ;
#8180 = CARTESIAN_POINT ( 'NONE',  ( 17.44427368066899930, 9.209631683944740743, 0.4999999999999831246 ) ) ;
#8181 = EDGE_CURVE ( 'NONE', #529, #2615, #365, .T. ) ;
#8182 = DIRECTION ( 'NONE',  ( 0.000000000000000000, 0.000000000000000000, -1.000000000000000000 ) ) ;
#8183 = LINE ( 'NONE', #2509, #5783 ) ;
#8184 = DIRECTION ( 'NONE',  ( 5.569525272319630567E-16, -1.000000000000000000, 0.000000000000000000 ) ) ;
#8185 = CIRCLE ( 'NONE', #4011, 30.00000000000000000 ) ;
#8186 = EDGE_CURVE ( 'NONE', #5870, #753, #1121, .T. ) ;
#8187 = ADVANCED_FACE ( 'NONE', ( #7073 ), #2832, .F. ) ;
#8188 = DIRECTION ( 'NONE',  ( -0.5273919060659958413, 0.4710178100837398296, 0.7071067811865431318 ) ) ;
#8189 = EDGE_LOOP ( 'NONE', ( #5216, #3546, #2368, #7515 ) ) ;
#8190 = PLANE ( 'NONE',  #1302 ) ;
#8191 = CARTESIAN_POINT ( 'NONE',  ( 3.800000000000000711, -21.92623998774071481, 2.999999999999746869 ) ) ;
#8192 = VERTEX_POINT ( 'NONE', #6407 ) ;
#8193 = EDGE_LOOP ( 'NONE', ( #5942, #7633, #2454, #7798, #5066, #1173, #6338, #8037, #6425, #6845, #5460, #3498, #4062 ) ) ;
#8194 = LINE ( 'NONE', #3961, #6730 ) ;
#8195 = ORIENTED_EDGE ( 'NONE', *, *, #6123, .F. ) ;
#8196 = ORIENTED_EDGE ( 'NONE', *, *, #2836, .T. ) ;
#8197 = EDGE_CURVE ( 'NONE', #6188, #6875, #544, .T. ) ;
#8198 = ORIENTED_EDGE ( 'NONE', *, *, #1038, .F. ) ;
#8199 = ORIENTED_EDGE ( 'NONE', *, *, #4086, .T. ) ;
#8200 = LINE ( 'NONE', #3255, #4583 ) ;
#8201 = DIRECTION ( 'NONE',  ( 0.1452327902350245004, 0.6920313841442158331, 0.7071067811865405783 ) ) ;
#8202 = ORIENTED_EDGE ( 'NONE', *, *, #3518, .T. ) ;
#8203 = EDGE_LOOP ( 'NONE', ( #6140, #6951, #7398, #7218, #1865 ) ) ;
#8204 = ORIENTED_EDGE ( 'NONE', *, *, #7912, .F. ) ;
#8205 = CIRCLE ( 'NONE', #7010, 2.249999999999998668 ) ;
#8206 = DIRECTION ( 'NONE',  ( 0.000000000000000000, 0.000000000000000000, -1.000000000000000000 ) ) ;
#8207 = FACE_OUTER_BOUND ( 'NONE', #7997, .T. ) ;
#8208 = CARTESIAN_POINT ( 'NONE',  ( -19.87303449400720012, -2.250000000000009326, 3.999999999999999112 ) ) ;
#8209 = CARTESIAN_POINT ( 'NONE',  ( 23.46762239271877348, 12.24999999999995381, 0.000000000000000000 ) ) ;
#8210 = ORIENTED_EDGE ( 'NONE', *, *, #5127, .T. ) ;
#8211 = ORIENTED_EDGE ( 'NONE', *, *, #5076, .T. ) ;
#8212 = CIRCLE ( 'NONE', #7767, 2.500000000000002220 ) ;
#8213 = ORIENTED_EDGE ( 'NONE', *, *, #8298, .T. ) ;
#8214 = CIRCLE ( 'NONE', #5694, 0.4000000000000010214 ) ;
#8215 = ORIENTED_EDGE ( 'NONE', *, *, #3241, .F. ) ;
#8216 = ORIENTED_EDGE ( 'NONE', *, *, #5189, .T. ) ;
#8217 = DIRECTION ( 'NONE',  ( 1.000000000000000000, -3.469446951953613006E-15, 0.000000000000000000 ) ) ;
#8218 = DIRECTION ( 'NONE',  ( 0.000000000000000000, 0.000000000000000000, -1.000000000000000000 ) ) ;
#8219 = CYLINDRICAL_SURFACE ( 'NONE', #8698, 0.4000000000000010214 ) ;
#8220 = CARTESIAN_POINT ( 'NONE',  ( 19.46505356205915405, -6.431305452718730109, 3.500000000000000444 ) ) ;
#8221 = VECTOR ( 'NONE', #6959, 1000.000000000000000 ) ;
#8222 = CARTESIAN_POINT ( 'NONE',  ( -21.27852007099597387, -5.587896168346493830, 3.500000000000000444 ) ) ;
#8223 = AXIS2_PLACEMENT_3D ( 'NONE', #4407, #3133, #3747 ) ;
#8224 = ORIENTED_EDGE ( 'NONE', *, *, #6079, .T. ) ;
#8225 = EDGE_CURVE ( 'NONE', #1720, #4243, #3386, .T. ) ;
#8226 = CARTESIAN_POINT ( 'NONE',  ( -24.05961359711026049, -8.117321694993467673, 3.000000000000000000 ) ) ;
#8227 = VECTOR ( 'NONE', #4201, 1000.000000000000227 ) ;
#8228 = CARTESIAN_POINT ( 'NONE',  ( 23.99999999999999645, -3.780293665983592621, 7.500000000000007105 ) ) ;
#8229 = FACE_OUTER_BOUND ( 'NONE', #7245, .T. ) ;
#8230 = CARTESIAN_POINT ( 'NONE',  ( -4.855365767945255762, 29.74544421364576507, 7.511766998890044178 ) ) ;
#8231 = DIRECTION ( 'NONE',  ( 0.000000000000000000, 0.000000000000000000, -1.000000000000000000 ) ) ;
#8232 = CIRCLE ( 'NONE', #5394, 3.800000000000001155 ) ;
#8233 = EDGE_CURVE ( 'NONE', #5349, #8119, #4174, .T. ) ;
#8234 = CARTESIAN_POINT ( 'NONE',  ( -25.50000000000000355, 3.780293665983593066, 0.4999999999999831801 ) ) ;
#8235 = CONICAL_SURFACE ( 'NONE', #1411, 20.50000000000025935, 0.7853981633974517207 ) ;
#8236 = ADVANCED_FACE ( 'NONE', ( #4978 ), #4836, .T. ) ;
#8237 = EDGE_CURVE ( 'NONE', #4414, #4298, #5723, .T. ) ;
#8238 = CONICAL_SURFACE ( 'NONE', #6605, 2.500000000000002220, 0.7853981633974557175 ) ;
#8239 = CARTESIAN_POINT ( 'NONE',  ( -4.780244111438310739, 29.85303975110495145, 0.5055908911475575085 ) ) ;
#8240 = CIRCLE ( 'NONE', #1418, 2.999999999999999112 ) ;
#8241 = ORIENTED_EDGE ( 'NONE', *, *, #1912, .T. ) ;
#8242 = CIRCLE ( 'NONE', #5562, 2.000000000000001776 ) ;
#8243 = CIRCLE ( 'NONE', #3485, 1.300000000000009592 ) ;
#8244 = EDGE_CURVE ( 'NONE', #3962, #2923, #3528, .T. ) ;
#8245 = FACE_OUTER_BOUND ( 'NONE', #7887, .T. ) ;
#8246 = EDGE_CURVE ( 'NONE', #6875, #2966, #3477, .T. ) ;
#8247 = CARTESIAN_POINT ( 'NONE',  ( -25.35961359711026830, -8.117321694993467673, 0.000000000000000000 ) ) ;
#8248 = ORIENTED_EDGE ( 'NONE', *, *, #1187, .T. ) ;
#8249 = ORIENTED_EDGE ( 'NONE', *, *, #9079, .F. ) ;
#8250 = ORIENTED_EDGE ( 'NONE', *, *, #5081, .T. ) ;
#8251 = CIRCLE ( 'NONE', #2465, 1.500000000000010880 ) ;
#8252 = CARTESIAN_POINT ( 'NONE',  ( 19.98732474551442095, -0.7248758331512885622, 1.864865054010846235 ) ) ;
#8253 = CARTESIAN_POINT ( 'NONE',  ( -8.685458949004303264, -18.01592731161042238, 5.695701216230364849 ) ) ;
#8254 = CARTESIAN_POINT ( 'NONE',  ( 19.56762239271868253, -15.10788383248873679, 3.500000000000000444 ) ) ;
#8255 = DIRECTION ( 'NONE',  ( 0.3535533905932704557, 0.6123724356958040183, 0.7071067811865409114 ) ) ;
#8256 = ORIENTED_EDGE ( 'NONE', *, *, #1792, .T. ) ;
#8257 = PLANE ( 'NONE',  #2046 ) ;
#8258 = AXIS2_PLACEMENT_3D ( 'NONE', #6263, #4325, #736 ) ;
#8259 = ORIENTED_EDGE ( 'NONE', *, *, #4828, .F. ) ;
#8260 = EDGE_LOOP ( 'NONE', ( #6986, #1896, #3421, #2812 ) ) ;
#8261 = CARTESIAN_POINT ( 'NONE',  ( 0.000000000000000000, 0.000000000000000000, 3.500000000000000444 ) ) ;
#8262 = DIRECTION ( 'NONE',  ( -0.5273919060659980618, 0.4710178100837379978, 0.7071067811865426878 ) ) ;
#8263 = CARTESIAN_POINT ( 'NONE',  ( 17.32050807568882078, 9.999999999999916511, 5.762741699796959161 ) ) ;
#8264 = CARTESIAN_POINT ( 'NONE',  ( -3.911192109540838846, 29.23957209471892327, 8.000000000000000000 ) ) ;
#8265 = ORIENTED_EDGE ( 'NONE', *, *, #3474, .T. ) ;
#8266 = ORIENTED_EDGE ( 'NONE', *, *, #6641, .F. ) ;
#8267 = ORIENTED_EDGE ( 'NONE', *, *, #7995, .F. ) ;
#8268 = LINE ( 'NONE', #7577, #7423 ) ;
#8269 = CARTESIAN_POINT ( 'NONE',  ( -26.26880120609473934, -5.472666917936406250, 0.4999999999999831801 ) ) ;
#8270 = CARTESIAN_POINT ( 'NONE',  ( 3.800000000000004263, -27.94208295743178638, 2.999999999999986233 ) ) ;
#8271 = LINE ( 'NONE', #6261, #2470 ) ;
#8272 = CARTESIAN_POINT ( 'NONE',  ( -5.545534904594551229, -26.42436456420330515, 8.000000000000000000 ) ) ;
#8273 = ORIENTED_EDGE ( 'NONE', *, *, #4825, .T. ) ;
#8274 = VECTOR ( 'NONE', #2908, 1000.000000000000000 ) ;
#8275 = DIRECTION ( 'NONE',  ( 0.000000000000000000, 0.000000000000000000, 1.000000000000000000 ) ) ;
#8276 = ORIENTED_EDGE ( 'NONE', *, *, #1782, .T. ) ;
#8277 = CARTESIAN_POINT ( 'NONE',  ( -19.06762239271889925, -15.97390923627290249, 8.000000000000000000 ) ) ;
#8278 = CARTESIAN_POINT ( 'NONE',  ( 17.87386918043092976, 20.01311571247318000, 7.500000000000007105 ) ) ;
#8279 = DIRECTION ( 'NONE',  ( 1.000000000000000000, 0.000000000000000000, 0.000000000000000000 ) ) ;
#8280 = VECTOR ( 'NONE', #5587, 1000.000000000000000 ) ;
#8282 = VECTOR ( 'NONE', #7780, 1000.000000000000114 ) ;
#8281 = LINE ( 'NONE', #8423, #3924 ) ;
#8283 = FACE_OUTER_BOUND ( 'NONE', #1496, .T. ) ;
#8284 = ORIENTED_EDGE ( 'NONE', *, *, #2171, .F. ) ;
#8285 = EDGE_CURVE ( 'NONE', #668, #1430, #8456, .T. ) ;
#8286 = DIRECTION ( 'NONE',  ( 1.000000000000000000, 0.000000000000000000, 0.000000000000000000 ) ) ;
#8287 = AXIS2_PLACEMENT_3D ( 'NONE', #2376, #1688, #4520 ) ;
#8288 = LINE ( 'NONE', #4148, #3848 ) ;
#8289 = DIRECTION ( 'NONE',  ( 0.1452327902350196154, 0.6920313841442189418, 0.7071067811865385799 ) ) ;
#8290 = ORIENTED_EDGE ( 'NONE', *, *, #2471, .T. ) ;
#8291 = VERTEX_POINT ( 'NONE', #4544 ) ;
#8292 = CARTESIAN_POINT ( 'NONE',  ( 25.09209149177599585, 5.738254505458801447, 8.000000000000000000 ) ) ;
#8293 = EDGE_LOOP ( 'NONE', ( #7904, #1369 ) ) ;
#8294 = ADVANCED_FACE ( 'NONE', ( #5313 ), #3222, .F. ) ;
#8295 = DIRECTION ( 'NONE',  ( 0.1729873939250869408, -0.9810602621904072063, -0.08715574274766206553 ) ) ;
#8296 = AXIS2_PLACEMENT_3D ( 'NONE', #3007, #1637, #7553 ) ;
#8297 = ADVANCED_FACE ( 'NONE', ( #8207 ), #1090, .F. ) ;
#8298 = EDGE_CURVE ( 'NONE', #881, #3667, #4092, .T. ) ;
#8299 = DIRECTION ( 'NONE',  ( 0.000000000000000000, 0.000000000000000000, 1.000000000000000000 ) ) ;
#8300 = CARTESIAN_POINT ( 'NONE',  ( 7.976169651492744705, 23.97379462949500351, 0.4999999999999831246 ) ) ;
#8301 = CARTESIAN_POINT ( 'NONE',  ( 8.045534904594745740, 26.42436456420327318, 0.000000000000000000 ) ) ;
#8302 = ORIENTED_EDGE ( 'NONE', *, *, #7077, .T. ) ;
#8303 = ORIENTED_EDGE ( 'NONE', *, *, #6045, .T. ) ;
#8304 = ORIENTED_EDGE ( 'NONE', *, *, #6772, .F. ) ;
#8305 = DIRECTION ( 'NONE',  ( -0.1729873939250869408, 0.9810602621904069842, 0.08715574274766076102 ) ) ;
#8306 = DIRECTION ( 'NONE',  ( 0.000000000000000000, 0.000000000000000000, 1.000000000000000000 ) ) ;
#8307 = EDGE_LOOP ( 'NONE', ( #7460, #8846, #6980, #2324 ) ) ;
#8308 = DIRECTION ( 'NONE',  ( 1.000000000000000000, 0.000000000000000000, 0.000000000000000000 ) ) ;
#8309 = CARTESIAN_POINT ( 'NONE',  ( -25.65693844375873311, 8.409608177149218378, 8.000000000000000000 ) ) ;
#8310 = CIRCLE ( 'NONE', #3400, 2.249999999999999556 ) ;
#8311 = CARTESIAN_POINT ( 'NONE',  ( 8.476169651492748258, 22.24174382192612143, 8.000000000000000000 ) ) ;
#8312 = EDGE_CURVE ( 'NONE', #1330, #6961, #8167, .T. ) ;
#8313 = CARTESIAN_POINT ( 'NONE',  ( 9.476169651492748258, 23.97379462949500351, 0.4999999999999831246 ) ) ;
#8314 = ORIENTED_EDGE ( 'NONE', *, *, #3520, .F. ) ;
#8315 = VERTEX_POINT ( 'NONE', #339 ) ;
#8316 = DIRECTION ( 'NONE',  ( 0.1729873939250869408, -0.9810602621904069842, -0.08715574274766209328 ) ) ;
#8317 = CARTESIAN_POINT ( 'NONE',  ( -19.92825464664766955, 1.695808544242831228, 2.513801142812993383 ) ) ;
#8318 = DIRECTION ( 'NONE',  ( -0.000000000000000000, -0.000000000000000000, -1.000000000000000000 ) ) ;
#8319 = CARTESIAN_POINT ( 'NONE',  ( -4.528694670069500106, 29.71202412468994325, 7.507409291858865963 ) ) ;
#8320 = DIRECTION ( 'NONE',  ( 1.000000000000000000, 0.000000000000000000, 0.000000000000000000 ) ) ;
#8321 = EDGE_LOOP ( 'NONE', ( #6537, #4779, #8040, #4469 ) ) ;
#8322 = CARTESIAN_POINT ( 'NONE',  ( -16.69791183812861135, -10.50236831605526255, 3.500000000000000444 ) ) ;
#8323 = CARTESIAN_POINT ( 'NONE',  ( 20.01320343559647341, 16.57757573283802799, 0.000000000000000000 ) ) ;
#8324 = DIRECTION ( 'NONE',  ( 0.000000000000000000, 0.000000000000000000, 1.000000000000000000 ) ) ;
#8325 = FACE_OUTER_BOUND ( 'NONE', #2894, .T. ) ;
#8326 = CARTESIAN_POINT ( 'NONE',  ( -21.21762239271885875, -12.24999999999980460, -0.001000000000000132727 ) ) ;
#8327 = DIRECTION ( 'NONE',  ( -0.000000000000000000, 0.000000000000000000, 1.000000000000000000 ) ) ;
#8328 = VERTEX_POINT ( 'NONE', #95 ) ;
#8329 = EDGE_CURVE ( 'NONE', #8361, #2307, #6920, .T. ) ;
#8330 = VERTEX_POINT ( 'NONE', #6459 ) ;
#8331 = DIRECTION ( 'NONE',  ( -1.000000000000000000, 0.000000000000000000, 0.000000000000000000 ) ) ;
#8332 = ORIENTED_EDGE ( 'NONE', *, *, #5483, .T. ) ;
#8333 = DIRECTION ( 'NONE',  ( 1.000000000000000000, 1.734723475976807094E-15, 0.000000000000000000 ) ) ;
#8334 = DIRECTION ( 'NONE',  ( 1.000000000000000000, 0.000000000000000000, 0.000000000000000000 ) ) ;
#8335 = PRODUCT_DEFINITION_CONTEXT ( 'detailed design', #3827, 'design' ) ;
#8336 = VERTEX_POINT ( 'NONE', #385 ) ;
#8337 = EDGE_CURVE ( 'NONE', #5321, #5461, #8845, .T. ) ;
#8338 = CARTESIAN_POINT ( 'NONE',  ( 21.21762239271869532, -12.25000000000009948, -0.001000000000000132727 ) ) ;
#8339 = EDGE_LOOP ( 'NONE', ( #8051, #3891, #7698, #8833 ) ) ;
#8340 = VERTEX_POINT ( 'NONE', #4372 ) ;
#8341 = EDGE_CURVE ( 'NONE', #7749, #3642, #1848, .T. ) ;
#8342 = EDGE_CURVE ( 'NONE', #8343, #6248, #783, .T. ) ;
#8343 = VERTEX_POINT ( 'NONE', #3842 ) ;
#8344 = DIRECTION ( 'NONE',  ( 1.000000000000000000, 0.000000000000000000, -0.000000000000000000 ) ) ;
#8345 = CIRCLE ( 'NONE', #4647, 4.000000000000001776 ) ;
#8346 = EDGE_LOOP ( 'NONE', ( #4265, #8520, #1827, #4943 ) ) ;
#8347 = DIRECTION ( 'NONE',  ( 0.000000000000000000, 0.000000000000000000, 1.000000000000000000 ) ) ;
#8348 = DIRECTION ( 'NONE',  ( -0.000000000000000000, -0.000000000000000000, -1.000000000000000000 ) ) ;
#8349 = CARTESIAN_POINT ( 'NONE',  ( -11.99999999999979572, -20.78460969082663823, 3.999999999999999112 ) ) ;
#8350 = CARTESIAN_POINT ( 'NONE',  ( 26.16682407903874363, 5.962157127805198797, 0.000000000000000000 ) ) ;
#8351 = ORIENTED_EDGE ( 'NONE', *, *, #2621, .F. ) ;
#8352 = CIRCLE ( 'NONE', #3770, 30.00000000000000000 ) ;
#8353 = CARTESIAN_POINT ( 'NONE',  ( -11.74999999999980638, -20.35159698893442837, 0.000000000000000000 ) ) ;
#8354 = EDGE_CURVE ( 'NONE', #5842, #7801, #7078, .T. ) ;
#8355 = DIRECTION ( 'NONE',  ( 0.000000000000000000, 0.000000000000000000, 1.000000000000000000 ) ) ;
#8356 = CARTESIAN_POINT ( 'NONE',  ( -10.96150023391367689, -16.72902911737990195, 2.047914812324405975 ) ) ;
#8357 = CARTESIAN_POINT ( 'NONE',  ( -4.470937332450890089, 29.70983916264955482, 7.506637071204802503 ) ) ;
#8358 = AXIS2_PLACEMENT_3D ( 'NONE', #1439, #5618, #33 ) ;
#8359 = DIRECTION ( 'NONE',  ( 0.1729873939250868853, -0.9810602621904069842, -0.08715574274766180185 ) ) ;
#8360 = CARTESIAN_POINT ( 'NONE',  ( -28.15693844375873667, -8.409608177149221930, 8.000000000000000000 ) ) ;
#8361 = VERTEX_POINT ( 'NONE', #4592 ) ;
#8362 = LINE ( 'NONE', #2790, #7645 ) ;
#8363 = VECTOR ( 'NONE', #7325, 1000.000000000000000 ) ;
#8364 = ORIENTED_EDGE ( 'NONE', *, *, #5736, .F. ) ;
#8365 = DIRECTION ( 'NONE',  ( 0.9789804197376049677, -0.2039542541120011598, 0.000000000000000000 ) ) ;
#8366 = CIRCLE ( 'NONE', #7356, 2.999999999999999112 ) ;
#8367 = CIRCLE ( 'NONE', #3777, 4.299999999999990941 ) ;
#8368 = DIRECTION ( 'NONE',  ( -1.000000000000000000, 0.000000000000000000, 0.000000000000000000 ) ) ;
#8369 = ORIENTED_EDGE ( 'NONE', *, *, #1937, .T. ) ;
#8370 = DIRECTION ( 'NONE',  ( 0.6123724356957923609, 0.3535533905932676246, 0.7071067811865524577 ) ) ;
#8371 = CARTESIAN_POINT ( 'NONE',  ( -14.49064054862632211, 29.42775516924913504, -2.452965475130965523 ) ) ;
#8372 = CARTESIAN_POINT ( 'NONE',  ( 23.99999999999999645, 3.780293665983591733, 7.500000000000007105 ) ) ;
#8373 = CARTESIAN_POINT ( 'NONE',  ( 18.08868083885759859, -12.52196572068243086, -0.0009999999999992653654 ) ) ;
#8374 = AXIS2_PLACEMENT_3D ( 'NONE', #749, #4184, #7882 ) ;
#8375 = CARTESIAN_POINT ( 'NONE',  ( 11.43274060259280134, 16.41047050496077020, 2.513801142812990719 ) ) ;
#8376 = AXIS2_PLACEMENT_3D ( 'NONE', #5451, #4761, #2074 ) ;
#8377 = PLANE ( 'NONE',  #9106 ) ;
#8378 = EDGE_LOOP ( 'NONE', ( #4772, #5180, #7395, #111 ) ) ;
#8379 = DIRECTION ( 'NONE',  ( 1.000000000000000000, 0.000000000000000000, 0.000000000000000000 ) ) ;
#8380 = CIRCLE ( 'NONE', #2007, 1.500000000000001332 ) ;
#8381 = DIRECTION ( 'NONE',  ( 0.000000000000000000, 0.000000000000000000, -1.000000000000000000 ) ) ;
#8382 = ORIENTED_EDGE ( 'NONE', *, *, #6928, .F. ) ;
#8383 = AXIS2_PLACEMENT_3D ( 'NONE', #7664, #1294, #2720 ) ;
#8384 = AXIS2_PLACEMENT_3D ( 'NONE', #6851, #2577, #4163 ) ;
#8385 = VERTEX_POINT ( 'NONE', #2530 ) ;
#8386 = PLANE ( 'NONE',  #948 ) ;
#8387 = ORIENTED_EDGE ( 'NONE', *, *, #7405, .F. ) ;
#8388 = DIRECTION ( 'NONE',  ( -0.4999999999999916178, 0.8660254037844434816, 0.000000000000000000 ) ) ;
#8389 = CIRCLE ( 'NONE', #2321, 0.3000000000000120348 ) ;
#8390 = CARTESIAN_POINT ( 'NONE',  ( -10.85326535770982836, -16.79955957463043248, 6.021234318116981399 ) ) ;
#8391 = AXIS2_PLACEMENT_3D ( 'NONE', #2059, #3294, #6131 ) ;
#8392 = LINE ( 'NONE', #2028, #3685 ) ;
#8393 = DIRECTION ( 'NONE',  ( 0.8660254037844395958, 0.4999999999999983347, -0.000000000000000000 ) ) ;
#8394 = VERTEX_POINT ( 'NONE', #7914 ) ;
#8395 = ORIENTED_EDGE ( 'NONE', *, *, #5232, .F. ) ;
#8396 = VECTOR ( 'NONE', #1401, 1000.000000000000000 ) ;
#8397 = FACE_BOUND ( 'NONE', #6831, .T. ) ;
#8398 = ORIENTED_EDGE ( 'NONE', *, *, #3, .F. ) ;
#8399 = DIRECTION ( 'NONE',  ( 0.000000000000000000, 0.000000000000000000, 1.000000000000000000 ) ) ;
#8400 = CARTESIAN_POINT ( 'NONE',  ( 17.71320343559646204, 16.57757573283802799, 3.000000000000000000 ) ) ;
#8401 = ADVANCED_FACE ( 'NONE', ( #7216 ), #5950, .T. ) ;
#8402 = CARTESIAN_POINT ( 'NONE',  ( 0.000000000000000000, 0.000000000000000000, 0.4999999999999970024 ) ) ;
#8403 = CARTESIAN_POINT ( 'NONE',  ( 23.99999999999999645, -3.780293665983593066, 0.4999999999999831801 ) ) ;
#8404 = EDGE_LOOP ( 'NONE', ( #3439, #8502, #6307, #5345 ) ) ;
#8405 = EDGE_CURVE ( 'NONE', #4243, #8291, #6512, .T. ) ;
#8406 = EDGE_CURVE ( 'NONE', #3037, #3778, #7433, .T. ) ;
#8407 = VERTEX_POINT ( 'NONE', #8085 ) ;
#8408 = CARTESIAN_POINT ( 'NONE',  ( -7.976169651492576840, -23.97379462949506745, 7.500000000000009770 ) ) ;
#8409 = CARTESIAN_POINT ( 'NONE',  ( -19.90461549132551866, -1.952692653334319184, 2.872566994419018638 ) ) ;
#8410 = CARTESIAN_POINT ( 'NONE',  ( -8.094096366256785302, -18.28903581716030757, 3.274209572485246689 ) ) ;
#8411 = CARTESIAN_POINT ( 'NONE',  ( -4.425314927833602141, 29.70868879358208048, 7.506026050402851091 ) ) ;
#8412 = CIRCLE ( 'NONE', #2765, 2.249999999999999556 ) ;
#8413 = AXIS2_PLACEMENT_3D ( 'NONE', #6719, #5161, #261 ) ;
#8414 = CARTESIAN_POINT ( 'NONE',  ( 3.300000000000015365, -27.94208295743178638, 0.000000000000000000 ) ) ;
#8415 = DIRECTION ( 'NONE',  ( 0.1729873939250869685, -0.9810602621904072063, -0.08715574274766077489 ) ) ;
#8416 = EDGE_CURVE ( 'NONE', #8868, #6229, #1717, .T. ) ;
#8417 = EDGE_CURVE ( 'NONE', #4548, #7957, #1470, .T. ) ;
#8418 = DIRECTION ( 'NONE',  ( 0.000000000000000000, 0.000000000000000000, 1.000000000000000000 ) ) ;
#8419 = AXIS2_PLACEMENT_3D ( 'NONE', #7761, #7263, #1597 ) ;
#8420 = CIRCLE ( 'NONE', #4421, 2.249999999999999112 ) ;
#8421 = LINE ( 'NONE', #2060, #4742 ) ;
#8422 = DIRECTION ( 'NONE',  ( 0.8660254037844430375, 0.4999999999999922839, 0.000000000000000000 ) ) ;
#8423 = CARTESIAN_POINT ( 'NONE',  ( -22.71679327408261884, -8.843154719913199457, 0.000000000000000000 ) ) ;
#8424 = DIRECTION ( 'NONE',  ( -0.9848077530122086864, -0.1736481776669273613, -8.673617379884033500E-16 ) ) ;
#8425 = CARTESIAN_POINT ( 'NONE',  ( 11.70007956023546392, 16.22070772671023775, 3.002550863923195479 ) ) ;
#8426 = VECTOR ( 'NONE', #2122, 999.9999999999998863 ) ;
#8427 = DIRECTION ( 'NONE',  ( -0.1729873939250868853, 0.9810602621904069842, 0.08715574274766180185 ) ) ;
#8428 = DIRECTION ( 'NONE',  ( 0.000000000000000000, 0.000000000000000000, -1.000000000000000000 ) ) ;
#8429 = CARTESIAN_POINT ( 'NONE',  ( 25.19406861883199511, 5.248764295590000017, -0.0009999999999992653654 ) ) ;
#8430 = ORIENTED_EDGE ( 'NONE', *, *, #1493, .F. ) ;
#8431 = CIRCLE ( 'NONE', #5453, 29.50000000000001066 ) ;
#8432 = CIRCLE ( 'NONE', #3690, 1.999999999999998224 ) ;
#8433 = VERTEX_POINT ( 'NONE', #6100 ) ;
#8434 = CARTESIAN_POINT ( 'NONE',  ( -8.394932025663516484, -25.48578263040962710, -0.0009999999999992653654 ) ) ;
#8435 = CARTESIAN_POINT ( 'NONE',  ( 20.00000000000000000, 3.054587754151540862E-23, 1.749999999999998668 ) ) ;
#8436 = DIRECTION ( 'NONE',  ( 0.000000000000000000, 0.000000000000000000, 1.000000000000000000 ) ) ;
#8437 = LINE ( 'NONE', #2617, #1599 ) ;
#8438 = VECTOR ( 'NONE', #8834, 1000.000000000000114 ) ;
#8439 = CARTESIAN_POINT ( 'NONE',  ( -11.62847670846975490, 31.25125832761123945, -17.29820896870639757 ) ) ;
#8440 = DIRECTION ( 'NONE',  ( -0.9848077530122085754, -0.1736481776669278332, 2.322657610419362594E-16 ) ) ;
#8441 = ORIENTED_EDGE ( 'NONE', *, *, #4481, .T. ) ;
#8442 = VERTEX_POINT ( 'NONE', #7700 ) ;
#8443 = DIRECTION ( 'NONE',  ( 0.000000000000000000, 0.000000000000000000, -1.000000000000000000 ) ) ;
#8444 = VECTOR ( 'NONE', #1604, 1000.000000000000000 ) ;
#8445 = CARTESIAN_POINT ( 'NONE',  ( 5.545534904594735082, 26.42436456420327318, 0.4999999999999831246 ) ) ;
#8446 = CARTESIAN_POINT ( 'NONE',  ( -25.19406861883199866, 5.248764295590002682, 7.500000000000009770 ) ) ;
#8447 = DIRECTION ( 'NONE',  ( -0.000000000000000000, -0.000000000000000000, -1.000000000000000000 ) ) ;
#8448 = DIRECTION ( 'NONE',  ( -0.8660254037844400399, 0.4999999999999976130, 0.000000000000000000 ) ) ;
#8449 = ORIENTED_EDGE ( 'NONE', *, *, #6378, .F. ) ;
#8450 = DIRECTION ( 'NONE',  ( -0.000000000000000000, -0.000000000000000000, 1.000000000000000000 ) ) ;
#8451 = LINE ( 'NONE', #7959, #991 ) ;
#8452 = ADVANCED_FACE ( 'NONE', ( #1141 ), #8937, .F. ) ;
#8453 = DIRECTION ( 'NONE',  ( 0.000000000000000000, 0.000000000000000000, 1.000000000000000000 ) ) ;
#8454 = CARTESIAN_POINT ( 'NONE',  ( -17.28661371934864377, -10.75355247408290360, 0.000000000000000000 ) ) ;
#8455 = CARTESIAN_POINT ( 'NONE',  ( -25.09209149177599940, -5.738254505458791677, 0.000000000000000000 ) ) ;
#8456 = LINE ( 'NONE', #2096, #4562 ) ;
#8457 = DIRECTION ( 'NONE',  ( -0.8660254037844401509, 0.4999999999999975575, 0.000000000000000000 ) ) ;
#8458 = CARTESIAN_POINT ( 'NONE',  ( -24.01679327408269415, -6.591488670073688994, 0.000000000000000000 ) ) ;
#8459 = CARTESIAN_POINT ( 'NONE',  ( 23.50000000000000000, 1.078381874198868008E-14, 0.000000000000000000 ) ) ;
#8460 = EDGE_CURVE ( 'NONE', #7607, #6536, #4246, .T. ) ;
#8461 = DIRECTION ( 'NONE',  ( 0.000000000000000000, 0.000000000000000000, -1.000000000000000000 ) ) ;
#8462 = ADVANCED_FACE ( 'NONE', ( #6990 ), #9068, .F. ) ;
#8463 = CARTESIAN_POINT ( 'NONE',  ( -19.94498019909067921, -1.486135562440410895, 5.695701216230362185 ) ) ;
#8464 = EDGE_CURVE ( 'NONE', #8583, #2966, #2913, .T. ) ;
#8465 = VECTOR ( 'NONE', #5464, 1000.000000000000000 ) ;
#8466 = DIRECTION ( 'NONE',  ( 0.000000000000000000, 0.000000000000000000, -1.000000000000000000 ) ) ;
#8467 = LINE ( 'NONE', #6880, #8508 ) ;
#8468 = DIRECTION ( 'NONE',  ( 0.9789804197376047457, 0.2039542541120019370, 0.000000000000000000 ) ) ;
#8469 = CARTESIAN_POINT ( 'NONE',  ( -3.799999999999982059, -29.75836016987465271, 7.500000000000007105 ) ) ;
#8470 = VECTOR ( 'NONE', #5557, 1000.000000000000000 ) ;
#8471 = CARTESIAN_POINT ( 'NONE',  ( -26.26880120609473934, -5.472666917936407138, 7.500000000000009770 ) ) ;
#8472 = ORIENTED_EDGE ( 'NONE', *, *, #1825, .T. ) ;
#8473 = EDGE_LOOP ( 'NONE', ( #4979, #2709, #9165, #439 ) ) ;
#8474 = EDGE_CURVE ( 'NONE', #6501, #1837, #8437, .T. ) ;
#8475 = ORIENTED_EDGE ( 'NONE', *, *, #8329, .F. ) ;
#8476 = CARTESIAN_POINT ( 'NONE',  ( 19.34410915545081622, -5.079905607587989813, 2.999999999999961808 ) ) ;
#8477 = CARTESIAN_POINT ( 'NONE',  ( -16.47852007099575999, 13.90174004467749569, 3.500000000000000444 ) ) ;
#8478 = CARTESIAN_POINT ( 'NONE',  ( -23.82600492594736963, 21.26785107312752743, 8.000000000000000000 ) ) ;
#8479 = DIRECTION ( 'NONE',  ( -0.000000000000000000, -0.000000000000000000, -1.000000000000000000 ) ) ;
#8480 = CARTESIAN_POINT ( 'NONE',  ( 20.52852007099593123, 6.886934274023309044, 8.000000000000000000 ) ) ;
#8481 = DIRECTION ( 'NONE',  ( 1.000000000000000000, 0.000000000000000000, 0.000000000000000000 ) ) ;
#8482 = ORIENTED_EDGE ( 'NONE', *, *, #8645, .T. ) ;
#8483 = DIRECTION ( 'NONE',  ( 1.000000000000000000, 0.000000000000000000, 0.000000000000000000 ) ) ;
#8484 = ORIENTED_EDGE ( 'NONE', *, *, #6371, .F. ) ;
#8485 = EDGE_LOOP ( 'NONE', ( #3161, #4397, #943, #411 ) ) ;
#8486 = DIRECTION ( 'NONE',  ( 1.000000000000000000, 0.000000000000000000, 0.000000000000000000 ) ) ;
#8487 = VERTEX_POINT ( 'NONE', #471 ) ;
#8488 = DIRECTION ( 'NONE',  ( 1.000000000000000000, 0.000000000000000000, 0.000000000000000000 ) ) ;
#8489 = DIRECTION ( 'NONE',  ( 1.000000000000000000, -6.938893903907202740E-16, 0.000000000000000000 ) ) ;
#8490 = CARTESIAN_POINT ( 'NONE',  ( 23.50000000000000711, 3.780293665983591289, 0.000000000000000000 ) ) ;
#8491 = LINE ( 'NONE', #2775, #4045 ) ;
#8492 = ORIENTED_EDGE ( 'NONE', *, *, #6378, .T. ) ;
#8493 = EDGE_CURVE ( 'NONE', #5527, #3275, #5606, .T. ) ;
#8494 = AXIS2_PLACEMENT_3D ( 'NONE', #8936, #6756, #1807 ) ;
#8495 = EDGE_LOOP ( 'NONE', ( #7930, #3316, #1363, #7555 ) ) ;
#8496 = DIRECTION ( 'NONE',  ( 0.000000000000000000, 0.000000000000000000, -1.000000000000000000 ) ) ;
#8497 = CARTESIAN_POINT ( 'NONE',  ( 28.65793844375874500, 1.358440485608200983E-14, 3.999999999999999112 ) ) ;
#8498 = CARTESIAN_POINT ( 'NONE',  ( -5.098825241843794487, 29.28244249285534551, 7.999999999999998224 ) ) ;
#8499 = CIRCLE ( 'NONE', #5683, 1.500000000000011768 ) ;
#8500 = LINE ( 'NONE', #2145, #6859 ) ;
#8501 = DIRECTION ( 'NONE',  ( 0.000000000000000000, 0.000000000000000000, -1.000000000000000000 ) ) ;
#8502 = ORIENTED_EDGE ( 'NONE', *, *, #5370, .T. ) ;
#8503 = DIRECTION ( 'NONE',  ( 1.000000000000000000, 0.000000000000000000, 0.000000000000000000 ) ) ;
#8504 = EDGE_CURVE ( 'NONE', #4717, #7408, #7654, .T. ) ;
#8505 = DIRECTION ( 'NONE',  ( 0.000000000000000000, 0.000000000000000000, -1.000000000000000000 ) ) ;
#8506 = CIRCLE ( 'NONE', #5379, 2.500000000000010658 ) ;
#8507 = CARTESIAN_POINT ( 'NONE',  ( 1.800000000000000711, -21.92623998774071481, 0.000000000000000000 ) ) ;
#8508 = VECTOR ( 'NONE', #6187, 1000.000000000000000 ) ;
#8509 = CARTESIAN_POINT ( 'NONE',  ( -23.36679327408270268, -7.717321694993468206, 3.000000000000000000 ) ) ;
#8510 = CARTESIAN_POINT ( 'NONE',  ( -24.05961359711026049, -8.117321694993467673, 0.000000000000000000 ) ) ;
#8511 = CARTESIAN_POINT ( 'NONE',  ( 17.32050807568882078, 9.999999999999916511, 3.500000000000000444 ) ) ;
#8512 = EDGE_CURVE ( 'NONE', #6562, #5868, #4999, .T. ) ;
#8513 = CARTESIAN_POINT ( 'NONE',  ( 7.576571570780116005, 24.59951591869079834, 0.000000000000000000 ) ) ;
#8514 = CIRCLE ( 'NONE', #3021, 3.800000000000001155 ) ;
#8515 = EDGE_CURVE ( 'NONE', #7206, #8547, #6152, .T. ) ;
#8516 = CIRCLE ( 'NONE', #80, 2.000000000000000000 ) ;
#8517 = EDGE_CURVE ( 'NONE', #8961, #3430, #6764, .T. ) ;
#8518 = CARTESIAN_POINT ( 'NONE',  ( 20.11140353916389145, 18.01475638705407789, 8.000000000000000000 ) ) ;
#8519 = ORIENTED_EDGE ( 'NONE', *, *, #2344, .T. ) ;
#8520 = ORIENTED_EDGE ( 'NONE', *, *, #6254, .T. ) ;
#8521 = ORIENTED_EDGE ( 'NONE', *, *, #6170, .F. ) ;
#8522 = AXIS2_PLACEMENT_3D ( 'NONE', #2918, #1674, #3748 ) ;
#8523 = CARTESIAN_POINT ( 'NONE',  ( -4.368020814570317434, 29.27173839225045882, 0.000000000000000000 ) ) ;
#8524 = FACE_OUTER_BOUND ( 'NONE', #2544, .T. ) ;
#8525 = DIRECTION ( 'NONE',  ( 0.000000000000000000, 0.000000000000000000, 1.000000000000000000 ) ) ;
#8526 = LINE ( 'NONE', #2174, #5862 ) ;
#8527 = EDGE_CURVE ( 'NONE', #68, #8796, #987, .T. ) ;
#8528 = ADVANCED_FACE ( 'NONE', ( #3500 ), #3499, .T. ) ;
#8529 = VECTOR ( 'NONE', #9151, 1000.000000000000000 ) ;
#8530 = ORIENTED_EDGE ( 'NONE', *, *, #8589, .F. ) ;
#8531 = EDGE_CURVE ( 'NONE', #3639, #8007, #3953, .T. ) ;
#8532 = PLANE ( 'NONE',  #2346 ) ;
#8533 = ORIENTED_EDGE ( 'NONE', *, *, #170, .F. ) ;
#8534 = VECTOR ( 'NONE', #8447, 1000.000000000000000 ) ;
#8535 = DIRECTION ( 'NONE',  ( -0.000000000000000000, -0.000000000000000000, -1.000000000000000000 ) ) ;
#8536 = ORIENTED_EDGE ( 'NONE', *, *, #3692, .T. ) ;
#8537 = ORIENTED_EDGE ( 'NONE', *, *, #8405, .F. ) ;
#8538 = DIRECTION ( 'NONE',  ( 0.5883773319995936335, -0.3921888769318234158, 0.7071067811865439090 ) ) ;
#8539 = CARTESIAN_POINT ( 'NONE',  ( -8.726169651492593715, -22.67475652381839879, -0.0009999999999992653654 ) ) ;
#8540 = ORIENTED_EDGE ( 'NONE', *, *, #3459, .T. ) ;
#8541 = CIRCLE ( 'NONE', #2013, 20.00000000000000000 ) ;
#8542 = VECTOR ( 'NONE', #3730, 1000.000000000000227 ) ;
#8543 = VECTOR ( 'NONE', #676, 1000.000000000000000 ) ;
#8544 = CARTESIAN_POINT ( 'NONE',  ( -0.1019771270559974852, -0.4894902098687876069, 0.000000000000000000 ) ) ;
#8545 = CARTESIAN_POINT ( 'NONE',  ( -4.326009955784038574, 29.77090819575968084, 0.5033669991409541744 ) ) ;
#8546 = ORIENTED_EDGE ( 'NONE', *, *, #4273, .F. ) ;
#8547 = VERTEX_POINT ( 'NONE', #8480 ) ;
#8548 = AXIS2_PLACEMENT_3D ( 'NONE', #3723, #176, #3016 ) ;
#8549 = ORIENTED_EDGE ( 'NONE', *, *, #4435, .F. ) ;
#8550 = CARTESIAN_POINT ( 'NONE',  ( 5.545534904594735082, 26.42436456420327318, 0.000000000000000000 ) ) ;
#8551 = VERTEX_POINT ( 'NONE', #1425 ) ;
#8552 = CARTESIAN_POINT ( 'NONE',  ( 3.300000000000015365, -27.94208295743178638, 0.000000000000000000 ) ) ;
#8553 = CARTESIAN_POINT ( 'NONE',  ( 19.96861006084323620, 1.126767000470830560, 5.953069377504529136 ) ) ;
#8554 = CARTESIAN_POINT ( 'NONE',  ( -5.614457567057002940, 29.43206514866650991, 7.999999999999998224 ) ) ;
#8555 = VECTOR ( 'NONE', #3965, 1000.000000000000114 ) ;
#8556 = CARTESIAN_POINT ( 'NONE',  ( 17.87386918043093331, 20.01311571247318355, 7.500000000000007105 ) ) ;
#8557 = DIRECTION ( 'NONE',  ( 0.000000000000000000, 0.000000000000000000, 1.000000000000000000 ) ) ;
#8558 = ORIENTED_EDGE ( 'NONE', *, *, #4500, .T. ) ;
#8559 = CYLINDRICAL_SURFACE ( 'NONE', #3630, 2.249999999999999112 ) ;
#8560 = CIRCLE ( 'NONE', #528, 30.00000000000000000 ) ;
#8561 = CARTESIAN_POINT ( 'NONE',  ( 23.99999999999999289, 3.780293665983592177, 7.500000000000007105 ) ) ;
#8562 = LINE ( 'NONE', #5033, #9166 ) ;
#8563 = DIRECTION ( 'NONE',  ( -0.8660254037844365982, 0.5000000000000036637, 0.000000000000000000 ) ) ;
#8564 = B_SPLINE_CURVE_WITH_KNOTS ( 'NONE', 3,
 ( #1562, #5739, #8570, #2210, #5039, #7177, #798, #106, #5786, #8616, #7928, #4387, #7368, #4792 ),
 .UNSPECIFIED., .F., .F.,
 ( 4, 2, 2, 2, 2, 2, 4 ),
 ( 0.000000000000000000, 0.1250000000000003886, 0.2500000000000007772, 0.5000000000000004441, 0.6250000000000002220, 0.7500000000000001110, 1.000000000000000000 ),
 .UNSPECIFIED. ) ;
#8565 = DIRECTION ( 'NONE',  ( 0.000000000000000000, 0.000000000000000000, 1.000000000000000000 ) ) ;
#8566 = DIRECTION ( 'NONE',  ( -0.000000000000000000, -0.000000000000000000, 1.000000000000000000 ) ) ;
#8567 = AXIS2_PLACEMENT_3D ( 'NONE', #8510, #1512, #7975 ) ;
#8568 = CARTESIAN_POINT ( 'NONE',  ( 9.124740202370116293, 17.79768851898818482, 6.022636576788520379 ) ) ;
#8569 = CIRCLE ( 'NONE', #2337, 30.00000000000000000 ) ;
#8570 = CARTESIAN_POINT ( 'NONE',  ( -6.559908827675325682, 30.34597365824050286, -0.000000000000000000 ) ) ;
#8571 = ORIENTED_EDGE ( 'NONE', *, *, #7407, .T. ) ;
#8572 = ORIENTED_EDGE ( 'NONE', *, *, #1675, .F. ) ;
#8573 = ORIENTED_EDGE ( 'NONE', *, *, #6991, .F. ) ;
#8574 = AXIS2_PLACEMENT_3D ( 'NONE', #8642, #5062, #7905 ) ;
#8575 = CARTESIAN_POINT ( 'NONE',  ( -6.668078978804184764, 30.46996899880983989, 0.000000000000000000 ) ) ;
#8576 = CARTESIAN_POINT ( 'NONE',  ( 19.91997962744328277, 1.789174149005533954, 2.627782740262538663 ) ) ;
#8577 = CARTESIAN_POINT ( 'NONE',  ( 3.799999999999999378, 17.50000000000000000, 3.500000000000000444 ) ) ;
#8578 = CARTESIAN_POINT ( 'NONE',  ( 17.51551992099578925, 18.86126141323202887, 8.000000000000000000 ) ) ;
#8579 = ORIENTED_EDGE ( 'NONE', *, *, #2051, .F. ) ;
#8580 = CARTESIAN_POINT ( 'NONE',  ( -5.812637264157098471, 30.06778306748857332, 7.566790050630066489 ) ) ;
#8581 = AXIS2_PLACEMENT_3D ( 'NONE', #2532, #2452, #5284 ) ;
#8582 = CARTESIAN_POINT ( 'NONE',  ( 25.19406861883199511, 5.248764295590000017, 0.4999999999999831246 ) ) ;
#8583 = VERTEX_POINT ( 'NONE', #25 ) ;
#8584 = EDGE_CURVE ( 'NONE', #4919, #7042, #4302, .T. ) ;
#8585 = CARTESIAN_POINT ( 'NONE',  ( 25.50000000000000000, 3.780293665983593066, 0.4999999999999831246 ) ) ;
#8586 = EDGE_CURVE ( 'NONE', #1720, #5487, #3596, .T. ) ;
#8587 = FACE_OUTER_BOUND ( 'NONE', #4961, .T. ) ;
#8588 = EDGE_CURVE ( 'NONE', #1646, #651, #7041, .T. ) ;
#8589 = EDGE_CURVE ( 'NONE', #1681, #4244, #1282, .T. ) ;
#8590 = VECTOR ( 'NONE', #7080, 1000.000000000000000 ) ;
#8591 = AXIS2_PLACEMENT_3D ( 'NONE', #4855, #5597, #8286 ) ;
#8592 = CARTESIAN_POINT ( 'NONE',  ( 17.32050807568882078, 9.999999999999916511, 0.000000000000000000 ) ) ;
#8593 = DIRECTION ( 'NONE',  ( -0.000000000000000000, -0.000000000000000000, 1.000000000000000000 ) ) ;
#8594 = ORIENTED_EDGE ( 'NONE', *, *, #6254, .F. ) ;
#8595 = CARTESIAN_POINT ( 'NONE',  ( -3.799999999999999378, -21.22168702059287071, 3.500000000000000444 ) ) ;
#8596 = ORIENTED_EDGE ( 'NONE', *, *, #6978, .T. ) ;
#8597 = ORIENTED_EDGE ( 'NONE', *, *, #4329, .F. ) ;
#8598 = CARTESIAN_POINT ( 'NONE',  ( 27.59058000488761664, -11.34838036048130050, 7.667304318458724843 ) ) ;
#8599 = CARTESIAN_POINT ( 'NONE',  ( 19.27852007099593123, 5.587896168346640380, 7.500000000000007105 ) ) ;
#8600 = ORIENTED_EDGE ( 'NONE', *, *, #6691, .F. ) ;
#8601 = CARTESIAN_POINT ( 'NONE',  ( -3.933289240103222451, 29.40476741728795673, 7.833333333333336590 ) ) ;
#8602 = CARTESIAN_POINT ( 'NONE',  ( -13.30887124501167484, 29.63613298244944616, -2.452965475130965523 ) ) ;
#8603 = EDGE_CURVE ( 'NONE', #4159, #4919, #6432, .T. ) ;
#8604 = CARTESIAN_POINT ( 'NONE',  ( -4.921493126231836435, 29.25009933727447375, 7.999999999999998224 ) ) ;
#8605 = CARTESIAN_POINT ( 'NONE',  ( -9.264938101240458579, 31.66801395401187236, -17.29820896870639757 ) ) ;
#8606 = DIRECTION ( 'NONE',  ( -0.9497990403563202344, 0.3128606445978997508, 0.000000000000000000 ) ) ;
#8607 = VECTOR ( 'NONE', #6114, 1000.000000000000000 ) ;
#8608 = CARTESIAN_POINT ( 'NONE',  ( -10.44670740485510763, 31.45963614081155768, -17.29820896870639757 ) ) ;
#8609 = CARTESIAN_POINT ( 'NONE',  ( 17.08868083885758793, -14.25401652825130228, 0.000000000000000000 ) ) ;
#8610 = DIRECTION ( 'NONE',  ( 0.000000000000000000, 0.000000000000000000, 1.000000000000000000 ) ) ;
#8611 = CARTESIAN_POINT ( 'NONE',  ( -3.650033765325360502, 29.77712634744972675, 0.4999999999999831801 ) ) ;
#8612 = CARTESIAN_POINT ( 'NONE',  ( -23.11762239271864772, 8.959103465619401518, 3.500000000000000444 ) ) ;
#8613 = DIRECTION ( 'NONE',  ( -0.000000000000000000, -0.000000000000000000, -1.000000000000000000 ) ) ;
#8614 = ORIENTED_EDGE ( 'NONE', *, *, #117, .T. ) ;
#8615 = LINE ( 'NONE', #4660, #2057 ) ;
#8616 = CARTESIAN_POINT ( 'NONE',  ( -4.773813966863250435, 29.33461475987499512, -0.000000000000000000 ) ) ;
#8617 = EDGE_LOOP ( 'NONE', ( #5288, #4350, #995, #8135 ) ) ;
#8618 = ORIENTED_EDGE ( 'NONE', *, *, #4460, .T. ) ;
#8619 = ORIENTED_EDGE ( 'NONE', *, *, #1082, .F. ) ;
#8620 = CARTESIAN_POINT ( 'NONE',  ( -5.718897115560455546, 30.28445485354343347, 0.5100599103727232464 ) ) ;
#8621 = CARTESIAN_POINT ( 'NONE',  ( -19.31762239271888859, -15.54089653438068908, 7.500000000000007105 ) ) ;
#8622 = DIRECTION ( 'NONE',  ( -1.000000000000000000, 0.000000000000000000, 0.000000000000000000 ) ) ;
#8623 = CIRCLE ( 'NONE', #3260, 2.249999999999998668 ) ;
#8624 = DIRECTION ( 'NONE',  ( 1.000000000000000000, 0.000000000000000000, 0.000000000000000000 ) ) ;
#8625 = ORIENTED_EDGE ( 'NONE', *, *, #1724, .T. ) ;
#8626 = EDGE_CURVE ( 'NONE', #2994, #8949, #8560, .T. ) ;
#8627 = CARTESIAN_POINT ( 'NONE',  ( -3.722057741095610606, 29.76825693125337935, 2.834972954781404653 ) ) ;
#8628 = VERTEX_POINT ( 'NONE', #5751 ) ;
#8629 = CARTESIAN_POINT ( 'NONE',  ( 19.31762239271878556, 15.54089653438082586, 7.500000000000007105 ) ) ;
#8630 = ORIENTED_EDGE ( 'NONE', *, *, #4255, .T. ) ;
#8631 = ORIENTED_EDGE ( 'NONE', *, *, #6656, .T. ) ;
#8632 = VERTEX_POINT ( 'NONE', #8578 ) ;
#8633 = AXIS2_PLACEMENT_3D ( 'NONE', #6548, #171, #921 ) ;
#8634 = CARTESIAN_POINT ( 'NONE',  ( -25.19406861883199511, -5.248764295590000017, 0.4999999999999831246 ) ) ;
#8635 = CARTESIAN_POINT ( 'NONE',  ( -16.69791183812861135, -10.50236831605526255, 0.4999999999999831246 ) ) ;
#8636 = CARTESIAN_POINT ( 'NONE',  ( 24.96273608120150556, -16.63916486306570874, 2.999999999999961808 ) ) ;
#8637 = CARTESIAN_POINT ( 'NONE',  ( 22.29855367578806380, -17.26193801309686648, 2.999999999999961808 ) ) ;
#8638 = CARTESIAN_POINT ( 'NONE',  ( -4.873207324736402057, 29.87977305722733945, 0.5060398008912639911 ) ) ;
#8639 = EDGE_LOOP ( 'NONE', ( #248, #2516, #286, #4149 ) ) ;
#8640 = EDGE_CURVE ( 'NONE', #162, #6573, #2810, .T. ) ;
#8641 = EDGE_CURVE ( 'NONE', #6332, #8969, #1744, .T. ) ;
#8642 = CARTESIAN_POINT ( 'NONE',  ( 25.19406861883199866, -5.248764295590000017, 7.500000000000007105 ) ) ;
#8643 = VERTEX_POINT ( 'NONE', #3647 ) ;
#8644 = EDGE_CURVE ( 'NONE', #1811, #5544, #6483, .T. ) ;
#8645 = EDGE_CURVE ( 'NONE', #3921, #7749, #7667, .T. ) ;
#8646 = ORIENTED_EDGE ( 'NONE', *, *, #1123, .T. ) ;
#8647 = ORIENTED_EDGE ( 'NONE', *, *, #6240, .T. ) ;
#8648 = CARTESIAN_POINT ( 'NONE',  ( -27.10181909468671435, 26.94172764953815147, 0.5000000000000002220 ) ) ;
#8649 = DIRECTION ( 'NONE',  ( 1.000000000000000000, 0.000000000000000000, 0.000000000000000000 ) ) ;
#8650 = DIRECTION ( 'NONE',  ( 0.8660254037844410391, 0.4999999999999958367, 0.000000000000000000 ) ) ;
#8651 = CARTESIAN_POINT ( 'NONE',  ( 19.31762239271878556, 15.54089653438082408, 3.500000000000000444 ) ) ;
#8652 = CARTESIAN_POINT ( 'NONE',  ( -18.98968187731284374, 30.10695833551460865, -19.02808290795733370 ) ) ;
#8653 = ORIENTED_EDGE ( 'NONE', *, *, #667, .F. ) ;
#8654 = ORIENTED_EDGE ( 'NONE', *, *, #571, .F. ) ;
#8655 = EDGE_CURVE ( 'NONE', #4508, #8784, #3550, .T. ) ;
#8656 = EDGE_CURVE ( 'NONE', #3837, #3275, #6178, .T. ) ;
#8657 = CARTESIAN_POINT ( 'NONE',  ( -19.27852007099586373, 5.587896168346938808, 7.500000000000007105 ) ) ;
#8658 = CARTESIAN_POINT ( 'NONE',  ( 7.920032505485539609, 25.64221295270852252, 8.000000000000000000 ) ) ;
#8659 = DIRECTION ( 'NONE',  ( 1.000000000000000000, 0.000000000000000000, -0.000000000000000000 ) ) ;
#8660 = CONICAL_SURFACE ( 'NONE', #8494, 1.500000000000008216, 0.7853981633974552734 ) ;
#8661 = CARTESIAN_POINT ( 'NONE',  ( -9.839194789293008725, 34.21047468975912409, 10.28000334725076748 ) ) ;
#8662 = EDGE_CURVE ( 'NONE', #3130, #7260, #5902, .T. ) ;
#8663 = VECTOR ( 'NONE', #6316, 1000.000000000000000 ) ;
#8664 = AXIS2_PLACEMENT_3D ( 'NONE', #5987, #6767, #3850 ) ;
#8665 = LINE ( 'NONE', #1464, #6461 ) ;
#8666 = EDGE_LOOP ( 'NONE', ( #6336, #3597, #2088, #5436 ) ) ;
#8667 = VERTEX_POINT ( 'NONE', #3484 ) ;
#8668 = CARTESIAN_POINT ( 'NONE',  ( -6.354226081361701084, 30.87407890592078985, 0.5129242511171291374 ) ) ;
#8669 = AXIS2_PLACEMENT_3D ( 'NONE', #3857, #6774, #6682 ) ;
#8670 = VECTOR ( 'NONE', #8324, 1000.000000000000000 ) ;
#8671 = FACE_OUTER_BOUND ( 'NONE', #8864, .T. ) ;
#8672 = EDGE_CURVE ( 'NONE', #1370, #6207, #600, .T. ) ;
#8673 = DIRECTION ( 'NONE',  ( 0.4999999999999977796, -0.8660254037844399289, 0.000000000000000000 ) ) ;
#8674 = EDGE_LOOP ( 'NONE', ( #1786, #3731, #8852, #6716 ) ) ;
#8675 = CARTESIAN_POINT ( 'NONE',  ( -23.99999999999999645, -3.780293665983591733, -0.0009999999999992653654 ) ) ;
#8676 = ORIENTED_EDGE ( 'NONE', *, *, #742, .T. ) ;
#8677 = AXIS2_PLACEMENT_3D ( 'NONE', #8776, #8686, #3177 ) ;
#8678 = CYLINDRICAL_SURFACE ( 'NONE', #233, 1.999999999999998224 ) ;
#8679 = CONICAL_SURFACE ( 'NONE', #641, 1.499999999999963141, 0.7853981633974469467 ) ;
#8680 = EDGE_LOOP ( 'NONE', ( #7658, #5344, #1954, #3656 ) ) ;
#8681 = CARTESIAN_POINT ( 'NONE',  ( 0.000000000000000000, 0.000000000000000000, 0.4999999999999831246 ) ) ;
#8682 = CARTESIAN_POINT ( 'NONE',  ( 25.65693844375873667, 8.409608177149221930, 8.000000000000000000 ) ) ;
#8683 = CARTESIAN_POINT ( 'NONE',  ( -24.02189194300062880, 17.97077370284322129, 8.000000000000000000 ) ) ;
#8684 = AXIS2_PLACEMENT_3D ( 'NONE', #4021, #6852, #1820 ) ;
#8685 = DIRECTION ( 'NONE',  ( 1.000000000000000000, 0.000000000000000000, 0.000000000000000000 ) ) ;
#8686 = DIRECTION ( 'NONE',  ( -0.000000000000000000, -0.000000000000000000, 1.000000000000000000 ) ) ;
#8687 = ORIENTED_EDGE ( 'NONE', *, *, #6869, .T. ) ;
#8688 = VECTOR ( 'NONE', #63, 1000.000000000000114 ) ;
#8689 = VERTEX_POINT ( 'NONE', #506 ) ;
#8690 = CARTESIAN_POINT ( 'NONE',  ( -5.545534904594551229, -26.42436456420330515, 8.000000000000000000 ) ) ;
#8691 = ORIENTED_EDGE ( 'NONE', *, *, #3, .T. ) ;
#8692 = ORIENTED_EDGE ( 'NONE', *, *, #4639, .F. ) ;
#8693 = VECTOR ( 'NONE', #8938, 1000.000000000000114 ) ;
#8694 = EDGE_CURVE ( 'NONE', #524, #1198, #2929, .T. ) ;
#8695 = DIRECTION ( 'NONE',  ( 0.000000000000000000, 0.000000000000000000, -1.000000000000000000 ) ) ;
#8696 = DIRECTION ( 'NONE',  ( 0.000000000000000000, 0.000000000000000000, 1.000000000000000000 ) ) ;
#8697 = CARTESIAN_POINT ( 'NONE',  ( -4.030660982976405293, 29.22359521898555812, 7.999999999999998224 ) ) ;
#8698 = AXIS2_PLACEMENT_3D ( 'NONE', #7531, #481, #3986 ) ;
#8699 = EDGE_CURVE ( 'NONE', #1941, #3642, #7020, .T. ) ;
#8700 = ADVANCED_FACE ( 'NONE', ( #8325 ), #6773, .F. ) ;
#8701 = EDGE_CURVE ( 'NONE', #5084, #6714, #644, .T. ) ;
#8702 = PLANE ( 'NONE',  #2862 ) ;
#8703 = AXIS2_PLACEMENT_3D ( 'NONE', #5120, #3766, #7966 ) ;
#8704 = AXIS2_PLACEMENT_3D ( 'NONE', #4093, #6927, #550 ) ;
#8705 = ORIENTED_EDGE ( 'NONE', *, *, #1355, .F. ) ;
#8706 = DIRECTION ( 'NONE',  ( -0.8660254037844362651, 0.5000000000000042188, 0.000000000000000000 ) ) ;
#8707 = PLANE ( 'NONE',  #3944 ) ;
#8708 = ADVANCED_FACE ( 'NONE', ( #9156 ), #7237, .T. ) ;
#8709 = CARTESIAN_POINT ( 'NONE',  ( 19.90340840598552674, -1.966485160472040583, 5.131993922693012244 ) ) ;
#8710 = AXIS2_PLACEMENT_3D ( 'NONE', #7192, #810, #3652 ) ;
#8711 = EDGE_CURVE ( 'NONE', #9136, #7190, #2796, .T. ) ;
#8712 = EDGE_CURVE ( 'NONE', #8905, #6257, #2600, .T. ) ;
#8713 = CARTESIAN_POINT ( 'NONE',  ( -7.964096914097976487, 46.61134813273647381, 8.000000000000000000 ) ) ;
#8714 = VECTOR ( 'NONE', #7140, 1000.000000000000000 ) ;
#8715 = DIRECTION ( 'NONE',  ( 0.000000000000000000, 0.000000000000000000, -1.000000000000000000 ) ) ;
#8716 = VERTEX_POINT ( 'NONE', #4794 ) ;
#8717 = CARTESIAN_POINT ( 'NONE',  ( -6.616242438541369175, 30.41117563750760056, 0.000000000000000000 ) ) ;
#8718 = AXIS2_PLACEMENT_3D ( 'NONE', #3284, #7008, #2685 ) ;
#8719 = DIRECTION ( 'NONE',  ( -0.000000000000000000, -0.000000000000000000, -1.000000000000000000 ) ) ;
#8720 = VECTOR ( 'NONE', #4081, 1000.000000000000000 ) ;
#8721 = LINE ( 'NONE', #8033, #8363 ) ;
#8722 = B_SPLINE_CURVE_WITH_KNOTS ( 'NONE', 3,
 ( #6893, #6945, #2528, #526, #8252, #1888, #4632, #7561, #7473, #384, #3366, #3221, #8981, #2616, #1181, #6839, #6062, #9067 ),
 .UNSPECIFIED., .F., .F.,
 ( 4, 2, 2, 2, 2, 2, 2, 2, 4 ),
 ( 0.003520866618308089290, 0.003960769934826198491, 0.004400673251344308125, 0.004840576567862416892, 0.005280479884380525658, 0.005720383200898633558, 0.006160286517416742325, 0.006600189833934851091, 0.007040093150452959858 ),
 .UNSPECIFIED. ) ;
#8723 = ORIENTED_EDGE ( 'NONE', *, *, #4615, .T. ) ;
#8724 = ORIENTED_EDGE ( 'NONE', *, *, #6426, .F. ) ;
#8725 = AXIS2_PLACEMENT_3D ( 'NONE', #223, #8827, #2329 ) ;
#8726 = PLANE ( 'NONE',  #4386 ) ;
#8727 = ORIENTED_EDGE ( 'NONE', *, *, #227, .T. ) ;
#8728 = EDGE_CURVE ( 'NONE', #7109, #8957, #7638, .T. ) ;
#8729 = ORIENTED_EDGE ( 'NONE', *, *, #853, .T. ) ;
#8730 = DIRECTION ( 'NONE',  ( 1.000000000000000000, 0.000000000000000000, 0.000000000000000000 ) ) ;
#8731 = LINE ( 'NONE', #7337, #1114 ) ;
#8732 = DIRECTION ( 'NONE',  ( -0.8660254037844361541, 0.5000000000000042188, 0.000000000000000000 ) ) ;
#8733 = CARTESIAN_POINT ( 'NONE',  ( 16.72103440749877379, 10.97301272865580302, -0.0009999999999992653654 ) ) ;
#8734 = FACE_OUTER_BOUND ( 'NONE', #998, .T. ) ;
#8735 = ORIENTED_EDGE ( 'NONE', *, *, #2844, .T. ) ;
#8736 = VECTOR ( 'NONE', #3737, 1000.000000000000114 ) ;
#8737 = FACE_OUTER_BOUND ( 'NONE', #8260, .T. ) ;
#8738 = VERTEX_POINT ( 'NONE', #1267 ) ;
#8739 = PLANE ( 'NONE',  #1482 ) ;
#8740 = ADVANCED_FACE ( 'NONE', ( #4002 ), #1316, .T. ) ;
#8741 = ORIENTED_EDGE ( 'NONE', *, *, #1624, .F. ) ;
#8742 = CARTESIAN_POINT ( 'NONE',  ( 0.000000000000000000, 0.000000000000000000, 7.500000000000007105 ) ) ;
#8743 = LINE ( 'NONE', #7309, #7391 ) ;
#8744 = EDGE_LOOP ( 'NONE', ( #9110, #2642, #6525, #3714 ) ) ;
#8745 = AXIS2_PLACEMENT_3D ( 'NONE', #8072, #6699, #3167 ) ;
#8746 = FACE_OUTER_BOUND ( 'NONE', #6235, .T. ) ;
#8747 = LINE ( 'NONE', #5960, #2773 ) ;
#8748 = DIRECTION ( 'NONE',  ( -0.000000000000000000, 0.000000000000000000, 1.000000000000000000 ) ) ;
#8749 = DIRECTION ( 'NONE',  ( -4.588859039144119206E-16, 1.000000000000000000, 0.000000000000000000 ) ) ;
#8750 = LINE ( 'NONE', #4267, #4235 ) ;
#8751 = ORIENTED_EDGE ( 'NONE', *, *, #395, .F. ) ;
#8752 = EDGE_CURVE ( 'NONE', #2611, #7979, #7533, .T. ) ;
#8753 = DIRECTION ( 'NONE',  ( -1.000000000000000000, 0.000000000000000000, 0.000000000000000000 ) ) ;
#8754 = DIRECTION ( 'NONE',  ( 0.000000000000000000, 0.000000000000000000, -1.000000000000000000 ) ) ;
#8755 = DIRECTION ( 'NONE',  ( 0.000000000000000000, 0.000000000000000000, -1.000000000000000000 ) ) ;
#8756 = VECTOR ( 'NONE', #5419, 1000.000000000000000 ) ;
#8757 = CARTESIAN_POINT ( 'NONE',  ( 20.52852007099592768, 6.886934274023307267, 8.000000000000000000 ) ) ;
#8758 = LINE ( 'NONE', #2469, #389 ) ;
#8759 = EDGE_CURVE ( 'NONE', #718, #5243, #5530, .T. ) ;
#8760 = ADVANCED_FACE ( 'NONE', ( #5731 ), #4851, .T. ) ;
#8761 = ORIENTED_EDGE ( 'NONE', *, *, #2102, .T. ) ;
#8762 = DIRECTION ( 'NONE',  ( 1.000000000000000000, 0.000000000000000000, 0.000000000000000000 ) ) ;
#8763 = LINE ( 'NONE', #1040, #6281 ) ;
#8764 = VECTOR ( 'NONE', #5292, 1000.000000000000000 ) ;
#8765 = ORIENTED_EDGE ( 'NONE', *, *, #1257, .F. ) ;
#8766 = CARTESIAN_POINT ( 'NONE',  ( 25.09209149177600295, -5.738254505458790788, 0.000000000000000000 ) ) ;
#8767 = ORIENTED_EDGE ( 'NONE', *, *, #896, .F. ) ;
#8768 = EDGE_CURVE ( 'NONE', #3544, #3806, #3579, .T. ) ;
#8769 = CARTESIAN_POINT ( 'NONE',  ( 1.800000000000004263, -27.94208295743178638, 0.000000000000000000 ) ) ;
#8770 = ORIENTED_EDGE ( 'NONE', *, *, #4136, .T. ) ;
#8771 = ORIENTED_EDGE ( 'NONE', *, *, #2892, .F. ) ;
#8772 = DIRECTION ( 'NONE',  ( 0.5503025268998177344, -0.4440350536699561590, 0.7071067811865436870 ) ) ;
#8773 = CARTESIAN_POINT ( 'NONE',  ( 8.261226302091957407, 18.21424899471635328, 2.872566994419016417 ) ) ;
#8774 = DIRECTION ( 'NONE',  ( 0.7071067811865474617, 0.000000000000000000, 0.7071067811865474617 ) ) ;
#8775 = DIRECTION ( 'NONE',  ( 0.8660254037844365982, -0.5000000000000036637, 0.000000000000000000 ) ) ;
#8776 = CARTESIAN_POINT ( 'NONE',  ( 0.000000000000000000, 0.000000000000000000, 0.4999999999999831246 ) ) ;
#8777 = VERTEX_POINT ( 'NONE', #7128 ) ;
#8778 = EDGE_CURVE ( 'NONE', #5527, #6012, #8412, .T. ) ;
#8779 = ORIENTED_EDGE ( 'NONE', *, *, #7232, .F. ) ;
#8780 = DIRECTION ( 'NONE',  ( 0.6661197751396954470, 0.7458447862443241538, 0.000000000000000000 ) ) ;
#8781 = ORIENTED_EDGE ( 'NONE', *, *, #1610, .F. ) ;
#8782 = EDGE_LOOP ( 'NONE', ( #8594, #8475, #5187, #6245 ) ) ;
#8783 = FACE_OUTER_BOUND ( 'NONE', #4456, .T. ) ;
#8784 = VERTEX_POINT ( 'NONE', #2297 ) ;
#8785 = DIRECTION ( 'NONE',  ( -1.000000000000000000, 0.000000000000000000, 0.000000000000000000 ) ) ;
#8786 = FACE_OUTER_BOUND ( 'NONE', #4675, .T. ) ;
#8787 = DIRECTION ( 'NONE',  ( -1.000000000000000000, 0.000000000000000000, 0.000000000000000000 ) ) ;
#8788 = APPLICATION_PROTOCOL_DEFINITION ( 'draft international standard', 'automotive_design', 1998, #3827 ) ;
#8789 = CARTESIAN_POINT ( 'NONE',  ( -4.793622293778949661, 29.73659087930100142, 7.510945428104282229 ) ) ;
#8790 = CARTESIAN_POINT ( 'NONE',  ( 0.000000000000000000, 0.000000000000000000, 7.500000000000009770 ) ) ;
#8791 = EDGE_CURVE ( 'NONE', #6714, #5787, #1454, .T. ) ;
#8792 = VERTEX_POINT ( 'NONE', #5034 ) ;
#8793 = CARTESIAN_POINT ( 'NONE',  ( -22.06114064347681492, 28.23118292580191024, -4.009852020456808219 ) ) ;
#8794 = PLANE ( 'NONE',  #553 ) ;
#8795 = VECTOR ( 'NONE', #424, 1000.000000000000114 ) ;
#8796 = VERTEX_POINT ( 'NONE', #2842 ) ;
#8797 = ORIENTED_EDGE ( 'NONE', *, *, #8237, .T. ) ;
#8798 = CARTESIAN_POINT ( 'NONE',  ( 30.33285411737061210, 37.11342932358870428, 0.000000000000000000 ) ) ;
#8799 = EDGE_CURVE ( 'NONE', #7668, #153, #4252, .T. ) ;
#8800 = CONICAL_SURFACE ( 'NONE', #780, 1.500000000000008216, 0.7853981633974460586 ) ;
#8801 = EDGE_CURVE ( 'NONE', #583, #1633, #3536, .T. ) ;
#8802 = CARTESIAN_POINT ( 'NONE',  ( -6.035311245792624568, 30.45346571720604700, 2.783425236216870768 ) ) ;
#8803 = ORIENTED_EDGE ( 'NONE', *, *, #8811, .T. ) ;
#8804 = CARTESIAN_POINT ( 'NONE',  ( 23.36762239271876140, 8.526090763726868360, 8.000000000000000000 ) ) ;
#8805 = EDGE_LOOP ( 'NONE', ( #5985, #7131, #1920, #5133 ) ) ;
#8806 = ORIENTED_EDGE ( 'NONE', *, *, #786, .T. ) ;
#8807 = CARTESIAN_POINT ( 'NONE',  ( 0.000000000000000000, 0.000000000000000000, 0.000000000000000000 ) ) ;
#8808 = CIRCLE ( 'NONE', #6583, 1.500000000000008216 ) ;
#8809 = VECTOR ( 'NONE', #8163, 1000.000000000000000 ) ;
#8810 = CARTESIAN_POINT ( 'NONE',  ( 0.000000000000000000, 0.000000000000000000, 0.4999999999999831246 ) ) ;
#8811 = EDGE_CURVE ( 'NONE', #5041, #3778, #5428, .T. ) ;
#8812 = DIRECTION ( 'NONE',  ( 1.000000000000000000, 0.000000000000000000, 0.000000000000000000 ) ) ;
#8813 = EDGE_CURVE ( 'NONE', #5048, #1720, #11, .T. ) ;
#8814 = CARTESIAN_POINT ( 'NONE',  ( -11.65494176489707101, -16.25346238275185939, 5.131507876459469486 ) ) ;
#8815 = FACE_BOUND ( 'NONE', #1648, .T. ) ;
#8816 = ADVANCED_FACE ( 'NONE', ( #6519, #1608 ), #7880, .T. ) ;
#8817 = LINE ( 'NONE', #1051, #4665 ) ;
#8818 = ORIENTED_EDGE ( 'NONE', *, *, #5049, .T. ) ;
#8819 = CIRCLE ( 'NONE', #2428, 1.000000000000000888 ) ;
#8820 = FACE_OUTER_BOUND ( 'NONE', #5210, .T. ) ;
#8821 = VECTOR ( 'NONE', #6521, 1000.000000000000000 ) ;
#8822 = EDGE_LOOP ( 'NONE', ( #957, #3577 ) ) ;
#8823 = CARTESIAN_POINT ( 'NONE',  ( -7.476169651492577728, -23.97379462949506745, 8.000000000000000000 ) ) ;
#8824 = EDGE_LOOP ( 'NONE', ( #7592, #8430 ) ) ;
#8825 = DIRECTION ( 'NONE',  ( 0.000000000000000000, 0.000000000000000000, -1.000000000000000000 ) ) ;
#8826 = LINE ( 'NONE', #8910, #7884 ) ;
#8827 = DIRECTION ( 'NONE',  ( -0.000000000000000000, -0.000000000000000000, 1.000000000000000000 ) ) ;
#8828 = EDGE_CURVE ( 'NONE', #8007, #6703, #7832, .T. ) ;
#8829 = CARTESIAN_POINT ( 'NONE',  ( -4.386592995775791870, 29.70672746897867000, 7.505508039906866102 ) ) ;
#8830 = AXIS2_PLACEMENT_3D ( 'NONE', #7775, #3686, #3273 ) ;
#8831 = CARTESIAN_POINT ( 'NONE',  ( 16.85536169075370339, -11.66819533063592473, 3.500000000000000444 ) ) ;
#8832 = AXIS2_PLACEMENT_3D ( 'NONE', #3818, #6651, #275 ) ;
#8833 = ORIENTED_EDGE ( 'NONE', *, *, #1068, .F. ) ;
#8834 = DIRECTION ( 'NONE',  ( -0.1864190604946333873, -0.6820908545672592638, 0.7071067811865504593 ) ) ;
#8835 = CARTESIAN_POINT ( 'NONE',  ( -17.87386918043079476, -20.01311571247330434, 7.500000000000009770 ) ) ;
#8836 = DIRECTION ( 'NONE',  ( 0.1729873939250869408, -0.9810602621904069842, -0.08715574274766209328 ) ) ;
#8837 = CONICAL_SURFACE ( 'NONE', #3183, 1.500000000000001332, 0.7853981633974533860 ) ;
#8838 = CONICAL_SURFACE ( 'NONE', #6014, 1.500000000000001332, 0.7853981633974509435 ) ;
#8839 = AXIS2_PLACEMENT_3D ( 'NONE', #4401, #3086, #6663 ) ;
#8840 = ORIENTED_EDGE ( 'NONE', *, *, #7053, .T. ) ;
#8841 = EDGE_CURVE ( 'NONE', #7957, #5321, #2981, .T. ) ;
#8842 = VERTEX_POINT ( 'NONE', #3629 ) ;
#8843 = CARTESIAN_POINT ( 'NONE',  ( 23.46762239271869532, -12.25000000000009948, -0.001000000000000132727 ) ) ;
#8844 = ORIENTED_EDGE ( 'NONE', *, *, #4720, .T. ) ;
#8845 = CIRCLE ( 'NONE', #681, 2.250000000000000000 ) ;
#8846 = ORIENTED_EDGE ( 'NONE', *, *, #2212, .F. ) ;
#8847 = VERTEX_POINT ( 'NONE', #183 ) ;
#8848 = EDGE_LOOP ( 'NONE', ( #2407, #3722, #8533, #8210 ) ) ;
#8849 = FACE_BOUND ( 'NONE', #5225, .T. ) ;
#8850 = VERTEX_POINT ( 'NONE', #3023 ) ;
#8851 = EDGE_CURVE ( 'NONE', #6561, #6437, #5592, .T. ) ;
#8852 = ORIENTED_EDGE ( 'NONE', *, *, #4380, .F. ) ;
#8853 = CONICAL_SURFACE ( 'NONE', #6040, 2.500000000000009326, 0.7853981633974543852 ) ;
#8854 = CARTESIAN_POINT ( 'NONE',  ( -17.05544456622772742, -5.459103465618976081, 3.500000000000000444 ) ) ;
#8855 = AXIS2_PLACEMENT_3D ( 'NONE', #315, #5336, #231 ) ;
#8856 = CARTESIAN_POINT ( 'NONE',  ( 25.65693844375873311, -8.409608177149218378, 0.000000000000000000 ) ) ;
#8857 =( NAMED_UNIT ( * ) PLANE_ANGLE_UNIT ( ) SI_UNIT ( $, .RADIAN. ) );
#8858 = DIRECTION ( 'NONE',  ( 0.9848077530122081313, 0.1736481776669298871, 0.000000000000000000 ) ) ;
#8859 = DIRECTION ( 'NONE',  ( 0.000000000000000000, 0.9963088074654183890, 0.08584148278563182022 ) ) ;
#8860 = DIRECTION ( 'NONE',  ( 0.3535533905932643495, -0.6123724356957859216, 0.7071067811865597852 ) ) ;
#8861 = ORIENTED_EDGE ( 'NONE', *, *, #430, .F. ) ;
#8862 = FACE_OUTER_BOUND ( 'NONE', #1147, .T. ) ;
#8863 = CONICAL_SURFACE ( 'NONE', #7402, 30.00000000000000000, 0.7853981633974552734 ) ;
#8864 = EDGE_LOOP ( 'NONE', ( #4297, #2941, #6010, #861 ) ) ;
#8865 = VERTEX_POINT ( 'NONE', #4333 ) ;
#8866 = ADVANCED_FACE ( 'NONE', ( #701 ), #7830, .T. ) ;
#8867 = EDGE_CURVE ( 'NONE', #8328, #992, #322, .T. ) ;
#8868 = VERTEX_POINT ( 'NONE', #1203 ) ;
#8869 = ADVANCED_FACE ( 'NONE', ( #5421 ), #537, .F. ) ;
#8870 = ORIENTED_EDGE ( 'NONE', *, *, #430, .T. ) ;
#8871 = CARTESIAN_POINT ( 'NONE',  ( -19.31762239271856885, 15.54089653438109409, 7.500000000000007105 ) ) ;
#8872 = DIRECTION ( 'NONE',  ( 0.000000000000000000, 0.000000000000000000, 1.000000000000000000 ) ) ;
#8873 = EDGE_CURVE ( 'NONE', #7738, #3209, #8271, .T. ) ;
#8874 = CARTESIAN_POINT ( 'NONE',  ( -28.50770938195415027, -9.344009085721356911, 7.500000000000009770 ) ) ;
#8875 = CARTESIAN_POINT ( 'NONE',  ( -4.996555917962734128, 29.77175669096342148, 7.513640484194151092 ) ) ;
#8876 = CARTESIAN_POINT ( 'NONE',  ( 19.31214880150596969, -5.201609557053602728, 2.999999999999962252 ) ) ;
#8877 = AXIS2_PLACEMENT_3D ( 'NONE', #3059, #4559, #7397 ) ;
#8878 = CYLINDRICAL_SURFACE ( 'NONE', #7488, 1.199999999999998401 ) ;
#8879 = ORIENTED_EDGE ( 'NONE', *, *, #343, .F. ) ;
#8880 = CARTESIAN_POINT ( 'NONE',  ( 0.000000000000000000, 0.000000000000000000, 7.500000000000009770 ) ) ;
#8881 = CIRCLE ( 'NONE', #4873, 2.000000000000000000 ) ;
#8882 = EDGE_CURVE ( 'NONE', #467, #1312, #4104, .T. ) ;
#8883 = LINE ( 'NONE', #404, #6468 ) ;
#8884 = LINE ( 'NONE', #8270, #2518 ) ;
#8885 = DIRECTION ( 'NONE',  ( 0.000000000000000000, 0.000000000000000000, 1.000000000000000000 ) ) ;
#8886 = CONICAL_SURFACE ( 'NONE', #6516, 2.500000000000010658, 0.7853981633974548293 ) ;
#8887 = LINE ( 'NONE', #2515, #6151 ) ;
#8888 = VERTEX_POINT ( 'NONE', #6964 ) ;
#8889 = VERTEX_POINT ( 'NONE', #7719 ) ;
#8890 = CYLINDRICAL_SURFACE ( 'NONE', #1561, 1.500000000000001332 ) ;
#8891 = ORIENTED_EDGE ( 'NONE', *, *, #6242, .F. ) ;
#8892 = LINE ( 'NONE', #1838, #6727 ) ;
#8893 = AXIS2_PLACEMENT_3D ( 'NONE', #3666, #2871, #7907 ) ;
#8894 = ORIENTED_EDGE ( 'NONE', *, *, #343, .T. ) ;
#8895 = CARTESIAN_POINT ( 'NONE',  ( -5.923850258731916618, 30.26040962455297034, 5.177771265231987385 ) ) ;
#8896 = CARTESIAN_POINT ( 'NONE',  ( 0.000000000000000000, 0.000000000000000000, 0.4999999999999831246 ) ) ;
#8897 = ORIENTED_EDGE ( 'NONE', *, *, #3206, .F. ) ;
#8898 = EDGE_LOOP ( 'NONE', ( #6760, #1044, #3890, #1697 ) ) ;
#8899 = ORIENTED_EDGE ( 'NONE', *, *, #8644, .F. ) ;
#8900 = SURFACE_STYLE_FILL_AREA ( #1283 ) ;
#8901 = AXIS2_PLACEMENT_3D ( 'NONE', #7262, #877, #4514 ) ;
#8902 = DIRECTION ( 'NONE',  ( 0.000000000000000000, 0.000000000000000000, 1.000000000000000000 ) ) ;
#8903 = EDGE_CURVE ( 'NONE', #373, #3915, #4568, .T. ) ;
#8904 = CARTESIAN_POINT ( 'NONE',  ( -23.55961359711019298, -8.983347098777867856, 0.2999999999999947153 ) ) ;
#8905 = VERTEX_POINT ( 'NONE', #6174 ) ;
#8906 = EDGE_LOOP ( 'NONE', ( #1936, #4077, #3137, #5932 ) ) ;
#8907 = ORIENTED_EDGE ( 'NONE', *, *, #6294, .T. ) ;
#8908 = CARTESIAN_POINT ( 'NONE',  ( -16.38661371934865230, -10.75355247408290360, 0.4999999999999831246 ) ) ;
#8909 = CARTESIAN_POINT ( 'NONE',  ( -8.726169651492591939, -22.67475652381839524, 0.4999999999999831246 ) ) ;
#8910 = CARTESIAN_POINT ( 'NONE',  ( -17.87386918043079476, -20.01311571247330434, 7.500000000000009770 ) ) ;
#8911 = DIRECTION ( 'NONE',  ( 0.000000000000000000, 0.000000000000000000, 1.000000000000000000 ) ) ;
#8912 = CARTESIAN_POINT ( 'NONE',  ( 17.33868083885759148, -13.82100382635907820, 3.500000000000000444 ) ) ;
#8913 = DIRECTION ( 'NONE',  ( -0.000000000000000000, -0.000000000000000000, -1.000000000000000000 ) ) ;
#8914 = EDGE_CURVE ( 'NONE', #6573, #7523, #5755, .T. ) ;
#8915 = ADVANCED_FACE ( 'NONE', ( #6919 ), #7672, .T. ) ;
#8916 = CONICAL_SURFACE ( 'NONE', #4914, 20.00000000000000000, 0.7853981633974482790 ) ;
#8917 = ORIENTED_EDGE ( 'NONE', *, *, #8964, .T. ) ;
#8918 = DIRECTION ( 'NONE',  ( 1.000000000000000000, 0.000000000000000000, 0.000000000000000000 ) ) ;
#8919 = CARTESIAN_POINT ( 'NONE',  ( -14.42316642979178098, -14.56785056686562463, 8.000000000000000000 ) ) ;
#8920 = DIRECTION ( 'NONE',  ( 0.5000000000000105471, 0.8660254037844326014, 0.000000000000000000 ) ) ;
#8921 = CARTESIAN_POINT ( 'NONE',  ( -26.64146433410589765, 31.60178227413109298, 6.295224554883793289 ) ) ;
#8922 = EDGE_CURVE ( 'NONE', #7260, #529, #4883, .T. ) ;
#8923 = EDGE_CURVE ( 'NONE', #6536, #6196, #690, .T. ) ;
#8924 = DIRECTION ( 'NONE',  ( -1.000000000000000000, 0.000000000000000000, 0.000000000000000000 ) ) ;
#8925 = EDGE_LOOP ( 'NONE', ( #243, #1656, #2005, #4000 ) ) ;
#8926 = VERTEX_POINT ( 'NONE', #6314 ) ;
#8927 = VERTEX_POINT ( 'NONE', #2548 ) ;
#8928 = ORIENTED_EDGE ( 'NONE', *, *, #1127, .F. ) ;
#8929 = CIRCLE ( 'NONE', #2119, 2.249999999999998224 ) ;
#8930 = DIRECTION ( 'NONE',  ( 1.000000000000000000, -1.734723475976807094E-15, 0.000000000000000000 ) ) ;
#8931 = CARTESIAN_POINT ( 'NONE',  ( -7.920032505485367302, -25.64221295270856871, 0.000000000000000000 ) ) ;
#8932 = ORIENTED_EDGE ( 'NONE', *, *, #604, .T. ) ;
#8933 = VERTEX_POINT ( 'NONE', #1163 ) ;
#8934 = ORIENTED_EDGE ( 'NONE', *, *, #287, .F. ) ;
#8935 = AXIS2_PLACEMENT_3D ( 'NONE', #7119, #6458, #2975 ) ;
#8936 = CARTESIAN_POINT ( 'NONE',  ( 18.08868083885759859, -12.52196572068243086, 0.000000000000000000 ) ) ;
#8937 = CYLINDRICAL_SURFACE ( 'NONE', #5746, 2.249999999999998668 ) ;
#8938 = DIRECTION ( 'NONE',  ( -0.1442174361344421007, -0.6922436934453142232, 0.7071067811865460184 ) ) ;
#8939 = CARTESIAN_POINT ( 'NONE',  ( -17.51551992099565425, -18.86126141323214611, 8.000000000000000000 ) ) ;
#8940 = VECTOR ( 'NONE', #5513, 1000.000000000000000 ) ;
#8941 = ORIENTED_EDGE ( 'NONE', *, *, #1995, .T. ) ;
#8942 = AXIS2_PLACEMENT_3D ( 'NONE', #2408, #8825, #8217 ) ;
#8943 = DIRECTION ( 'NONE',  ( 0.000000000000000000, 0.000000000000000000, -1.000000000000000000 ) ) ;
#8944 = DIRECTION ( 'NONE',  ( 1.000000000000000000, 0.000000000000000000, 0.000000000000000000 ) ) ;
#8945 = DIRECTION ( 'NONE',  ( -1.000000000000000000, 0.000000000000000000, 0.000000000000000000 ) ) ;
#8946 = VECTOR ( 'NONE', #3146, 1000.000000000000114 ) ;
#8947 = DIRECTION ( 'NONE',  ( 1.000000000000000000, 0.000000000000000000, 0.000000000000000000 ) ) ;
#8948 = ORIENTED_EDGE ( 'NONE', *, *, #734, .F. ) ;
#8949 = VERTEX_POINT ( 'NONE', #8955 ) ;
#8950 = CARTESIAN_POINT ( 'NONE',  ( -19.87303449400720012, 2.249999999999992006, 3.999999999999999112 ) ) ;
#8951 = CIRCLE ( 'NONE', #4369, 1.500000000000003109 ) ;
#8952 = CARTESIAN_POINT ( 'NONE',  ( -19.87303449400720012, -2.250000000000009326, 3.999999999999999112 ) ) ;
#8953 = ADVANCED_FACE ( 'NONE', ( #6509 ), #8853, .T. ) ;
#8954 = CARTESIAN_POINT ( 'NONE',  ( 21.21762239271869532, -12.25000000000009948, 3.500000000000000444 ) ) ;
#8955 = CARTESIAN_POINT ( 'NONE',  ( 24.96273608120150556, -16.63916486306570874, 2.999999999999961808 ) ) ;
#8956 = CARTESIAN_POINT ( 'NONE',  ( 25.65693844375873667, 8.409608177149221930, 8.000000000000000000 ) ) ;
#8957 = VERTEX_POINT ( 'NONE', #2973 ) ;
#8958 = AXIS2_PLACEMENT_3D ( 'NONE', #6327, #1270, #6227 ) ;
#8959 = CARTESIAN_POINT ( 'NONE',  ( -24.55961359711024627, -7.251296291209023970, 3.000000000000000000 ) ) ;
#8960 = CIRCLE ( 'NONE', #7952, 1.999999999999998224 ) ;
#8961 = VERTEX_POINT ( 'NONE', #6362 ) ;
#8962 = VERTEX_POINT ( 'NONE', #9195 ) ;
#8963 = ADVANCED_FACE ( 'NONE', ( #778 ), #2030, .F. ) ;
#8964 = EDGE_CURVE ( 'NONE', #859, #5243, #3662, .T. ) ;
#8965 = CARTESIAN_POINT ( 'NONE',  ( -3.799999999999999378, -29.75836016987465271, 7.500000000000007105 ) ) ;
#8966 = VECTOR ( 'NONE', #8045, 1000.000000000000114 ) ;
#8967 = DIRECTION ( 'NONE',  ( -0.000000000000000000, -0.000000000000000000, -1.000000000000000000 ) ) ;
#8968 = AXIS2_PLACEMENT_3D ( 'NONE', #3375, #6352, #9185 ) ;
#8969 = VERTEX_POINT ( 'NONE', #3617 ) ;
#8970 = CONICAL_SURFACE ( 'NONE', #7059, 1.000000000000000888, 0.7853981633974426169 ) ;
#8971 = CARTESIAN_POINT ( 'NONE',  ( 11.16489744179652810, 16.59397383698070172, 2.210775963961928436 ) ) ;
#8972 = VERTEX_POINT ( 'NONE', #3720 ) ;
#8973 = DIRECTION ( 'NONE',  ( -1.000000000000000000, 0.000000000000000000, 0.000000000000000000 ) ) ;
#8974 = LINE ( 'NONE', #3215, #7820 ) ;
#8975 = ORIENTED_EDGE ( 'NONE', *, *, #6540, .F. ) ;
#8976 = ADVANCED_FACE ( 'NONE', ( #7910 ), #828, .F. ) ;
#8977 = ORIENTED_EDGE ( 'NONE', *, *, #2890, .F. ) ;
#8978 = LINE ( 'NONE', #6282, #750 ) ;
#8979 = DIRECTION ( 'NONE',  ( -0.000000000000000000, -0.000000000000000000, -1.000000000000000000 ) ) ;
#8980 = CIRCLE ( 'NONE', #2901, 1.500000000000008216 ) ;
#8981 = CARTESIAN_POINT ( 'NONE',  ( 19.89757398331583005, -2.022317349767750461, 3.002769245283041677 ) ) ;
#8982 = DIRECTION ( 'NONE',  ( 0.3535533905932740639, -0.6123724356957936932, 0.7071067811865481278 ) ) ;
#8983 = ORIENTED_EDGE ( 'NONE', *, *, #6110, .T. ) ;
#8984 = EDGE_LOOP ( 'NONE', ( #7566, #421 ) ) ;
#8985 = VECTOR ( 'NONE', #8775, 999.9999999999997726 ) ;
#8986 = ORIENTED_EDGE ( 'NONE', *, *, #1246, .F. ) ;
#8987 = ORIENTED_EDGE ( 'NONE', *, *, #4952, .F. ) ;
#8988 = FACE_OUTER_BOUND ( 'NONE', #3767, .T. ) ;
#8989 = CARTESIAN_POINT ( 'NONE',  ( 6.059010358723879719, 28.87106498681469802, 0.000000000000000000 ) ) ;
#8990 = CARTESIAN_POINT ( 'NONE',  ( -17.13906026768608015, -11.24733804687241978, 0.000000000000000000 ) ) ;
#8991 = CARTESIAN_POINT ( 'NONE',  ( 19.27495848730731964, -5.565425917863439764, 3.061999602804089005 ) ) ;
#8992 = LINE ( 'NONE', #1342, #8534 ) ;
#8993 = VECTOR ( 'NONE', #8422, 1000.000000000000114 ) ;
#8994 = CARTESIAN_POINT ( 'NONE',  ( -16.22852007099575999, 14.33475274656970555, 8.000000000000000000 ) ) ;
#8995 = ORIENTED_EDGE ( 'NONE', *, *, #5171, .F. ) ;
#8996 = AXIS2_PLACEMENT_3D ( 'NONE', #2277, #5112, #7869 ) ;
#8997 = EDGE_LOOP ( 'NONE', ( #2802, #8314, #659, #1961 ) ) ;
#8998 = ORIENTED_EDGE ( 'NONE', *, *, #5013, .F. ) ;
#8999 = CARTESIAN_POINT ( 'NONE',  ( 0.000000000000000000, 0.000000000000000000, 0.4999999999999970024 ) ) ;
#9000 = AXIS2_PLACEMENT_3D ( 'NONE', #2502, #1643, #3808 ) ;
#9001 = CARTESIAN_POINT ( 'NONE',  ( 17.36692017755639483, 9.703611881479215384, 0.000000000000000000 ) ) ;
#9002 = VECTOR ( 'NONE', #5595, 999.9999999999998863 ) ;
#9003 = DIRECTION ( 'NONE',  ( 0.000000000000000000, 0.000000000000000000, 1.000000000000000000 ) ) ;
#9004 = CARTESIAN_POINT ( 'NONE',  ( -4.664620037026828037, 29.72172213932843476, 7.509222381892503684 ) ) ;
#9005 = DIRECTION ( 'NONE',  ( 0.9789804197376047457, 0.2039542541120019370, -0.000000000000000000 ) ) ;
#9006 = DIRECTION ( 'NONE',  ( 0.000000000000000000, 0.000000000000000000, -1.000000000000000000 ) ) ;
#9007 = CARTESIAN_POINT ( 'NONE',  ( 0.000000000000000000, 0.000000000000000000, 8.000000000000000000 ) ) ;
#9008 = EDGE_CURVE ( 'NONE', #4926, #415, #1136, .T. ) ;
#9009 = VECTOR ( 'NONE', #8780, 1000.000000000000000 ) ;
#9010 = CARTESIAN_POINT ( 'NONE',  ( -25.19406861883199866, 5.248764295590000017, 0.4999999999999831246 ) ) ;
#9011 = CARTESIAN_POINT ( 'NONE',  ( 1.928571428571433488, -29.93794602581977671, 8.000000000000000000 ) ) ;
#9012 = CARTESIAN_POINT ( 'NONE',  ( -19.97547804287496120, 0.9994237264752797723, 6.021234318116980511 ) ) ;
#9013 = AXIS2_PLACEMENT_3D ( 'NONE', #7781, #3438, #9163 ) ;
#9015 = CIRCLE ( 'NONE', #403, 2.999999999999999112 ) ;
#9014 = DIRECTION ( 'NONE',  ( -0.9848077530122085754, -0.1736481776669278609, 2.277825504632329384E-16 ) ) ;
#9016 = FACE_OUTER_BOUND ( 'NONE', #4491, .T. ) ;
#9017 = ORIENTED_EDGE ( 'NONE', *, *, #4284, .F. ) ;
#9018 = ORIENTED_EDGE ( 'NONE', *, *, #896, .T. ) ;
#9019 = ADVANCED_FACE ( 'NONE', ( #4368 ), #5625, .F. ) ;
#9020 = EDGE_CURVE ( 'NONE', #8017, #2909, #2140, .T. ) ;
#9021 = EDGE_CURVE ( 'NONE', #9058, #373, #4110, .T. ) ;
#9022 = PLANE ( 'NONE',  #7701 ) ;
#9023 = CONICAL_SURFACE ( 'NONE', #4290, 30.00000000000000000, 0.7853981633974517207 ) ;
#9024 = LINE ( 'NONE', #7693, #2791 ) ;
#9025 = LINE ( 'NONE', #4671, #515 ) ;
#9026 = ORIENTED_EDGE ( 'NONE', *, *, #1805, .T. ) ;
#9027 = ORIENTED_EDGE ( 'NONE', *, *, #5273, .F. ) ;
#9028 = ORIENTED_EDGE ( 'NONE', *, *, #5866, .F. ) ;
#9029 = DIRECTION ( 'NONE',  ( 1.000000000000000000, 0.000000000000000000, 0.000000000000000000 ) ) ;
#9030 = VERTEX_POINT ( 'NONE', #7962 ) ;
#9031 = DIRECTION ( 'NONE',  ( -0.000000000000000000, 0.000000000000000000, 1.000000000000000000 ) ) ;
#9032 = EDGE_CURVE ( 'NONE', #5459, #5193, #4974, .T. ) ;
#9033 = DIRECTION ( 'NONE',  ( -0.000000000000000000, -0.000000000000000000, -1.000000000000000000 ) ) ;
#9034 = ORIENTED_EDGE ( 'NONE', *, *, #5796, .F. ) ;
#9035 = VERTEX_POINT ( 'NONE', #4276 ) ;
#9036 = CARTESIAN_POINT ( 'NONE',  ( 19.34410915545081622, -5.079905607587989813, 2.999999999999961808 ) ) ;
#9037 = CARTESIAN_POINT ( 'NONE',  ( -8.394932025663516484, -25.48578263040962710, 0.4999999999999831246 ) ) ;
#9038 = DIRECTION ( 'NONE',  ( 0.000000000000000000, 0.000000000000000000, -1.000000000000000000 ) ) ;
#9039 = AXIS2_PLACEMENT_3D ( 'NONE', #4560, #6508, #777 ) ;
#9040 = CYLINDRICAL_SURFACE ( 'NONE', #5405, 3.800000000000001155 ) ;
#9041 = CARTESIAN_POINT ( 'NONE',  ( -6.487131141858833772, 29.91036595563832989, 7.999999999999994671 ) ) ;
#9042 = ORIENTED_EDGE ( 'NONE', *, *, #5013, .T. ) ;
#9043 = ORIENTED_EDGE ( 'NONE', *, *, #4274, .F. ) ;
#9044 = DIRECTION ( 'NONE',  ( 0.000000000000000000, 0.000000000000000000, 1.000000000000000000 ) ) ;
#9045 = CARTESIAN_POINT ( 'NONE',  ( -19.99998792042823226, -0.2945865322487953852, 1.750107373978374348 ) ) ;
#9046 = CARTESIAN_POINT ( 'NONE',  ( -11.79194732619760444, -16.15404590582118161, 3.275029361239810033 ) ) ;
#9047 = CARTESIAN_POINT ( 'NONE',  ( -5.401585138470632153, 29.88664944743394969, 7.518980379605873843 ) ) ;
#9048 = CARTESIAN_POINT ( 'NONE',  ( -23.99999999999999289, -3.780293665983592177, 7.500000000000009770 ) ) ;
#9049 = CARTESIAN_POINT ( 'NONE',  ( 26.26880120609473934, 5.472666917936406250, -0.0009999999999992653654 ) ) ;
#9050 = DIRECTION ( 'NONE',  ( 0.000000000000000000, 0.000000000000000000, -1.000000000000000000 ) ) ;
#9051 = ORIENTED_EDGE ( 'NONE', *, *, #4335, .F. ) ;
#9052 = CYLINDRICAL_SURFACE ( 'NONE', #6748, 3.800000000000001155 ) ;
#9053 = ORIENTED_EDGE ( 'NONE', *, *, #6538, .T. ) ;
#9054 = CIRCLE ( 'NONE', #5073, 1.300000000000006040 ) ;
#9055 = PLANE ( 'NONE',  #5535 ) ;
#9056 = DIRECTION ( 'NONE',  ( 1.000000000000000000, 0.000000000000000000, 0.000000000000000000 ) ) ;
#9057 = FACE_OUTER_BOUND ( 'NONE', #7049, .T. ) ;
#9058 = VERTEX_POINT ( 'NONE', #8454 ) ;
#9059 = DIRECTION ( 'NONE',  ( 0.000000000000000000, 0.000000000000000000, 1.000000000000000000 ) ) ;
#9060 = LINE ( 'NONE', #5539, #9190 ) ;
#9061 = ORIENTED_EDGE ( 'NONE', *, *, #1183, .T. ) ;
#9062 = VERTEX_POINT ( 'NONE', #92 ) ;
#9063 = EDGE_CURVE ( 'NONE', #2478, #8926, #5762, .T. ) ;
#9064 = CARTESIAN_POINT ( 'NONE',  ( -23.36679327408270268, -7.717321694993468206, 3.000000000000000000 ) ) ;
#9065 = EDGE_LOOP ( 'NONE', ( #8104, #946, #3556, #5282, #276, #2738, #1847, #3864, #5690 ) ) ;
#9066 = EDGE_CURVE ( 'NONE', #6016, #7042, #9145, .T. ) ;
#9067 = CARTESIAN_POINT ( 'NONE',  ( 19.87303449400720012, -2.249999999999992006, 3.999999999999999112 ) ) ;
#9068 = CYLINDRICAL_SURFACE ( 'NONE', #3810, 1.500000000000003109 ) ;
#9069 = CARTESIAN_POINT ( 'NONE',  ( -16.47852007099605132, -13.90174004467715108, 3.500000000000000444 ) ) ;
#9070 = FACE_OUTER_BOUND ( 'NONE', #2256, .T. ) ;
#9071 = ORIENTED_EDGE ( 'NONE', *, *, #6426, .T. ) ;
#9072 = VERTEX_POINT ( 'NONE', #688 ) ;
#9073 = DIRECTION ( 'NONE',  ( 1.000000000000000000, 0.000000000000000000, 0.000000000000000000 ) ) ;
#9074 = CONICAL_SURFACE ( 'NONE', #3897, 2.500000000000009326, 0.7853981633974548293 ) ;
#9075 = EDGE_CURVE ( 'NONE', #6698, #7823, #6778, .T. ) ;
#9076 = LINE ( 'NONE', #7052, #8470 ) ;
#9077 = EDGE_CURVE ( 'NONE', #5713, #5354, #1575, .T. ) ;
#9078 = CARTESIAN_POINT ( 'NONE',  ( -32.98010520917516430, 37.12321786125893652, 42.79759436326605737 ) ) ;
#9079 = EDGE_CURVE ( 'NONE', #2357, #4243, #3368, .T. ) ;
#9080 = DIRECTION ( 'NONE',  ( 1.000000000000000000, 0.000000000000000000, 0.000000000000000000 ) ) ;
#9081 = DIRECTION ( 'NONE',  ( -4.588859039144119206E-16, 1.000000000000000000, 0.000000000000000000 ) ) ;
#9082 = FACE_OUTER_BOUND ( 'NONE', #8495, .T. ) ;
#9083 = ORIENTED_EDGE ( 'NONE', *, *, #4952, .T. ) ;
#9084 = AXIS2_PLACEMENT_3D ( 'NONE', #8921, #7935, #1571 ) ;
#9085 = ORIENTED_EDGE ( 'NONE', *, *, #656, .T. ) ;
#9086 = CONICAL_SURFACE ( 'NONE', #6268, 29.50000000000000355, 0.7853981633974517207 ) ;
#9087 = ORIENTED_EDGE ( 'NONE', *, *, #1436, .T. ) ;
#9088 = FACE_OUTER_BOUND ( 'NONE', #3098, .T. ) ;
#9089 = EDGE_CURVE ( 'NONE', #2856, #3644, #2619, .T. ) ;
#9090 = CARTESIAN_POINT ( 'NONE',  ( -19.90470978247192591, 1.951722987508267559, 2.870952745790310345 ) ) ;
#9091 = LINE ( 'NONE', #7007, #3247 ) ;
#9092 = CARTESIAN_POINT ( 'NONE',  ( -5.571447659439864530, 29.95332766133202895, 7.521200549691650750 ) ) ;
#9093 = CIRCLE ( 'NONE', #1694, 3.499999999999999556 ) ;
#9094 = AXIS2_PLACEMENT_3D ( 'NONE', #7707, #4869, #6296 ) ;
#9095 = CARTESIAN_POINT ( 'NONE',  ( -14.17333179731772574, 34.53873239651951366, -2.017426793364849757 ) ) ;
#9096 = CARTESIAN_POINT ( 'NONE',  ( -14.07138188272340074, 14.21253713840578392, 3.500000000000000444 ) ) ;
#9097 = DIRECTION ( 'NONE',  ( 1.000000000000000000, 0.000000000000000000, 0.000000000000000000 ) ) ;
#9098 = FACE_OUTER_BOUND ( 'NONE', #8079, .T. ) ;
#9099 = AXIS2_PLACEMENT_3D ( 'NONE', #851, #4396, #3699 ) ;
#9100 = CIRCLE ( 'NONE', #5117, 0.8999999999999910294 ) ;
#9101 = DIRECTION ( 'NONE',  ( -1.000000000000000000, 0.000000000000000000, 0.000000000000000000 ) ) ;
#9102 = LINE ( 'NONE', #5635, #7261 ) ;
#9103 = CARTESIAN_POINT ( 'NONE',  ( 3.300000000000011813, -21.92623998774071481, 0.000000000000000000 ) ) ;
#9104 = DIRECTION ( 'NONE',  ( 1.000000000000000000, 0.000000000000000000, 0.000000000000000000 ) ) ;
#9105 = DIRECTION ( 'NONE',  ( 0.1729873939250869408, -0.9810602621904072063, -0.08715574274766206553 ) ) ;
#9106 = AXIS2_PLACEMENT_3D ( 'NONE', #7025, #5593, #650 ) ;
#9107 = LINE ( 'NONE', #5591, #2150 ) ;
#9108 = AXIS2_PLACEMENT_3D ( 'NONE', #5558, #6252, #4020 ) ;
#9109 = CARTESIAN_POINT ( 'NONE',  ( 9.745091772952395814, 17.46579208834905828, 6.235604263866443731 ) ) ;
#9110 = ORIENTED_EDGE ( 'NONE', *, *, #6416, .T. ) ;
#9111 = CARTESIAN_POINT ( 'NONE',  ( 17.71320343559646204, 16.57757573283802799, 0.3000000000000112022 ) ) ;
#9112 = FACE_OUTER_BOUND ( 'NONE', #7145, .T. ) ;
#9113 = EDGE_CURVE ( 'NONE', #5193, #8192, #3854, .T. ) ;
#9114 = DIRECTION ( 'NONE',  ( -0.000000000000000000, -0.000000000000000000, -1.000000000000000000 ) ) ;
#9115 = DIRECTION ( 'NONE',  ( 1.000000000000000000, 0.000000000000000000, 0.000000000000000000 ) ) ;
#9116 = VERTEX_POINT ( 'NONE', #1777 ) ;
#9117 = ORIENTED_EDGE ( 'NONE', *, *, #3757, .F. ) ;
#9118 = FACE_OUTER_BOUND ( 'NONE', #6298, .T. ) ;
#9119 = LINE ( 'NONE', #8621, #4531 ) ;
#9120 = DIRECTION ( 'NONE',  ( -0.7071067811865464625, 0.000000000000000000, -0.7071067811865486830 ) ) ;
#9121 = AXIS2_PLACEMENT_3D ( 'NONE', #5095, #2355, #4348 ) ;
#9122 = DIRECTION ( 'NONE',  ( 0.000000000000000000, 0.000000000000000000, -1.000000000000000000 ) ) ;
#9123 = ORIENTED_EDGE ( 'NONE', *, *, #7111, .T. ) ;
#9124 = EDGE_CURVE ( 'NONE', #1811, #8192, #1295, .T. ) ;
#9125 = DIRECTION ( 'NONE',  ( -0.6661197751396954470, -0.7458447862443241538, 0.000000000000000000 ) ) ;
#9126 = ORIENTED_EDGE ( 'NONE', *, *, #5782, .T. ) ;
#9127 = CARTESIAN_POINT ( 'NONE',  ( 16.02383034850715404, 20.19350096351142554, 7.500000000000007105 ) ) ;
#9128 = ORIENTED_EDGE ( 'NONE', *, *, #2287, .T. ) ;
#9129 = ORIENTED_EDGE ( 'NONE', *, *, #4326, .T. ) ;
#9130 = CIRCLE ( 'NONE', #7372, 0.4000000000000010214 ) ;
#9131 = DIRECTION ( 'NONE',  ( 1.000000000000000000, 0.000000000000000000, 0.000000000000000000 ) ) ;
#9132 = VERTEX_POINT ( 'NONE', #4605 ) ;
#9133 = DIRECTION ( 'NONE',  ( 1.000000000000000000, 0.000000000000000000, 0.000000000000000000 ) ) ;
#9134 = LINE ( 'NONE', #3417, #1861 ) ;
#9135 = FACE_OUTER_BOUND ( 'NONE', #6054, .T. ) ;
#9136 = VERTEX_POINT ( 'NONE', #6680 ) ;
#9137 = CARTESIAN_POINT ( 'NONE',  ( -4.171114959413603884, 29.75851803429290499, 0.5025916182674546873 ) ) ;
#9138 = VECTOR ( 'NONE', #3312, 1000.000000000000000 ) ;
#9139 = EDGE_CURVE ( 'NONE', #7837, #1122, #6489, .T. ) ;
#9140 = EDGE_CURVE ( 'NONE', #1419, #5355, #8747, .T. ) ;
#9141 = ORIENTED_EDGE ( 'NONE', *, *, #5339, .T. ) ;
#9142 = DIRECTION ( 'NONE',  ( 1.000000000000000000, 1.387778780781439562E-15, 0.000000000000000000 ) ) ;
#9143 = DIRECTION ( 'NONE',  ( 0.000000000000000000, 0.000000000000000000, -1.000000000000000000 ) ) ;
#9144 = CARTESIAN_POINT ( 'NONE',  ( -21.21762239271860651, 12.25000000000024691, 7.500000000000007105 ) ) ;
#9145 = LINE ( 'NONE', #5025, #3210 ) ;
#9146 = VECTOR ( 'NONE', #6931, 1000.000000000000000 ) ;
#9147 = AXIS2_PLACEMENT_3D ( 'NONE', #8060, #1689, #4522 ) ;
#9148 = CARTESIAN_POINT ( 'NONE',  ( 0.000000000000000000, 0.000000000000000000, 7.500000000000007105 ) ) ;
#9149 = CARTESIAN_POINT ( 'NONE',  ( -25.50000000000000000, -3.780293665983593066, 0.4999999999999831246 ) ) ;
#9150 = VERTEX_POINT ( 'NONE', #8179 ) ;
#9151 = DIRECTION ( 'NONE',  ( 0.6661197751396954470, 0.7458447862443241538, 0.000000000000000000 ) ) ;
#9152 = CARTESIAN_POINT ( 'NONE',  ( -23.82600492594736963, 21.26785107312752743, 0.4999999999999831246 ) ) ;
#9153 = AXIS2_PLACEMENT_3D ( 'NONE', #8690, #2922, #1678 ) ;
#9154 = DIRECTION ( 'NONE',  ( 0.5273919060659936209, -0.4710178100837373316, 0.7071067811865465735 ) ) ;
#9155 = CARTESIAN_POINT ( 'NONE',  ( -27.00642512833165299, 33.67157779129678374, -17.72760725656574365 ) ) ;
#9156 = FACE_OUTER_BOUND ( 'NONE', #7678, .T. ) ;
#9157 = CARTESIAN_POINT ( 'NONE',  ( 9.476169651492748258, 23.97379462949500351, 7.500000000000007105 ) ) ;
#9158 = DIRECTION ( 'NONE',  ( 0.9497990403563223438, -0.3128606445978930894, 0.000000000000000000 ) ) ;
#9159 = DIRECTION ( 'NONE',  ( 0.000000000000000000, 0.000000000000000000, -1.000000000000000000 ) ) ;
#9160 = AXIS2_PLACEMENT_3D ( 'NONE', #2312, #3701, #5143 ) ;
#9161 = CARTESIAN_POINT ( 'NONE',  ( 7.987960088488564203, 18.33555272209468257, 4.297508658907939427 ) ) ;
#9162 = CARTESIAN_POINT ( 'NONE',  ( 15.47852007099596072, 15.63379085224614684, 7.500000000000007105 ) ) ;
#9163 = DIRECTION ( 'NONE',  ( 1.000000000000000000, 0.000000000000000000, 0.000000000000000000 ) ) ;
#9164 = DIRECTION ( 'NONE',  ( 0.000000000000000000, 0.000000000000000000, 1.000000000000000000 ) ) ;
#9165 = ORIENTED_EDGE ( 'NONE', *, *, #272, .T. ) ;
#9166 = VECTOR ( 'NONE', #2795, 1000.000000000000000 ) ;
#9167 = ORIENTED_EDGE ( 'NONE', *, *, #8813, .F. ) ;
#9168 = AXIS2_PLACEMENT_3D ( 'NONE', #7734, #6142, #4186 ) ;
#9169 = VERTEX_POINT ( 'NONE', #2371 ) ;
#9170 = FACE_OUTER_BOUND ( 'NONE', #98, .T. ) ;
#9171 = LINE ( 'NONE', #8434, #7186 ) ;
#9172 = DIRECTION ( 'NONE',  ( 0.000000000000000000, 0.000000000000000000, 1.000000000000000000 ) ) ;
#9173 = DIRECTION ( 'NONE',  ( 1.000000000000000000, 0.000000000000000000, 0.000000000000000000 ) ) ;
#9174 = ADVANCED_FACE ( 'NONE', ( #309 ), #2461, .F. ) ;
#9175 = CARTESIAN_POINT ( 'NONE',  ( -30.08119558807442928, 28.07438566655896750, -18.16314593833187274 ) ) ;
#9176 = FACE_OUTER_BOUND ( 'NONE', #8617, .T. ) ;
#9177 = ORIENTED_EDGE ( 'NONE', *, *, #1507, .T. ) ;
#9178 = DIRECTION ( 'NONE',  ( -0.000000000000000000, -0.000000000000000000, 1.000000000000000000 ) ) ;
#9179 = ORIENTED_EDGE ( 'NONE', *, *, #126, .F. ) ;
#9180 = ORIENTED_EDGE ( 'NONE', *, *, #8867, .F. ) ;
#9181 = CIRCLE ( 'NONE', #8893, 3.499999999999999556 ) ;
#9182 = CARTESIAN_POINT ( 'NONE',  ( 28.50770938195415383, -9.344009085721356911, 8.000000000000000000 ) ) ;
#9183 = DIRECTION ( 'NONE',  ( 0.000000000000000000, 0.000000000000000000, -1.000000000000000000 ) ) ;
#9184 = ADVANCED_FACE ( 'NONE', ( #5293 ), #7485, .F. ) ;
#9185 = DIRECTION ( 'NONE',  ( -1.000000000000000000, 0.000000000000000000, 0.000000000000000000 ) ) ;
#9186 = DIRECTION ( 'NONE',  ( 0.6839175379916021535, -0.1796017851456510883, 0.7071067811865480168 ) ) ;
#9187 = DIRECTION ( 'NONE',  ( -0.6661197751396954470, -0.7458447862443241538, 0.000000000000000000 ) ) ;
#9188 = CARTESIAN_POINT ( 'NONE',  ( -4.315696079139038410, 29.76984960610881359, 0.5033159689510824375 ) ) ;
#9189 = EDGE_LOOP ( 'NONE', ( #3441, #7843, #4719, #7597 ) ) ;
#9190 = VECTOR ( 'NONE', #8381, 1000.000000000000000 ) ;
#9191 = ORIENTED_EDGE ( 'NONE', *, *, #170, .T. ) ;
#9192 = DIRECTION ( 'NONE',  ( -0.000000000000000000, -0.000000000000000000, 1.000000000000000000 ) ) ;
#9193 = LINE ( 'NONE', #90, #691 ) ;
#9194 = CARTESIAN_POINT ( 'NONE',  ( -11.87316350660960751, -16.09437255571052461, 3.703869528544305734 ) ) ;
#9195 = CARTESIAN_POINT ( 'NONE',  ( -21.97357053353079337, -19.68278938585554627, 0.000000000000000000 ) ) ;
#9196 = CARTESIAN_POINT ( 'NONE',  ( 0.000000000000000000, 0.000000000000000000, 0.000000000000000000 ) ) ;
ENDSEC;
END-ISO-10303-21;
